Date,County,Year,Month,MonthName,HomesSold,Inventory,NewListings,PendingSales,MonthsOfSupply,MedianDOM,PriceDropShare,SoldAboveListShare,SaleToListRatio,MedianSalePrice,MedianListPrice,MedianPPSF
2019-01-01,Adams,2019,1,Jan,10,49.0,12.0,10.0,4.9,93.0,,0.3,0.9944122454,244250.0,182450.0,116.796828067
2019-01-01,Asotin,2019,1,Jan,15,68.0,15.0,15.0,4.5,85.0,,0.06666666667,0.9892999399,201500.0,189900.0,170.256914042
2019-01-01,Benton,2019,1,Jan,202,822.0,218.0,194.0,4.1,92.0,,0.202970297,0.9899392729,295750.0,299900.0,147.578463203
2019-01-01,Chelan,2019,1,Jan,41,202.0,57.0,72.0,4.9,41.0,0.1138613861,0.1707317073,0.9883648839,367000.0,349000.0,195.800524934
2019-01-01,Clallam,2019,1,Jan,63,256.0,53.0,63.0,4.1,77.0,,0.1904761905,0.9847128602,308000.0,292000.0,186.207839432
2019-01-01,Clark,2019,1,Jan,497,1583.0,687.0,653.0,3.2,53.0,0.2406822489,0.2052313883,0.9885689421,358950.0,379947.5,191.42729462
2019-01-01,Columbia,2019,1,Jan,2,32.0,5.0,2.0,16.0,163.0,,0.0,0.8984412188,221550.0,135000.0,122.726805971
2019-01-01,Cowlitz,2019,1,Jan,82,249.0,118.0,129.0,3.0,41.0,0.2449799197,0.3292682927,0.9942196733,230750.0,286950.0,167.763157895
2019-01-01,Douglas,2019,1,Jan,22,78.0,28.0,29.0,3.5,36.0,0.1538461538,0.3181818182,1.016587712,343950.0,444900.0,187.6527729
2019-01-01,Ferry,2019,1,Jan,4,58.0,10.0,4.0,14.5,105.0,,0.0,0.9536316164,146000.0,191000.0,114.776785714
2019-01-01,Franklin,2019,1,Jan,84,346.0,114.0,81.0,4.1,92.0,,0.2619047619,0.99303662,274000.0,269350.0,153.957901834
2019-01-01,Grant,2019,1,Jan,52,216.0,60.0,63.0,4.2,41.0,0.1203703704,0.1730769231,0.979291805,208450.0,234975.0,127.121238426
2019-01-01,Grays Harbor,2019,1,Jan,94,287.0,91.0,111.0,3.1,52.0,0.1742160279,0.1489361702,0.979854872,184575.0,199900.0,118.286445013
2019-01-01,Island,2019,1,Jan,81,260.0,112.0,129.0,3.2,72.0,0.2807692308,0.1481481481,0.9871243758,357000.0,366500.0,194.218608853
2019-01-01,Jefferson,2019,1,Jan,24,99.0,43.0,48.0,4.1,99.0,0.1313131313,0.1666666667,0.9728855,435000.0,425000.0,228.947368421
2019-01-01,King,2019,1,Jan,1642,3857.0,2317.0,2338.0,2.3,50.0,0.2911589318,0.1747868453,0.9826273826,580000.0,648444.0,321.261682243
2019-01-01,Kitsap,2019,1,Jan,264,519.0,299.0,340.0,2.0,36.0,0.1888246628,0.2803030303,0.987468002,342500.0,375000.0,191.228661276
2019-01-01,Kittitas,2019,1,Jan,41,148.0,35.0,52.0,3.6,62.0,0.1283783784,0.1951219512,0.9949653492,308000.0,365000.0,204.221002059
2019-01-01,Klickitat,2019,1,Jan,12,59.0,14.0,15.0,4.9,41.0,0.1016949153,0.0,0.9477219641,306875.5,235000.0,146.38664425
2019-01-01,Lewis,2019,1,Jan,56,210.0,82.0,100.0,3.8,53.0,0.2619047619,0.2321428571,0.9852659744,236000.0,249999.0,151.795246311
2019-01-01,Lincoln,2019,1,Jan,10,48.0,7.0,10.0,4.8,99.0,,0.1,0.9766235453,142199.5,99900.0,80.508474576
2019-01-01,Mason,2019,1,Jan,52,181.0,80.0,86.0,3.5,53.0,0.226519337,0.1538461538,0.990516775,262000.0,264997.5,165.247583355
2019-01-01,Okanogan,2019,1,Jan,30,155.0,27.0,26.0,5.2,87.0,0.1032258065,0.1666666667,0.9555118867,182550.0,239900.0,98.71031746
2019-01-01,Pacific,2019,1,Jan,28,168.0,33.0,31.0,6.0,110.0,0.119047619,0.07142857143,0.8491081937,181365.0,229000.0,121.229616834
2019-01-01,Pend Oreille,2019,1,Jan,10,56.0,9.0,15.0,5.6,84.0,0.03571428571,0.2,0.9712716265,165000.0,319900.0,121.123321123
2019-01-01,Pierce,2019,1,Jan,878,1875.0,1155.0,1320.0,2.1,37.0,0.2624,0.3428246014,0.995483212,339950.0,365000.0,190.4296875
2019-01-01,San Juan,2019,1,Jan,15,133.0,26.0,22.0,8.9,151.0,0.1353383459,0.0,0.9526706481,615000.0,462000.0,286.36884307
2019-01-01,Skagit,2019,1,Jan,103,304.0,110.0,153.0,3.0,44.0,0.3256578947,0.2718446602,0.990556569,349500.0,377000.0,208.540218471
2019-01-01,Skamania,2019,1,Jan,4,33.0,8.0,7.0,8.3,18.0,0.1818181818,0.5,0.949940525,422604.5,404500.0,289.288695589
2019-01-01,Snohomish,2019,1,Jan,695,1467.0,951.0,1108.0,2.1,44.0,0.3258350375,0.2071942446,0.9880574787,440000.0,481000.0,247.142857143
2019-01-01,Spokane,2019,1,Jan,437,1104.0,495.0,604.0,2.5,55.0,0.1313405797,0.3089244851,0.992684824,246829.0,262500.0,121.435390676
2019-01-01,Stevens,2019,1,Jan,19,163.0,34.0,23.0,8.6,62.0,0.0736196319,0.0,0.9520791194,260000.0,167000.0,106.333333333
2019-01-01,Thurston,2019,1,Jan,263,516.0,322.0,423.0,2.0,33.0,0.2403100775,0.3422053232,0.991906344,317500.0,320557.5,171.840354767
2019-01-01,Wahkiakum,2019,1,Jan,2,15.0,1.0,5.0,7.5,25.0,0.4,0.0,1.0,229050.0,271500.0,118.780978411
2019-01-01,Walla Walla,2019,1,Jan,45,244.0,56.0,45.0,5.4,74.0,,0.2222222222,0.9749513139,235000.0,237450.0,136.842105263
2019-01-01,Whatcom,2019,1,Jan,174,510.0,230.0,249.0,2.9,42.0,0.1980392157,0.2471264368,0.9839436533,391942.5,399900.0,228.933871299
2019-01-01,Whitman,2019,1,Jan,16,130.0,39.0,15.0,8.1,69.0,,0.125,0.9741579081,244950.0,299500.0,132.553464854
2019-01-01,Yakima,2019,1,Jan,94,479.0,131.0,91.0,5.1,78.0,,0.3191489362,0.9832043767,233000.0,239990.0,131.341890315
2019-02-01,Adams,2019,2,Feb,7,49.0,9.0,7.0,7.0,115.0,,0.0,0.9919478548,225000.0,170000.0,150.0
2019-02-01,Asotin,2019,2,Feb,14,76.0,20.0,14.0,5.4,95.0,,0.3571428571,0.9712346726,189000.0,189700.0,157.287259284
2019-02-01,Benton,2019,2,Feb,192,776.0,167.0,192.0,4.0,97.0,,0.25,0.9922559339,302450.0,316400.0,151.564236916
2019-02-01,Chelan,2019,2,Feb,47,179.0,51.0,69.0,3.8,58.0,0.08938547486,0.1914893617,0.9820449823,350000.0,384000.0,172.35705471
2019-02-01,Clallam,2019,2,Feb,62,252.0,53.0,62.0,4.1,94.0,,0.2258064516,0.9670339705,258500.0,359950.0,179.781420765
2019-02-01,Clark,2019,2,Feb,536,1549.0,664.0,672.0,2.9,47.0,0.1704325371,0.2555970149,0.9927052044,359000.0,384950.0,190.225777548
2019-02-01,Columbia,2019,2,Feb,2,29.0,,2.0,14.5,118.0,,0.5,1.032307283,168500.0,,109.727543996
2019-02-01,Cowlitz,2019,2,Feb,89,221.0,102.0,152.0,2.5,53.0,0.1900452489,0.2921348315,0.9883090366,295750.0,279450.0,156.7899356
2019-02-01,Douglas,2019,2,Feb,31,71.0,28.0,35.0,2.3,96.0,0.1690140845,0.1935483871,1.018461957,344000.0,334450.0,196.022408964
2019-02-01,Ferry,2019,2,Feb,4,58.0,7.0,4.0,14.5,96.0,0.01724137931,0.0,0.9347415966,202200.0,325000.0,105.98385989
2019-02-01,Franklin,2019,2,Feb,75,340.0,78.0,74.0,4.5,69.0,,0.2933333333,1.000662172,275000.0,263700.0,151.349431818
2019-02-01,Garfield,2019,2,Feb,1,8.0,,1.0,8.0,331.0,,0.0,0.9030100334,270000.0,,194.664744052
2019-02-01,Grant,2019,2,Feb,50,216.0,70.0,68.0,4.3,72.0,0.1018518519,0.28,0.9810233772,196600.0,207500.0,122.937747071
2019-02-01,Grays Harbor,2019,2,Feb,83,271.0,102.0,137.0,3.3,88.0,0.1291512915,0.1686746988,0.9710811151,194671.0,205250.0,130.37037037
2019-02-01,Island,2019,2,Feb,88,257.0,116.0,130.0,2.9,43.0,0.1789883268,0.1818181818,0.9875832134,355000.0,360000.0,207.349785408
2019-02-01,Jefferson,2019,2,Feb,29,86.0,27.0,40.0,3.0,40.0,0.1511627907,0.3103448276,0.9596523471,381281.0,465000.0,206.765468474
2019-02-01,King,2019,2,Feb,1986,3910.0,2234.0,2171.0,2.0,40.0,0.1953964194,0.2341389728,0.9895962796,600000.0,650000.0,346.153846154
2019-02-01,Kitsap,2019,2,Feb,235,488.0,247.0,287.0,2.1,47.0,0.1823770492,0.3106382979,0.9945550492,359929.0,384950.0,202.985074627
2019-02-01,Kittitas,2019,2,Feb,45,145.0,49.0,56.0,3.2,109.0,0.1379310345,0.08888888889,0.9751489594,324500.0,349999.0,219.298245614
2019-02-01,Klickitat,2019,2,Feb,14,54.0,12.0,14.0,3.9,39.0,0.03703703704,0.2142857143,0.9577671379,196500.0,355600.0,139.239121094
2019-02-01,Lewis,2019,2,Feb,69,199.0,63.0,77.0,2.9,63.0,0.1256281407,0.2898550725,0.9801087424,265000.0,265000.0,145.416666667
2019-02-01,Lincoln,2019,2,Feb,10,44.0,8.0,10.0,4.4,116.0,,0.3,0.9866351803,90000.0,192111.0,89.080042586
2019-02-01,Mason,2019,2,Feb,56,161.0,50.0,72.0,2.9,39.0,0.1118012422,0.25,0.9891064497,259750.0,255997.5,170.242895545
2019-02-01,Okanogan,2019,2,Feb,20,156.0,33.0,20.0,7.8,122.0,0.04487179487,0.2,0.977717117,138769.5,267450.0,98.800668859
2019-02-01,Pacific,2019,2,Feb,22,161.0,31.0,31.0,7.3,142.0,0.1366459627,0.04545454545,0.8656475779,164078.5,224950.0,148.539746544
2019-02-01,Pend Oreille,2019,2,Feb,4,56.0,11.0,12.0,14.0,84.0,0.07142857143,0.25,1.029464286,146500.0,255000.0,81.338492921
2019-02-01,Pierce,2019,2,Feb,992,1698.0,992.0,1242.0,1.7,31.0,0.1637220259,0.3941532258,0.9992026633,359725.0,375000.0,196.306283171
2019-02-01,San Juan,2019,2,Feb,13,131.0,14.0,16.0,10.1,139.0,0.04580152672,0.1538461538,0.9687446833,407500.0,807500.0,313.220599539
2019-02-01,Skagit,2019,2,Feb,119,295.0,121.0,124.0,2.5,52.0,0.1118644068,0.2773109244,0.9778364909,330000.0,399990.0,207.852193995
2019-02-01,Skamania,2019,2,Feb,6,38.0,10.0,9.0,6.3,126.0,0.02631578947,0.0,0.9552069614,477500.0,399450.0,250.401852755
2019-02-01,Snohomish,2019,2,Feb,888,1398.0,847.0,911.0,1.6,38.0,0.1752503577,0.2556306306,0.995290499,465000.0,489995.0,253.159589187
2019-02-01,Spokane,2019,2,Feb,442,1049.0,460.0,547.0,2.4,48.0,0.105815062,0.334841629,0.9941957872,243809.5,259974.5,126.885406464
2019-02-01,Stevens,2019,2,Feb,27,148.0,20.0,29.0,5.5,61.0,0.06081081081,0.2592592593,0.9722766682,261450.0,222000.0,120.136518771
2019-02-01,Thurston,2019,2,Feb,311,487.0,325.0,371.0,1.6,33.0,0.1540041068,0.3215434084,0.9940048776,313916.0,330000.0,175.824175824
2019-02-01,Wahkiakum,2019,2,Feb,4,16.0,6.0,7.0,4.0,140.0,0.1875,0.0,0.9326743238,242000.0,277450.0,80.275766871
2019-02-01,Walla Walla,2019,2,Feb,40,227.0,35.0,40.0,5.7,96.0,,0.3,1.006619576,279250.0,297252.0,150.364946972
2019-02-01,Whatcom,2019,2,Feb,197,486.0,207.0,256.0,2.5,48.0,0.1378600823,0.1624365482,0.9883822215,390000.0,389450.0,237.7593361
2019-02-01,Whitman,2019,2,Feb,20,146.0,40.0,21.0,7.3,118.0,,0.15,0.9788932397,287500.0,283500.0,137.70260223
2019-02-01,Yakima,2019,2,Feb,113,460.0,102.0,112.0,4.1,82.0,,0.2920353982,0.9876780274,222510.0,239950.0,132.188498403
2019-03-01,Adams,2019,3,Mar,16,41.0,8.0,16.0,2.6,160.0,,0.0,0.9515834163,209450.0,200750.0,105.413252849
2019-03-01,Asotin,2019,3,Mar,21,80.0,24.0,21.0,3.8,89.0,,0.09523809524,0.9741639618,184200.0,189450.0,174.069627851
2019-03-01,Benton,2019,3,Mar,206,792.0,246.0,205.0,3.8,77.0,,0.2087378641,0.9946927798,297200.0,303332.0,152.725244583
2019-03-01,Chelan,2019,3,Mar,58,168.0,82.0,95.0,2.9,37.0,0.130952381,0.2068965517,0.9862931749,307792.0,379900.0,182.102973157
2019-03-01,Clallam,2019,3,Mar,75,271.0,87.0,75.0,3.6,109.0,,0.12,0.9799887863,299000.0,339000.0,198.529411765
2019-03-01,Clark,2019,3,Mar,667,1662.0,971.0,875.0,2.5,35.0,0.202166065,0.2668665667,0.9919489397,368500.0,385471.0,192.702798441
2019-03-01,Columbia,2019,3,Mar,2,34.0,7.0,2.0,17.0,190.0,,0.0,0.978971702,222500.0,225000.0,130.208648566
2019-03-01,Cowlitz,2019,3,Mar,147,212.0,136.0,155.0,1.4,25.0,0.1981132075,0.387755102,0.9936137958,270000.0,269000.0,163.988764045
2019-03-01,Douglas,2019,3,Mar,33,78.0,50.0,46.0,2.4,36.0,0.1794871795,0.5151515152,1.041490731,331000.0,337450.0,204.616849119
2019-03-01,Ferry,2019,3,Mar,3,57.0,7.0,3.0,19.0,57.0,,0.0,0.9674320054,325000.0,299500.0,150.462962963
2019-03-01,Franklin,2019,3,Mar,96,349.0,112.0,95.0,3.6,70.0,,0.2916666667,1.000757685,279500.0,289450.0,157.026664348
2019-03-01,Garfield,2019,3,Mar,2,7.0,,2.0,3.5,887.0,,0.5,1.004267677,105773.5,,
2019-03-01,Grant,2019,3,Mar,67,213.0,92.0,94.0,3.2,87.0,0.103286385,0.2537313433,0.988457231,228000.0,217950.0,132.394366197
2019-03-01,Grays Harbor,2019,3,Mar,120,307.0,156.0,137.0,2.6,51.0,0.1628664495,0.2583333333,0.9893029263,199000.0,230000.0,135.187114198
2019-03-01,Island,2019,3,Mar,122,265.0,158.0,159.0,2.2,30.0,0.2037735849,0.237704918,0.9937340086,342000.0,399000.0,219.062364922
2019-03-01,Jefferson,2019,3,Mar,45,90.0,55.0,54.0,2.0,27.0,0.3555555556,0.4222222222,0.9891567298,400281.0,379500.0,219.232677903
2019-03-01,King,2019,3,Mar,2287,4439.0,3900.0,3501.0,1.9,18.0,0.2514079748,0.2885876694,0.9983755141,625440.0,669950.0,354.091819896
2019-03-01,Kitsap,2019,3,Mar,313,508.0,427.0,439.0,1.6,18.0,0.1850393701,0.392971246,0.9977962517,359600.0,375000.0,190.76184763
2019-03-01,Kittitas,2019,3,Mar,57,158.0,73.0,63.0,2.8,116.0,0.08860759494,0.08771929825,0.9846333611,357000.0,339995.0,199.101796407
2019-03-01,Klickitat,2019,3,Mar,14,51.0,11.0,5.0,3.6,29.0,0.2352941176,0.07142857143,0.9394759168,266400.0,249900.0,135.87037926
2019-03-01,Lewis,2019,3,Mar,84,195.0,100.0,117.0,2.3,42.0,0.2307692308,0.25,0.9871629171,260500.0,271950.0,157.82250404
2019-03-01,Lincoln,2019,3,Mar,8,47.0,13.0,8.0,5.9,151.0,,0.125,0.9476660861,190928.0,219900.0,71.304347826
2019-03-01,Mason,2019,3,Mar,77,158.0,105.0,121.0,2.1,23.0,0.2215189873,0.2467532468,0.9806716234,249995.0,280000.0,158.642623716
2019-03-01,Okanogan,2019,3,Mar,25,165.0,49.0,39.0,6.6,76.0,0.1212121212,0.12,0.969566626,245000.0,250000.0,152.884615385
2019-03-01,Pacific,2019,3,Mar,26,160.0,50.0,51.0,6.2,92.0,0.14375,0.1538461538,0.8986202234,191621.0,242000.0,151.922265871
2019-03-01,Pend Oreille,2019,3,Mar,11,54.0,9.0,7.0,4.9,119.0,0.07407407407,0.09090909091,0.9798112113,325000.0,179900.0,173.561578697
2019-03-01,Pierce,2019,3,Mar,1239,1682.0,1531.0,1663.0,1.4,22.0,0.1961950059,0.390637611,1.001086432,365000.0,375000.0,195.761899391
2019-03-01,San Juan,2019,3,Mar,17,134.0,33.0,23.0,7.9,163.0,0.1268656716,0.05882352941,0.9673288481,747500.0,699000.0,315.697820462
2019-03-01,Skagit,2019,3,Mar,136,333.0,221.0,201.0,2.4,41.0,0.1801801802,0.2352941176,0.9864497867,365500.0,388950.0,207.411504425
2019-03-01,Skamania,2019,3,Mar,6,47.0,21.0,13.0,7.8,55.0,0.1914893617,0.1666666667,1.0002999,293645.5,429900.0,175.257552026
2019-03-01,Snohomish,2019,3,Mar,1061,1444.0,1473.0,1464.0,1.4,25.0,0.2202216066,0.2846371348,0.9967476093,477000.0,499992.5,253.591160221
2019-03-01,Spokane,2019,3,Mar,536,1166.0,705.0,666.0,2.2,36.0,0.1166380789,0.3805970149,1.005251221,256483.0,271067.0,129.723934602
2019-03-01,Stevens,2019,3,Mar,29,162.0,45.0,39.0,5.6,114.0,0.06172839506,0.1034482759,0.9578823459,195000.0,292000.0,97.575487134
2019-03-01,Thurston,2019,3,Mar,360,513.0,517.0,537.0,1.4,25.0,0.2261208577,0.3888888889,1.001310821,332000.0,349900.0,172.477087447
2019-03-01,Wahkiakum,2019,3,Mar,6,16.0,6.0,6.0,2.7,35.0,0.1875,0.0,0.9795970612,252500.0,327000.0,130.608481868
2019-03-01,Walla Walla,2019,3,Mar,49,234.0,66.0,49.0,4.8,69.0,,0.3265306122,1.003902503,260000.0,254777.0,146.659424226
2019-03-01,Whatcom,2019,3,Mar,242,509.0,364.0,348.0,2.1,24.0,0.1552062868,0.2892561983,0.9912080305,378500.0,410995.0,228.698693345
2019-03-01,Whitman,2019,3,Mar,34,161.0,55.0,35.0,4.7,83.0,,0.1764705882,0.9886405321,277500.0,289000.0,123.505329967
2019-03-01,Yakima,2019,3,Mar,113,465.0,133.0,108.0,4.1,67.0,,0.2654867257,0.9918714512,240000.0,265000.0,132.569558101
2019-04-01,Adams,2019,4,Apr,7,48.0,18.0,7.0,6.9,93.0,,0.0,0.9616579508,155000.0,179500.0,83.780160858
2019-04-01,Asotin,2019,4,Apr,16,92.0,30.0,16.0,5.8,56.0,,0.25,0.9752087692,195750.0,217200.0,100.442477876
2019-04-01,Benton,2019,4,Apr,250,860.0,328.0,251.0,3.4,81.0,,0.264,0.9980668987,310000.0,311500.0,160.0
2019-04-01,Chelan,2019,4,Apr,82,204.0,129.0,90.0,2.5,50.0,0.1764705882,0.1463414634,0.9768598104,365000.0,429900.0,197.88219722
2019-04-01,Clallam,2019,4,Apr,80,316.0,125.0,80.0,4.0,87.0,,0.325,1.001998073,290000.0,349900.0,191.647719497
2019-04-01,Clark,2019,4,Apr,702,1806.0,1035.0,882.0,2.6,24.0,0.2120708749,0.3247863248,0.9970621678,364227.5,404651.0,198.429302849
2019-04-01,Columbia,2019,4,Apr,6,29.0,3.0,6.0,4.8,202.0,,0.3333333333,0.967710492,159931.0,119999.0,73.591333794
2019-04-01,Cowlitz,2019,4,Apr,114,223.0,168.0,167.0,2.0,17.0,0.2914798206,0.4122807018,0.9965080078,273750.0,299900.0,169.06172187
2019-04-01,Douglas,2019,4,Apr,29,97.0,71.0,62.0,3.3,20.0,0.1134020619,0.5517241379,1.036375493,374900.0,409900.0,192.495253165
2019-04-01,Ferry,2019,4,Apr,9,65.0,19.0,9.0,7.2,300.0,0.03076923077,0.0,0.9563169832,104950.0,225000.0,55.983986515
2019-04-01,Franklin,2019,4,Apr,101,367.0,118.0,101.0,3.6,62.0,,0.3465346535,1.009662539,273000.0,286425.0,164.583333333
2019-04-01,Garfield,2019,4,Apr,3,7.0,2.0,3.0,2.3,180.0,,0.0,0.9287146625,167000.0,154900.0,64.967537541
2019-04-01,Grant,2019,4,Apr,77,288.0,174.0,112.0,3.7,48.0,0.15625,0.3246753247,0.987841489,226000.0,280570.0,142.026009582
2019-04-01,Grays Harbor,2019,4,Apr,101,341.0,170.0,156.0,3.4,32.0,0.1260997067,0.2475247525,0.9927193115,220000.0,239950.0,144.230769231
2019-04-01,Island,2019,4,Apr,141,306.0,210.0,181.0,2.2,23.0,0.1830065359,0.2907801418,0.9918187238,351000.0,399950.0,216.494845361
2019-04-01,Jefferson,2019,4,Apr,45,101.0,56.0,58.0,2.2,41.0,0.1485148515,0.3555555556,0.9885421728,372000.0,399900.0,232.472324723
2019-04-01,King,2019,4,Apr,2992,4785.0,4088.0,3798.0,1.6,10.0,0.2877742947,0.3519385027,1.003889628,634900.0,650000.0,355.093256815
2019-04-01,Kitsap,2019,4,Apr,361,563.0,514.0,503.0,1.6,10.0,0.21669627,0.432132964,1.004738848,345000.0,399800.0,212.383900929
2019-04-01,Kittitas,2019,4,Apr,48,193.0,138.0,105.0,4.0,31.0,0.1865284974,0.125,0.9797672002,349995.0,388000.0,224.602726014
2019-04-01,Klickitat,2019,4,Apr,5,70.0,44.0,20.0,14.0,103.0,0.1,0.0,0.9694268962,359000.0,389450.0,220.833333333
2019-04-01,Lewis,2019,4,Apr,93,178.0,105.0,140.0,1.9,33.0,0.2584269663,0.3655913978,0.9915033511,245000.0,259900.0,155.477031802
2019-04-01,Lincoln,2019,4,Apr,7,64.0,26.0,7.0,9.1,140.0,,0.4285714286,0.9574323828,133750.0,216950.0,80.070292825
2019-04-01,Mason,2019,4,Apr,88,197.0,142.0,116.0,2.2,29.0,0.2081218274,0.2159090909,0.9891991674,289500.0,304250.0,171.15804807
2019-04-01,Okanogan,2019,4,Apr,29,184.0,65.0,45.0,6.3,46.0,0.09239130435,0.1379310345,0.9939468876,181500.0,270000.0,129.62962963
2019-04-01,Pacific,2019,4,Apr,39,159.0,58.0,69.0,4.1,49.0,0.1572327044,0.0,0.8932547474,176208.0,201500.0,135.945507271
2019-04-01,Pend Oreille,2019,4,Apr,8,74.0,35.0,16.0,9.3,211.0,0.09459459459,0.125,0.9658084639,197000.0,354900.0,128.947368421
2019-04-01,Pierce,2019,4,Apr,1374,1725.0,1692.0,1745.0,1.3,9.0,0.2382608696,0.4672489083,1.007886158,356933.5,379000.0,200.0
2019-04-01,San Juan,2019,4,Apr,28,169.0,73.0,31.0,6.0,75.0,0.1183431953,0.03571428571,0.9545112392,587500.0,749000.0,342.108328788
2019-04-01,Skagit,2019,4,Apr,170,341.0,233.0,234.0,2.0,13.0,0.2492668622,0.3294117647,0.9964057831,383375.0,375000.0,219.937378218
2019-04-01,Skamania,2019,4,Apr,10,44.0,20.0,18.0,4.4,119.0,0.2272727273,0.1,0.9661946526,287250.0,384450.0,215.705922195
2019-04-01,Snohomish,2019,4,Apr,1213,1599.0,1615.0,1485.0,1.3,10.0,0.234521576,0.3924154988,1.00472221,481500.0,499000.0,261.073825503
2019-04-01,Spokane,2019,4,Apr,650,1382.0,976.0,909.0,2.1,29.0,0.1555716353,0.4430769231,1.011583811,260000.0,285000.0,132.602040816
2019-04-01,Stevens,2019,4,Apr,40,228.0,123.0,65.0,5.7,141.0,0.07456140351,0.05,0.9505930716,224750.0,289000.0,114.277956535
2019-04-01,Thurston,2019,4,Apr,436,533.0,567.0,595.0,1.2,8.0,0.2701688555,0.4426605505,1.007623927,329000.0,349000.0,179.584120983
2019-04-01,Wahkiakum,2019,4,Apr,5,23.0,10.0,6.0,4.6,50.0,0.08695652174,0.2,0.9818684372,234000.0,274000.0,139.84375
2019-04-01,Walla Walla,2019,4,Apr,70,262.0,95.0,69.0,3.7,73.0,,0.2285714286,0.9971895872,275862.5,285000.0,155.402743802
2019-04-01,Whatcom,2019,4,Apr,304,540.0,418.0,401.0,1.8,14.0,0.2314814815,0.3322368421,1.001193209,400000.0,407000.0,235.726643599
2019-04-01,Whitman,2019,4,Apr,35,191.0,73.0,36.0,5.5,65.0,,0.1714285714,0.9867147548,248000.0,269000.0,136.737089202
2019-04-01,Yakima,2019,4,Apr,130,521.0,188.0,124.0,4.0,60.0,,0.3384615385,1.00215042,244925.0,255200.0,139.23563778
2019-05-01,Adams,2019,5,May,14,55.0,22.0,14.0,3.9,87.0,,0.2142857143,0.9544633108,170000.0,199500.0,95.970910797
2019-05-01,Asotin,2019,5,May,39,93.0,34.0,39.0,2.4,74.0,,0.1794871795,0.991840404,204900.0,212500.0,123.097582811
2019-05-01,Benton,2019,5,May,286,957.0,402.0,284.0,3.3,56.0,,0.2517482517,0.9949956431,305000.0,305250.0,164.109882269
2019-05-01,Chelan,2019,5,May,87,253.0,143.0,102.0,2.9,22.0,0.209486166,0.1724137931,0.9850268605,375000.0,409000.0,204.024594746
2019-05-01,Clallam,2019,5,May,113,355.0,127.0,112.0,3.1,62.0,,0.2654867257,0.9941423561,308805.0,369000.0,192.307692308
2019-05-01,Clark,2019,5,May,850,1980.0,1185.0,985.0,2.3,20.0,0.3015151515,0.2988235294,0.9965125476,376197.0,390000.0,199.881582411
2019-05-01,Columbia,2019,5,May,5,34.0,9.0,5.0,6.8,248.0,,0.0,0.9610311133,219900.0,139900.0,108.903324417
2019-05-01,Cowlitz,2019,5,May,140,259.0,202.0,193.0,1.9,9.0,0.3243243243,0.4,0.9957358347,270000.0,289900.0,167.470969402
2019-05-01,Douglas,2019,5,May,53,119.0,78.0,64.0,2.2,11.0,0.1680672269,0.4528301887,1.045658438,358327.0,350000.0,205.147058824
2019-05-01,Ferry,2019,5,May,13,72.0,22.0,14.0,5.5,238.0,,0.07692307692,0.9630148596,219900.0,274000.0,106.52173913
2019-05-01,Franklin,2019,5,May,103,374.0,118.0,103.0,3.6,67.0,,0.2912621359,1.008722723,289900.0,285000.0,163.411874093
2019-05-01,Garfield,2019,5,May,3,8.0,3.0,3.0,2.7,200.0,,0.0,0.9523573201,70000.0,309900.0,81.775700935
2019-05-01,Grant,2019,5,May,103,278.0,123.0,139.0,2.7,27.0,0.190647482,0.3689320388,0.9937669906,231500.0,247000.0,140.350877193
2019-05-01,Grays Harbor,2019,5,May,123,345.0,169.0,166.0,2.8,24.0,0.1971014493,0.325203252,0.9826745324,215000.0,229000.0,146.502835539
2019-05-01,Island,2019,5,May,165,367.0,253.0,221.0,2.2,13.0,0.2779291553,0.2848484848,0.9938075962,385000.0,429000.0,224.074074074
2019-05-01,Jefferson,2019,5,May,56,112.0,69.0,58.0,2.0,23.0,0.1875,0.3392857143,0.9843774657,425281.0,484500.0,230.806366822
2019-05-01,King,2019,5,May,3536,5904.0,5113.0,4025.0,1.7,10.0,0.33350271,0.36510181,1.002983533,645000.0,649950.0,360.750605327
2019-05-01,Kitsap,2019,5,May,455,718.0,652.0,548.0,1.6,9.0,0.2284122563,0.4725274725,1.00674419,390000.0,415406.5,210.752688172
2019-05-01,Kittitas,2019,5,May,93,236.0,164.0,121.0,2.5,13.0,0.2457627119,0.1612903226,0.9923887663,359000.0,387000.0,201.760821717
2019-05-01,Klickitat,2019,5,May,19,88.0,50.0,34.0,4.6,20.0,0.2045454545,0.3157894737,0.9836900034,320000.0,412450.0,160.0
2019-05-01,Lewis,2019,5,May,100,212.0,155.0,129.0,2.1,24.0,0.2405660377,0.4,0.9985613701,274950.0,270000.0,163.804214293
2019-05-01,Lincoln,2019,5,May,12,64.0,16.0,12.0,5.3,109.0,,0.0,0.9653406433,207450.0,239500.0,113.744701818
2019-05-01,Mason,2019,5,May,106,225.0,164.0,149.0,2.1,12.0,0.3155555556,0.358490566,1.003782155,289000.0,289500.0,187.542087542
2019-05-01,Okanogan,2019,5,May,40,226.0,106.0,67.0,5.7,36.0,0.1592920354,0.15,0.9809036422,167500.0,299000.0,118.470054022
2019-05-01,Pacific,2019,5,May,48,188.0,80.0,60.0,3.9,68.0,0.1436170213,0.04166666667,0.8929601592,222129.5,263275.0,159.660706247
2019-05-01,Pend Oreille,2019,5,May,15,114.0,57.0,18.0,7.6,52.0,0.149122807,0.2,0.9796404898,269000.0,349900.0,141.333333333
2019-05-01,Pierce,2019,5,May,1546,2238.0,2259.0,1958.0,1.4,8.0,0.2569258266,0.4922380336,1.010645272,370000.0,385000.0,205.039525692
2019-05-01,San Juan,2019,5,May,22,203.0,73.0,35.0,9.2,22.0,0.07389162562,0.09090909091,0.9677802731,764500.0,697000.0,378.756699124
2019-05-01,Skagit,2019,5,May,199,418.0,297.0,249.0,2.1,18.0,0.2200956938,0.3065326633,0.9904570203,385000.0,375000.0,215.214137214
2019-05-01,Skamania,2019,5,May,21,45.0,23.0,17.0,2.1,15.0,0.3333333333,0.2857142857,0.9805496351,390000.0,399000.0,180.608365019
2019-05-01,Snohomish,2019,5,May,1381,2057.0,1969.0,1585.0,1.5,9.0,0.3140495868,0.4055032585,1.005145688,482750.0,499000.0,267.220902613
2019-05-01,Spokane,2019,5,May,819,1608.0,1166.0,1038.0,2.0,28.0,0.2064676617,0.4664224664,1.012223944,273500.0,280000.0,134.695531295
2019-05-01,Stevens,2019,5,May,68,277.0,135.0,82.0,4.1,54.0,0.1119133574,0.3235294118,0.9897351629,260000.0,269900.0,128.777419395
2019-05-01,Thurston,2019,5,May,517,659.0,735.0,653.0,1.3,8.0,0.2640364188,0.4506769826,1.005572245,347851.0,344900.0,176.09911208
2019-05-01,Wahkiakum,2019,5,May,7,28.0,14.0,8.0,4.0,37.0,0.1785714286,0.1428571429,0.943929947,289000.0,290500.0,147.088054065
2019-05-01,Walla Walla,2019,5,May,69,297.0,110.0,69.0,4.3,91.0,,0.347826087,1.014975252,300000.0,296000.0,152.423958333
2019-05-01,Whatcom,2019,5,May,382,654.0,541.0,443.0,1.7,12.0,0.2370030581,0.2958115183,0.997698986,391355.0,420000.0,239.402015753
2019-05-01,Whitman,2019,5,May,62,196.0,70.0,59.0,3.2,68.0,,0.1935483871,0.9966755809,268000.0,287500.0,129.661884462
2019-05-01,Yakima,2019,5,May,160,561.0,221.0,159.0,3.5,56.0,,0.31875,0.9993434956,246500.0,260000.0,142.180159961
2019-06-01,Adams,2019,6,Jun,13,58.0,18.0,13.0,4.5,67.0,,0.3076923077,0.9981653696,142000.0,185999.0,129.766949153
2019-06-01,Asotin,2019,6,Jun,33,83.0,26.0,33.0,2.5,75.0,,0.2121212121,0.9893114218,184000.0,264450.0,134.185303514
2019-06-01,Benton,2019,6,Jun,352,937.0,354.0,351.0,2.7,55.0,,0.2471590909,0.9959982545,316087.0,340000.0,162.595993731
2019-06-01,Chelan,2019,6,Jun,87,287.0,130.0,111.0,3.3,18.0,0.212543554,0.2413793103,0.9939905246,390000.0,398950.0,211.98156682
2019-06-01,Clallam,2019,6,Jun,109,388.0,131.0,109.0,3.6,78.0,,0.2201834862,0.9865281715,332000.0,324900.0,193.548399987
2019-06-01,Clark,2019,6,Jun,839,2016.0,1004.0,951.0,2.4,20.0,0.279265873,0.3110846246,0.9963250168,375000.0,394900.0,197.699757869
2019-06-01,Columbia,2019,6,Jun,6,29.0,5.0,6.0,4.8,159.0,,0.0,0.8975681396,130000.0,189000.0,66.877800925
2019-06-01,Cowlitz,2019,6,Jun,141,279.0,173.0,175.0,2.0,10.0,0.2831541219,0.4680851064,1.001300743,279900.0,292000.0,169.587628866
2019-06-01,Douglas,2019,6,Jun,49,115.0,64.0,67.0,2.3,19.0,0.2260869565,0.4285714286,1.028844811,349000.0,358900.0,193.521245267
2019-06-01,Ferry,2019,6,Jun,7,70.0,8.0,7.0,10.0,63.0,0.04285714286,0.2857142857,0.9464876893,125000.0,152500.0,126.1829653
2019-06-01,Franklin,2019,6,Jun,113,370.0,123.0,112.0,3.3,56.0,,0.3628318584,1.005286184,286900.0,279900.0,168.764705882
2019-06-01,Garfield,2019,6,Jun,1,12.0,4.0,1.0,12.0,736.0,,0.0,0.9166666667,275000.0,154900.0,61.825539568
2019-06-01,Grant,2019,6,Jun,101,271.0,104.0,106.0,2.7,29.0,0.1660516605,0.2673267327,0.9871550325,233200.0,257250.0,142.45679589
2019-06-01,Grays Harbor,2019,6,Jun,132,395.0,203.0,171.0,3.0,34.0,0.2202531646,0.2348484848,0.990845616,210000.0,230000.0,161.214805533
2019-06-01,Island,2019,6,Jun,181,350.0,187.0,214.0,1.9,16.0,0.3342857143,0.3149171271,0.9973710732,412000.0,435000.0,226.326742976
2019-06-01,Jefferson,2019,6,Jun,41,131.0,73.0,62.0,3.2,15.0,0.2061068702,0.4146341463,0.9946756267,405281.0,438000.0,240.639484979
2019-06-01,King,2019,6,Jun,3426,6017.0,3967.0,3775.0,1.8,11.0,0.3606448396,0.3523058961,1.00273868,649950.0,625000.0,353.697749196
2019-06-01,Kitsap,2019,6,Jun,462,716.0,491.0,531.0,1.5,10.0,0.2527932961,0.4653679654,1.011059779,395250.0,398000.0,209.251101322
2019-06-01,Kittitas,2019,6,Jun,95,245.0,111.0,104.0,2.6,14.0,0.2204081633,0.1263157895,0.9885314839,337500.0,359995.0,194.878472222
2019-06-01,Klickitat,2019,6,Jun,23,90.0,29.0,31.0,3.9,16.0,0.3,0.3043478261,0.9743929306,368500.0,350000.0,230.893821236
2019-06-01,Lewis,2019,6,Jun,105,244.0,145.0,125.0,2.3,12.0,0.2909836066,0.4571428571,1.006348392,285000.0,280000.0,159.130434783
2019-06-01,Lincoln,2019,6,Jun,11,72.0,19.0,11.0,6.5,59.0,,0.4545454545,1.001466693,174000.0,209995.0,114.050524513
2019-06-01,Mason,2019,6,Jun,121,240.0,149.0,151.0,2.0,13.0,0.2791666667,0.3884297521,0.9974636492,283000.0,304500.0,188.230994152
2019-06-01,Okanogan,2019,6,Jun,53,233.0,71.0,56.0,4.4,19.0,0.1587982833,0.05660377358,0.9733419022,256800.0,239000.0,150.579150579
2019-06-01,Pacific,2019,6,Jun,43,170.0,48.0,64.0,4.0,37.0,0.1588235294,0.1162790698,0.9078992836,222067.5,304000.0,151.860039481
2019-06-01,Pend Oreille,2019,6,Jun,18,124.0,37.0,28.0,6.9,53.0,0.1935483871,0.1111111111,0.9736586474,278500.0,295000.0,172.574724413
2019-06-01,Pierce,2019,6,Jun,1650,2303.0,1842.0,1900.0,1.4,8.0,0.3069908815,0.4945454545,1.010932181,375000.0,375000.0,205.919630209
2019-06-01,San Juan,2019,6,Jun,25,211.0,46.0,33.0,8.4,29.0,0.1563981043,0.12,0.9666404238,660000.0,644475.0,314.270538244
2019-06-01,Skagit,2019,6,Jun,228,438.0,257.0,259.0,1.9,12.0,0.2739726027,0.2850877193,0.9979550005,385250.0,379500.0,234.610589702
2019-06-01,Skamania,2019,6,Jun,9,52.0,18.0,11.0,5.8,28.0,0.3653846154,0.3333333333,1.002029251,402000.0,495000.0,197.285353535
2019-06-01,Snohomish,2019,6,Jun,1409,2182.0,1598.0,1533.0,1.5,11.0,0.3382218148,0.3875088715,1.00346976,489000.0,489970.0,264.55026455
2019-06-01,Spokane,2019,6,Jun,875,1755.0,1054.0,972.0,2.0,26.0,0.2199430199,0.4822857143,1.017227918,270000.0,270000.0,133.186755042
2019-06-01,Stevens,2019,6,Jun,75,273.0,91.0,87.0,3.6,41.0,0.1208791209,0.2,0.9714606702,224900.0,250000.0,133.333333333
2019-06-01,Thurston,2019,6,Jun,561,666.0,605.0,639.0,1.2,7.0,0.2972972973,0.4670231729,1.007941054,345000.0,350000.0,184.53724605
2019-06-01,Wahkiakum,2019,6,Jun,9,28.0,10.0,7.0,3.1,24.0,0.2142857143,0.3333333333,0.9768115266,269000.0,275950.0,136.0
2019-06-01,Walla Walla,2019,6,Jun,70,326.0,103.0,70.0,4.7,57.0,,0.3857142857,1.02112315,287000.0,310000.0,163.668426306
2019-06-01,Whatcom,2019,6,Jun,376,668.0,423.0,434.0,1.8,13.0,0.2784431138,0.3244680851,0.9951358712,409500.0,415000.0,242.863263816
2019-06-01,Whitman,2019,6,Jun,63,196.0,65.0,64.0,3.1,68.0,,0.1111111111,0.986925251,286000.0,269000.0,142.20705347
2019-06-01,Yakima,2019,6,Jun,178,566.0,191.0,173.0,3.2,56.0,,0.3651685393,1.001992358,248000.0,270000.0,152.230971129
2019-07-01,Adams,2019,7,Jul,11,62.0,14.0,10.0,5.6,79.0,,0.09090909091,0.9592130428,200000.0,198500.0,103.525641026
2019-07-01,Asotin,2019,7,Jul,35,82.0,30.0,35.0,2.3,57.0,,0.08571428571,0.976631402,210000.0,244950.0,153.294515023
2019-07-01,Benton,2019,7,Jul,328,1004.0,421.0,325.0,3.1,56.0,,0.2865853659,0.9966016214,300186.5,324900.0,162.363086367
2019-07-01,Chelan,2019,7,Jul,92,319.0,159.0,129.0,3.5,11.0,0.2601880878,0.2934782609,1.008204036,373750.0,372500.0,209.771356019
2019-07-01,Clallam,2019,7,Jul,136,407.0,145.0,136.0,3.0,58.0,,0.2794117647,0.9886448576,320000.0,365000.0,196.764835165
2019-07-01,Clark,2019,7,Jul,874,2089.0,1064.0,984.0,2.4,21.0,0.3317376735,0.3054919908,0.9968745227,380000.0,385000.0,203.169036448
2019-07-01,Columbia,2019,7,Jul,5,35.0,13.0,5.0,7.0,117.0,,0.0,0.9066728383,159000.0,215000.0,108.764519535
2019-07-01,Cowlitz,2019,7,Jul,131,297.0,181.0,171.0,2.3,14.0,0.3703703704,0.4351145038,1.003678363,279000.0,299500.0,182.588055285
2019-07-01,Douglas,2019,7,Jul,67,129.0,72.0,66.0,1.9,17.0,0.2635658915,0.4776119403,1.059935582,379900.0,351950.0,209.004043127
2019-07-01,Ferry,2019,7,Jul,9,69.0,10.0,9.0,7.7,72.0,,0.1111111111,0.940639532,149900.0,162250.0,139.802631579
2019-07-01,Franklin,2019,7,Jul,118,380.0,135.0,119.0,3.2,62.0,,0.2796610169,1.002715882,278228.5,275000.0,164.717337388
2019-07-01,Garfield,2019,7,Jul,1,12.0,2.0,1.0,12.0,99.0,,0.0,,149900.0,133450.0,166.555555556
2019-07-01,Grant,2019,7,Jul,112,253.0,111.0,121.0,2.3,20.0,0.1976284585,0.2767857143,0.9907573333,235325.0,235000.0,142.228067552
2019-07-01,Grays Harbor,2019,7,Jul,136,434.0,200.0,179.0,3.2,20.0,0.2396313364,0.3308823529,0.9966289123,230000.0,238450.0,166.199218086
2019-07-01,Island,2019,7,Jul,185,363.0,210.0,192.0,2.0,17.0,0.3443526171,0.2918918919,0.9950251626,408000.0,417000.0,232.340412407
2019-07-01,Jefferson,2019,7,Jul,59,121.0,56.0,71.0,2.1,14.0,0.3305785124,0.5762711864,0.9935840307,435281.0,417500.0,244.630658436
2019-07-01,King,2019,7,Jul,3401,5754.0,3390.0,3519.0,1.7,15.0,0.3578380257,0.3025580712,0.9985119775,625000.0,609900.0,347.826086957
2019-07-01,Kitsap,2019,7,Jul,450,709.0,475.0,487.0,1.6,9.0,0.293370945,0.4577777778,1.004806742,383750.0,390000.0,210.178625704
2019-07-01,Kittitas,2019,7,Jul,108,239.0,112.0,129.0,2.2,25.0,0.2468619247,0.1388888889,0.9843651456,346000.0,349450.0,192.990230413
2019-07-01,Klickitat,2019,7,Jul,19,101.0,38.0,26.0,5.3,12.0,0.2871287129,0.1578947368,0.9771386475,237000.0,277400.0,133.230452675
2019-07-01,Lewis,2019,7,Jul,106,244.0,122.0,138.0,2.3,14.0,0.3196721311,0.3396226415,0.9942609061,255000.0,274950.0,167.965949821
2019-07-01,Lincoln,2019,7,Jul,10,75.0,14.0,10.0,7.5,76.0,,0.1,0.9795732401,181500.0,199900.0,94.266712931
2019-07-01,Mason,2019,7,Jul,132,234.0,132.0,142.0,1.8,15.0,0.3290598291,0.3484848485,1.004287759,287000.0,319700.0,194.055944056
2019-07-01,Okanogan,2019,7,Jul,40,227.0,51.0,58.0,5.7,27.0,0.2202643172,0.125,0.9694563345,248000.0,279900.0,151.791062108
2019-07-01,Pacific,2019,7,Jul,63,189.0,68.0,56.0,3.0,46.0,0.2222222222,0.07936507937,0.8720755661,205433.0,243900.0,146.334660725
2019-07-01,Pend Oreille,2019,7,Jul,24,110.0,24.0,28.0,4.6,47.0,0.3,0.08333333333,0.9613587105,252450.0,349750.0,170.383577834
2019-07-01,Pierce,2019,7,Jul,1653,2361.0,1688.0,1789.0,1.4,11.0,0.3434985176,0.4597701149,1.008213316,375550.0,373200.0,203.947952381
2019-07-01,San Juan,2019,7,Jul,26,213.0,46.0,41.0,8.2,62.0,0.2112676056,0.0,0.9718737202,657500.0,699000.0,343.406040099
2019-07-01,Skagit,2019,7,Jul,220,449.0,260.0,256.0,2.0,15.0,0.3162583519,0.3181818182,0.9929206442,360995.0,378500.0,225.083498411
2019-07-01,Skamania,2019,7,Jul,11,49.0,16.0,18.0,4.5,24.0,0.3673469388,0.09090909091,0.9673784357,480000.0,339925.0,212.753277712
2019-07-01,Snohomish,2019,7,Jul,1435,2154.0,1504.0,1518.0,1.5,14.0,0.3913649025,0.3672473868,1.002431681,481100.0,475000.0,262.269549254
2019-07-01,Spokane,2019,7,Jul,985,1423.0,1061.0,1034.0,1.4,30.0,0.3394237526,0.4324873096,1.008109905,280000.0,280000.0,135.542168675
2019-07-01,Stevens,2019,7,Jul,96,255.0,74.0,81.0,2.7,54.0,0.1882352941,0.21875,0.9773770953,247500.0,270000.0,130.419391772
2019-07-01,Thurston,2019,7,Jul,585,640.0,595.0,628.0,1.1,9.0,0.3671875,0.4700854701,1.006232747,340000.0,349900.0,186.029785182
2019-07-01,Wahkiakum,2019,7,Jul,4,28.0,9.0,9.0,7.0,99.0,0.3571428571,0.0,0.9617155874,417500.0,354900.0,226.828659471
2019-07-01,Walla Walla,2019,7,Jul,101,334.0,114.0,99.0,3.3,70.0,,0.4059405941,1.009393072,274500.0,294495.0,162.370615091
2019-07-01,Whatcom,2019,7,Jul,369,684.0,403.0,402.0,1.9,14.0,0.3070175439,0.3062330623,0.9945307662,390350.0,399900.0,243.957703927
2019-07-01,Whitman,2019,7,Jul,51,192.0,55.0,51.0,3.8,64.0,,0.1176470588,0.9831041782,265500.0,259000.0,125.0
2019-07-01,Yakima,2019,7,Jul,177,558.0,184.0,173.0,3.2,56.0,,0.3333333333,0.99494804,265000.0,267000.0,150.779896014
2019-08-01,Adams,2019,8,Aug,13,61.0,14.0,13.0,4.7,74.0,,0.3846153846,1.008447058,200000.0,154997.0,112.654320988
2019-08-01,Asotin,2019,8,Aug,35,86.0,32.0,35.0,2.5,76.0,,0.1714285714,0.9813500744,232000.0,245500.0,129.807692308
2019-08-01,Benton,2019,8,Aug,330,1074.0,436.0,326.0,3.3,57.0,,0.2696969697,0.9954598212,325000.0,328900.0,165.602189781
2019-08-01,Chelan,2019,8,Aug,92,321.0,133.0,135.0,3.5,34.0,0.2523364486,0.2173913043,0.9978348604,402506.5,399900.0,223.026588123
2019-08-01,Clallam,2019,8,Aug,133,376.0,103.0,133.0,2.8,63.0,,0.1578947368,0.9901372773,339900.0,335000.0,213.271917013
2019-08-01,Clark,2019,8,Aug,913,2092.0,970.0,955.0,2.3,25.0,0.3054493308,0.308871851,0.9964700011,381394.0,385000.0,200.095057034
2019-08-01,Columbia,2019,8,Aug,4,37.0,5.0,4.0,9.3,308.0,,0.5,1.069660505,258187.5,199995.0,88.387483079
2019-08-01,Cowlitz,2019,8,Aug,164,290.0,175.0,188.0,1.8,22.0,0.3793103448,0.3414634146,0.9920628342,290000.0,279900.0,170.556791821
2019-08-01,Douglas,2019,8,Aug,55,109.0,46.0,59.0,2.0,13.0,0.3119266055,0.4909090909,1.046656868,352000.0,339900.0,204.063986165
2019-08-01,Ferry,2019,8,Aug,9,66.0,7.0,9.0,7.3,107.0,0.0303030303,0.0,0.9282709047,175000.0,199900.0,110.062893082
2019-08-01,Franklin,2019,8,Aug,133,418.0,173.0,132.0,3.1,64.0,,0.3609022556,1.012222167,283065.0,289593.5,170.775535939
2019-08-01,Garfield,2019,8,Aug,2,12.0,2.0,2.0,6.0,201.0,,0.0,0.9649800233,163750.0,93950.0,104.52477443
2019-08-01,Grant,2019,8,Aug,120,265.0,122.0,107.0,2.2,44.0,0.1886792453,0.2416666667,0.9855137451,235000.0,265000.0,144.254575707
2019-08-01,Grays Harbor,2019,8,Aug,141,446.0,191.0,188.0,3.2,32.0,0.3049327354,0.2411347518,0.980516263,244900.0,225450.0,156.2109375
2019-08-01,Island,2019,8,Aug,180,350.0,181.0,203.0,1.9,20.0,0.36,0.3277777778,0.9968643364,407450.0,398990.0,227.525284164
2019-08-01,Jefferson,2019,8,Aug,56,140.0,70.0,60.0,2.5,28.0,0.3071428571,0.4464285714,0.989980208,390281.0,425000.0,250.655221745
2019-08-01,King,2019,8,Aug,3239,5518.0,3022.0,3133.0,1.7,19.0,0.3501268576,0.2716887928,0.994324622,618000.0,599950.0,345.216606498
2019-08-01,Kitsap,2019,8,Aug,474,662.0,412.0,477.0,1.4,12.0,0.3172205438,0.470464135,1.005846775,397250.0,374888.5,212.291919252
2019-08-01,Kittitas,2019,8,Aug,78,226.0,91.0,102.0,2.9,33.0,0.3185840708,0.1666666667,0.9846704065,378500.0,335000.0,210.174285511
2019-08-01,Klickitat,2019,8,Aug,26,110.0,39.0,27.0,4.2,38.0,0.2636363636,0.07692307692,0.9761337017,351500.0,432000.0,209.396258503
2019-08-01,Lewis,2019,8,Aug,98,247.0,132.0,145.0,2.5,21.0,0.3076923077,0.3673469388,0.9996140804,281500.0,273500.0,169.788602941
2019-08-01,Lincoln,2019,8,Aug,11,81.0,19.0,11.0,7.4,97.0,,0.2727272727,0.9832704226,160000.0,215000.0,98.887211134
2019-08-01,Mason,2019,8,Aug,108,258.0,147.0,125.0,2.4,21.0,0.3178294574,0.4444444444,1.00918075,291000.0,307475.0,178.567115327
2019-08-01,Okanogan,2019,8,Aug,47,226.0,55.0,54.0,4.8,77.0,0.2522123894,0.1063829787,0.9503943886,235000.0,245000.0,151.615492958
2019-08-01,Pacific,2019,8,Aug,45,188.0,58.0,56.0,4.2,50.0,0.2553191489,0.02222222222,0.8893980784,240000.0,217500.0,166.666666667
2019-08-01,Pend Oreille,2019,8,Aug,18,109.0,32.0,26.0,6.1,56.0,0.2660550459,0.2777777778,0.9773493813,289000.0,327500.0,140.042788376
2019-08-01,Pierce,2019,8,Aug,1588,2348.0,1657.0,1767.0,1.5,13.0,0.3458262351,0.4445843829,1.003665668,375000.0,375000.0,202.275600506
2019-08-01,San Juan,2019,8,Aug,33,219.0,43.0,40.0,6.6,68.0,0.2420091324,0.06060606061,0.9546983529,610000.0,640000.0,281.671858775
2019-08-01,Skagit,2019,8,Aug,228,445.0,212.0,222.0,2.0,20.0,0.2898876404,0.2631578947,0.9952005869,375850.0,389000.0,222.222222222
2019-08-01,Skamania,2019,8,Aug,16,65.0,25.0,10.0,4.1,35.0,0.2615384615,0.1875,0.9898649298,389000.0,349900.0,193.697827379
2019-08-01,Snohomish,2019,8,Aug,1388,2137.0,1449.0,1500.0,1.5,19.0,0.3659335517,0.3393371758,0.999856945,475000.0,485000.0,259.187264691
2019-08-01,Spokane,2019,8,Aug,1002,1379.0,1016.0,1014.0,1.4,22.0,0.3785351704,0.3612774451,1.002455058,280000.0,269900.0,133.745422994
2019-08-01,Stevens,2019,8,Aug,70,263.0,89.0,76.0,3.8,52.0,0.1787072243,0.2,0.9679387558,234500.0,248000.0,135.0
2019-08-01,Thurston,2019,8,Aug,599,651.0,576.0,591.0,1.1,11.0,0.33640553,0.4557595993,1.004719173,346000.0,339900.0,185.546875
2019-08-01,Wahkiakum,2019,8,Aug,7,26.0,3.0,4.0,3.7,56.0,0.2692307692,0.0,0.9650462065,300350.0,319000.0,182.291666667
2019-08-01,Walla Walla,2019,8,Aug,84,336.0,97.0,84.0,4.0,76.0,,0.380952381,1.016861824,322981.5,280000.0,165.611910266
2019-08-01,Whatcom,2019,8,Aug,374,738.0,429.0,416.0,2.0,18.0,0.3455284553,0.2620320856,0.9945405426,400000.0,424990.0,254.404252792
2019-08-01,Whitman,2019,8,Aug,50,179.0,40.0,50.0,3.6,73.0,,0.1,0.9845378767,252000.0,244500.0,147.832340923
2019-08-01,Yakima,2019,8,Aug,186,540.0,187.0,180.0,2.9,60.0,,0.311827957,0.9900413855,259500.0,264500.0,144.196616173
2019-09-01,Adams,2019,9,Sep,13,53.0,10.0,13.0,4.1,84.0,,0.4615384615,1.013465187,175000.0,224450.0,109.742895805
2019-09-01,Asotin,2019,9,Sep,19,98.0,30.0,19.0,5.2,49.0,,0.3157894737,0.9895265771,244673.0,242000.0,130.950136465
2019-09-01,Benton,2019,9,Sep,273,1108.0,344.0,275.0,4.1,59.0,,0.2747252747,0.9968915836,317000.0,300000.0,163.908589441
2019-09-01,Chelan,2019,9,Sep,115,292.0,96.0,122.0,2.5,34.0,0.2054794521,0.2347826087,0.9911803771,364900.0,438850.0,209.166889245
2019-09-01,Clallam,2019,9,Sep,98,372.0,98.0,98.0,3.8,66.0,,0.1632653061,0.986029065,310000.0,328000.0,199.543899658
2019-09-01,Clark,2019,9,Sep,758,1958.0,766.0,814.0,2.6,28.0,0.3283963228,0.2994722955,0.9946750277,367200.0,398900.0,200.131364913
2019-09-01,Columbia,2019,9,Sep,8,34.0,6.0,8.0,4.3,104.0,,0.25,0.9794304559,196850.0,164450.0,104.690295473
2019-09-01,Cowlitz,2019,9,Sep,144,257.0,145.0,199.0,1.8,22.0,0.4319066148,0.3402777778,0.994744574,295000.0,293000.0,184.513006655
2019-09-01,Douglas,2019,9,Sep,50,100.0,63.0,68.0,2.0,28.0,0.25,0.28,1.013834665,369950.0,339900.0,211.419892531
2019-09-01,Ferry,2019,9,Sep,7,58.0,7.0,7.0,8.3,138.0,,0.0,0.9388035957,149900.0,199000.0,89.285714286
2019-09-01,Franklin,2019,9,Sep,124,415.0,133.0,124.0,3.3,60.0,,0.3225806452,1.004890771,280000.0,284157.0,169.240857097
2019-09-01,Garfield,2019,9,Sep,4,12.0,3.0,4.0,3.0,130.0,,0.0,0.933374069,144500.0,169900.0,101.614010989
2019-09-01,Grant,2019,9,Sep,97,245.0,90.0,93.0,2.5,41.0,0.1795918367,0.2680412371,0.9942413412,238500.0,244250.0,140.582403965
2019-09-01,Grays Harbor,2019,9,Sep,135,422.0,134.0,171.0,3.1,31.0,0.2274881517,0.237037037,0.9721428514,216000.0,229000.0,155.331654072
2019-09-01,Island,2019,9,Sep,159,329.0,140.0,163.0,2.1,20.0,0.3860182371,0.2767295597,0.9936903706,400000.0,394950.0,226.928895613
2019-09-01,Jefferson,2019,9,Sep,45,146.0,49.0,44.0,3.2,34.0,0.2876712329,0.2666666667,0.9750181858,425281.0,415000.0,245.260092272
2019-09-01,King,2019,9,Sep,2579,5495.0,3192.0,3023.0,2.1,23.0,0.3679708826,0.2551376503,0.9933415832,600000.0,648990.0,340.145957117
2019-09-01,Kitsap,2019,9,Sep,387,604.0,391.0,455.0,1.6,13.0,0.3178807947,0.4418604651,1.006181412,388000.0,408000.0,213.141811922
2019-09-01,Kittitas,2019,9,Sep,90,209.0,72.0,84.0,2.3,29.0,0.2392344498,0.1111111111,0.9831062056,340000.0,368750.0,218.672976437
2019-09-01,Klickitat,2019,9,Sep,21,108.0,27.0,29.0,5.1,31.0,0.2962962963,0.1428571429,0.96378308,389000.0,459000.0,184.535104364
2019-09-01,Lewis,2019,9,Sep,116,231.0,107.0,125.0,2.0,25.0,0.3246753247,0.3534482759,0.9865673545,275000.0,275000.0,170.059666535
2019-09-01,Lincoln,2019,9,Sep,20,71.0,15.0,20.0,3.6,135.0,,0.2,0.9920393125,207500.0,260000.0,83.75
2019-09-01,Mason,2019,9,Sep,122,224.0,100.0,133.0,1.8,23.0,0.2857142857,0.3606557377,0.9971716988,309000.0,282450.0,184.959542257
2019-09-01,Okanogan,2019,9,Sep,43,225.0,49.0,38.0,5.2,57.0,0.1377777778,0.1395348837,0.9663907498,217000.0,249000.0,146.942800789
2019-09-01,Pacific,2019,9,Sep,35,182.0,37.0,57.0,5.2,60.0,0.2362637363,0.05714285714,0.8988414402,189101.0,235000.0,151.523237179
2019-09-01,Pend Oreille,2019,9,Sep,15,94.0,17.0,23.0,6.3,39.0,0.2127659574,0.2666666667,0.9897998822,299000.0,285000.0,176.216484608
2019-09-01,Pierce,2019,9,Sep,1389,2175.0,1340.0,1535.0,1.6,16.0,0.3475862069,0.4442044636,1.00344354,377450.0,369900.0,202.115602569
2019-09-01,San Juan,2019,9,Sep,27,193.0,19.0,35.0,7.1,76.0,0.2227979275,0.07407407407,0.96143842,565000.0,849000.0,363.906926407
2019-09-01,Skagit,2019,9,Sep,172,395.0,168.0,224.0,2.3,27.0,0.3316455696,0.238372093,0.9904623684,389000.0,372450.0,228.471001757
2019-09-01,Skamania,2019,9,Sep,8,65.0,16.0,17.0,8.1,29.0,0.2615384615,0.375,1.009986283,321000.0,462500.0,193.299988821
2019-09-01,Snohomish,2019,9,Sep,1278,2096.0,1300.0,1297.0,1.6,21.0,0.3559160305,0.2957746479,0.998041927,475000.0,487271.5,258.618534483
2019-09-01,Spokane,2019,9,Sep,910,1380.0,868.0,867.0,1.5,17.0,0.3644927536,0.3758241758,1.001068218,275000.0,279219.5,132.42247736
2019-09-01,Stevens,2019,9,Sep,46,245.0,65.0,74.0,5.3,63.0,0.1755102041,0.0652173913,0.9566161279,226110.0,269000.0,134.223646724
2019-09-01,Thurston,2019,9,Sep,530,621.0,440.0,476.0,1.2,13.0,0.3639291465,0.3886792453,1.002013714,350000.0,340000.0,188.928289992
2019-09-01,Wahkiakum,2019,9,Sep,5,23.0,4.0,6.0,4.6,61.0,0.3043478261,0.0,0.9734421553,204900.0,299450.0,182.291666667
2019-09-01,Walla Walla,2019,9,Sep,68,341.0,84.0,67.0,5.0,69.0,0.00293255132,0.4852941176,1.015393759,305250.0,289000.0,162.863193592
2019-09-01,Whatcom,2019,9,Sep,308,721.0,340.0,357.0,2.3,21.0,0.2871012483,0.2727272727,0.9905536555,390000.0,429000.0,239.795918367
2019-09-01,Whitman,2019,9,Sep,36,173.0,35.0,36.0,4.8,72.0,,0.1944444444,0.968544936,249337.5,250000.0,140.010932705
2019-09-01,Yakima,2019,9,Sep,160,537.0,167.0,154.0,3.4,68.0,,0.31875,1.003661645,250000.0,255000.0,148.422629263
2019-10-01,Adams,2019,10,Oct,4,55.0,9.0,4.0,13.8,103.0,,0.5,1.004722658,227000.0,135000.0,135.796767502
2019-10-01,Asotin,2019,10,Oct,25,100.0,28.0,25.0,4.0,69.0,,0.12,0.9740284376,225000.0,196900.0,124.885635865
2019-10-01,Benton,2019,10,Oct,313,1081.0,345.0,313.0,3.5,66.0,,0.2332268371,0.9936536299,314950.0,324000.0,169.807718302
2019-10-01,Chelan,2019,10,Oct,107,276.0,96.0,105.0,2.6,29.0,0.2427536232,0.1869158879,0.9909494707,384950.0,386750.0,198.446937015
2019-10-01,Clallam,2019,10,Oct,117,349.0,93.0,117.0,3.0,77.0,,0.2222222222,0.9774820223,330000.0,299950.0,200.083056478
2019-10-01,Clark,2019,10,Oct,741,1801.0,702.0,818.0,2.4,33.0,0.3059411438,0.2645074224,0.9923316746,377900.0,384000.0,204.264481707
2019-10-01,Columbia,2019,10,Oct,7,34.0,7.0,7.0,4.9,106.0,,0.1428571429,0.9163204712,210000.0,259900.0,87.62406015
2019-10-01,Cowlitz,2019,10,Oct,158,241.0,140.0,151.0,1.5,27.0,0.3153526971,0.3101265823,0.9939495151,292000.0,269900.0,172.222222222
2019-10-01,Douglas,2019,10,Oct,59,110.0,60.0,47.0,1.9,30.0,0.2090909091,0.4576271186,1.036345553,362900.0,345000.0,218.664850136
2019-10-01,Ferry,2019,10,Oct,8,52.0,7.0,7.0,6.5,118.0,,0.125,0.9920270133,211961.5,155000.0,162.164224664
2019-10-01,Franklin,2019,10,Oct,124,374.0,90.0,122.0,3.0,62.0,,0.3467741935,1.008624744,285500.0,285480.0,163.855720107
2019-10-01,Garfield,2019,10,Oct,2,10.0,,2.0,5.0,77.0,,0.0,0.9212023026,136500.0,,75.904093843
2019-10-01,Grant,2019,10,Oct,87,216.0,71.0,89.0,2.5,22.0,0.2314814815,0.3793103448,0.9993159989,219900.0,229950.0,144.051136364
2019-10-01,Grays Harbor,2019,10,Oct,161,354.0,111.0,167.0,2.2,45.0,0.2570621469,0.2360248447,0.9836473049,230000.0,225000.0,140.326975477
2019-10-01,Island,2019,10,Oct,150,277.0,118.0,156.0,1.8,31.0,0.357400722,0.1666666667,0.9839922247,367622.5,409500.0,225.627916413
2019-10-01,Jefferson,2019,10,Oct,42,133.0,46.0,60.0,3.2,24.0,0.2932330827,0.4523809524,0.9834292085,405140.5,452000.0,234.487145326
2019-10-01,King,2019,10,Oct,2886,4786.0,2673.0,3037.0,1.7,20.0,0.4089009611,0.2671517672,0.9945051652,620000.0,625000.0,336.079005373
2019-10-01,Kitsap,2019,10,Oct,407,546.0,354.0,440.0,1.3,19.0,0.3205128205,0.42997543,1.00267768,385000.0,378286.0,216.820008515
2019-10-01,Kittitas,2019,10,Oct,89,210.0,79.0,71.0,2.4,28.0,0.2285714286,0.191011236,0.97867913,355000.0,345000.0,216.666666667
2019-10-01,Klickitat,2019,10,Oct,24,93.0,16.0,28.0,3.9,72.0,0.1720430108,0.04166666667,0.9468546792,358500.0,287111.0,160.57067533
2019-10-01,Lewis,2019,10,Oct,116,229.0,98.0,119.0,2.0,31.0,0.3100436681,0.3706896552,0.9964896568,266500.0,287450.0,173.408793413
2019-10-01,Lincoln,2019,10,Oct,14,62.0,11.0,14.0,4.4,80.0,,0.3571428571,1.007981674,155000.0,199950.0,77.316635961
2019-10-01,Mason,2019,10,Oct,117,193.0,79.0,120.0,1.6,19.0,0.2849740933,0.4188034188,1.005844725,300000.0,279900.0,198.026315789
2019-10-01,Okanogan,2019,10,Oct,42,193.0,31.0,42.0,4.6,61.0,0.2124352332,0.2380952381,0.9915254732,260500.0,235000.0,135.918811163
2019-10-01,Pacific,2019,10,Oct,47,172.0,46.0,42.0,3.7,44.0,0.1976744186,0.08510638298,0.8886826325,195118.0,244250.0,152.074615385
2019-10-01,Pend Oreille,2019,10,Oct,31,78.0,15.0,22.0,2.5,89.0,0.1794871795,0.1290322581,0.935160677,289000.0,285000.0,147.690655209
2019-10-01,Pierce,2019,10,Oct,1402,1963.0,1235.0,1474.0,1.4,18.0,0.345899134,0.4243937233,1.00159743,368975.0,375000.0,205.641500587
2019-10-01,San Juan,2019,10,Oct,34,180.0,24.0,31.0,5.3,74.0,0.1444444444,0.1176470588,0.9742664158,624999.0,562500.0,311.804052164
2019-10-01,Skagit,2019,10,Oct,189,350.0,176.0,213.0,1.9,33.0,0.3142857143,0.2857142857,0.9888228074,375000.0,399000.0,223.224794037
2019-10-01,Skamania,2019,10,Oct,16,61.0,11.0,10.0,3.8,91.0,0.2131147541,0.125,0.9685603713,407500.0,399000.0,198.086861721
2019-10-01,Snohomish,2019,10,Oct,1229,1879.0,1123.0,1285.0,1.5,21.0,0.3943587014,0.3002441009,0.9954906566,478000.0,479995.0,262.191924489
2019-10-01,Spokane,2019,10,Oct,975,1284.0,716.0,771.0,1.3,17.0,0.3566978193,0.3723076923,0.9984227787,270000.0,269000.0,133.928571429
2019-10-01,Stevens,2019,10,Oct,94,204.0,38.0,70.0,2.2,69.0,0.1470588235,0.1595744681,0.9624275689,252250.0,279999.5,135.185185185
2019-10-01,Thurston,2019,10,Oct,458,538.0,390.0,469.0,1.2,15.0,0.3382899628,0.4170305677,0.9967264424,345000.0,349900.0,188.51756641
2019-10-01,Wahkiakum,2019,10,Oct,5,25.0,8.0,7.0,5.0,64.0,0.2,0.2,0.9820679998,174000.0,299000.0,127.644055434
2019-10-01,Walla Walla,2019,10,Oct,83,315.0,68.0,82.0,3.8,95.0,,0.3614457831,1.006863361,281621.0,304950.0,152.494729445
2019-10-01,Whatcom,2019,10,Oct,318,662.0,321.0,350.0,2.1,26.0,0.3429003021,0.2232704403,0.9914611343,419500.0,424950.0,245.216688966
2019-10-01,Whitman,2019,10,Oct,40,165.0,36.0,41.0,4.1,106.0,,0.1,0.9694673962,296250.0,264750.0,138.99204244
2019-10-01,Yakima,2019,10,Oct,162,550.0,170.0,160.0,3.4,62.0,,0.3333333333,0.9946360634,255000.0,275000.0,147.03346856
2019-11-01,Adams,2019,11,Nov,8,48.0,7.0,8.0,6.0,170.0,,0.375,0.9876604961,227000.0,235000.0,124.248507751
2019-11-01,Asotin,2019,11,Nov,32,83.0,16.0,32.0,2.6,75.0,,0.1875,0.9806682506,233000.0,186975.0,142.83810024
2019-11-01,Benton,2019,11,Nov,286,971.0,216.0,284.0,3.4,71.0,,0.2097902098,0.9945172108,314900.0,325000.0,166.13672496
2019-11-01,Chelan,2019,11,Nov,82,233.0,54.0,88.0,2.8,40.0,0.1931330472,0.2073170732,0.9833856329,415000.0,418250.0,195.458787676
2019-11-01,Clallam,2019,11,Nov,105,284.0,41.0,103.0,2.7,62.0,,0.2095238095,0.9914612786,340000.0,399900.0,207.721359631
2019-11-01,Clark,2019,11,Nov,721,1601.0,581.0,726.0,2.2,40.0,0.2029981262,0.2760055479,0.9936129062,389999.5,383232.0,203.481624758
2019-11-01,Columbia,2019,11,Nov,9,26.0,3.0,9.0,2.9,160.0,,0.6666666667,1.064667043,214646.0,139000.0,114.462209302
2019-11-01,Cowlitz,2019,11,Nov,142,236.0,108.0,133.0,1.7,33.0,0.2542372881,0.3169014085,0.9918118571,279950.0,286200.0,178.469794979
2019-11-01,Douglas,2019,11,Nov,54,102.0,44.0,43.0,1.9,20.0,0.2254901961,0.462962963,1.047427455,365536.5,329900.0,202.186395684
2019-11-01,Ferry,2019,11,Nov,12,41.0,2.0,12.0,3.4,170.0,,0.0,0.9107946362,162500.0,274250.0,120.512820513
2019-11-01,Franklin,2019,11,Nov,94,385.0,115.0,93.0,4.1,76.0,,0.2765957447,0.9990051844,285536.0,271794.0,167.87627551
2019-11-01,Garfield,2019,11,Nov,3,10.0,3.0,3.0,3.3,190.0,,0.0,0.9388790167,182000.0,135000.0,82.8125
2019-11-01,Grant,2019,11,Nov,79,183.0,56.0,68.0,2.3,35.0,0.1202185792,0.1772151899,0.9848281894,259900.0,238524.5,137.106184364
2019-11-01,Grays Harbor,2019,11,Nov,128,326.0,103.0,133.0,2.5,47.0,0.1687116564,0.3125,0.9834371672,221450.0,224900.0,143.355198771
2019-11-01,Island,2019,11,Nov,115,251.0,109.0,136.0,2.2,25.0,0.2270916335,0.252173913,0.9833741988,380000.0,349950.0,218.571428571
2019-11-01,Jefferson,2019,11,Nov,38,113.0,26.0,34.0,3.0,27.0,0.1415929204,0.3947368421,0.9840151856,407640.5,457000.0,222.305152381
2019-11-01,King,2019,11,Nov,2534,3534.0,1589.0,2543.0,1.4,24.0,0.2775891341,0.2533543804,0.9926035107,605000.0,599950.0,346.153846154
2019-11-01,Kitsap,2019,11,Nov,339,474.0,276.0,356.0,1.4,18.0,0.2489451477,0.4159292035,1.001693813,383958.0,380950.0,208.555956679
2019-11-01,Kittitas,2019,11,Nov,54,157.0,34.0,75.0,2.9,39.0,0.1719745223,0.1296296296,0.9705588588,337500.0,374450.0,206.753760895
2019-11-01,Klickitat,2019,11,Nov,22,75.0,8.0,20.0,3.4,36.0,0.1733333333,0.2727272727,0.9814727799,263783.5,492000.0,161.379402082
2019-11-01,Lewis,2019,11,Nov,84,218.0,80.0,100.0,2.6,35.0,0.2247706422,0.3928571429,1.001908262,252450.0,268500.0,153.953883644
2019-11-01,Lincoln,2019,11,Nov,5,56.0,4.0,5.0,11.2,85.0,,0.0,0.9704898284,190000.0,299450.0,109.447004608
2019-11-01,Mason,2019,11,Nov,77,164.0,56.0,72.0,2.1,21.0,0.256097561,0.3116883117,0.9885147707,275000.0,268699.5,189.024390244
2019-11-01,Okanogan,2019,11,Nov,34,168.0,23.0,27.0,4.9,92.0,0.130952381,0.1470588235,0.970670279,202572.0,172000.0,132.891414141
2019-11-01,Pacific,2019,11,Nov,36,153.0,27.0,42.0,4.3,77.0,0.1111111111,0.08333333333,0.884162616,176893.5,205000.0,156.049027778
2019-11-01,Pend Oreille,2019,11,Nov,19,62.0,10.0,11.0,3.3,88.0,0.1935483871,0.1578947368,0.9725423458,254000.0,389900.0,147.235576923
2019-11-01,Pierce,2019,11,Nov,1192,1489.0,820.0,1286.0,1.2,22.0,0.2625923439,0.3875838926,1.001216891,374997.5,380000.0,205.175558596
2019-11-01,San Juan,2019,11,Nov,26,168.0,13.0,14.0,6.5,112.0,0.09523809524,0.07692307692,0.9589396881,628489.0,650000.0,332.774049217
2019-11-01,Skagit,2019,11,Nov,155,310.0,102.0,151.0,2.0,29.0,0.1709677419,0.2387096774,0.9943122077,379990.0,415000.0,223.89947191
2019-11-01,Skamania,2019,11,Nov,8,55.0,9.0,14.0,6.9,61.0,0.2,0.125,0.9568007388,309000.0,349000.0,176.738218468
2019-11-01,Snohomish,2019,11,Nov,1070,1447.0,778.0,1088.0,1.4,25.0,0.2543192813,0.2841121495,0.997218677,470000.0,499602.0,261.182288682
2019-11-01,Spokane,2019,11,Nov,715,1090.0,512.0,644.0,1.5,24.0,0.2568807339,0.2965034965,0.9941779935,274999.0,275000.0,131.720430108
2019-11-01,Stevens,2019,11,Nov,47,168.0,25.0,41.0,3.6,71.0,0.1130952381,0.06382978723,0.9630436056,205000.0,279000.0,112.139335099
2019-11-01,Thurston,2019,11,Nov,390,458.0,314.0,397.0,1.2,20.0,0.2336244541,0.3948717949,0.9985551075,350750.0,339950.0,185.617078089
2019-11-01,Wahkiakum,2019,11,Nov,4,20.0,2.0,8.0,5.0,99.0,0.1,0.25,0.9685453992,305500.0,340200.0,157.38580178
2019-11-01,Walla Walla,2019,11,Nov,76,286.0,56.0,76.0,3.8,85.0,,0.3026315789,1.009399625,303966.5,299700.0,164.987971096
2019-11-01,Whatcom,2019,11,Nov,289,568.0,181.0,247.0,2.0,20.0,0.2165492958,0.2733564014,0.9971390233,409000.0,394900.0,236.761710794
2019-11-01,Whitman,2019,11,Nov,25,158.0,31.0,25.0,6.3,93.0,0.006329113924,0.08,0.9809125019,285000.0,265000.0,142.716535433
2019-11-01,Yakima,2019,11,Nov,154,506.0,126.0,151.0,3.3,61.0,,0.3246753247,0.9959414312,265000.0,250000.0,148.703409122
2019-12-01,Adams,2019,12,Dec,11,46.0,11.0,11.0,4.2,119.0,,0.09090909091,0.95365284,132500.0,198000.0,114.619262404
2019-12-01,Asotin,2019,12,Dec,22,75.0,13.0,22.0,3.4,60.0,,0.1818181818,0.9680541967,183500.0,219900.0,115.482222961
2019-12-01,Benton,2019,12,Dec,270,849.0,179.0,264.0,3.1,87.0,,0.2222222222,0.9938711469,315700.0,339000.0,163.126691799
2019-12-01,Chelan,2019,12,Dec,72,193.0,47.0,57.0,2.7,59.0,0.1088082902,0.1527777778,0.9803606029,330740.0,334000.0,186.447638604
2019-12-01,Clallam,2019,12,Dec,95,228.0,42.0,95.0,2.4,89.0,,0.1894736842,0.9690463483,325000.0,349500.0,185.248766447
2019-12-01,Clark,2019,12,Dec,722,1359.0,373.0,569.0,1.9,43.0,0.1368653422,0.2742382271,0.99380497,375000.0,389950.0,204.991087344
2019-12-01,Columbia,2019,12,Dec,8,21.0,1.0,8.0,2.6,161.0,,0.25,1.000583499,240500.0,149900.0,99.550429384
2019-12-01,Cowlitz,2019,12,Dec,99,200.0,75.0,115.0,2.0,22.0,0.21,0.3737373737,1.000294376,283000.0,259900.0,164.221938776
2019-12-01,Douglas,2019,12,Dec,29,88.0,27.0,37.0,3.0,27.0,0.05681818182,0.4482758621,1.019099797,369900.0,394000.0,203.305322129
2019-12-01,Ferry,2019,12,Dec,8,29.0,,7.0,3.6,101.0,0.03448275862,0.0,0.9861419839,177000.0,,188.888888889
2019-12-01,Franklin,2019,12,Dec,114,336.0,67.0,113.0,2.9,87.0,,0.2807017544,0.9999275276,284419.0,279900.0,169.246389395
2019-12-01,Garfield,2019,12,Dec,1,12.0,2.0,1.0,12.0,3161.0,,0.0,0.9287429944,116000.0,164450.0,70.818070818
2019-12-01,Grant,2019,12,Dec,76,168.0,51.0,49.0,2.2,62.0,0.1130952381,0.25,0.9908449032,281000.0,217500.0,140.064883073
2019-12-01,Grays Harbor,2019,12,Dec,107,302.0,80.0,112.0,2.8,49.0,0.09933774834,0.1962616822,0.9735767563,200000.0,189950.0,135.102420857
2019-12-01,Island,2019,12,Dec,131,203.0,56.0,88.0,1.5,41.0,0.1527093596,0.2061068702,0.9879903745,399900.0,342000.0,227.817745803
2019-12-01,Jefferson,2019,12,Dec,36,91.0,24.0,39.0,2.5,42.0,0.06593406593,0.3333333333,0.9740042061,427640.5,424450.0,261.841692114
2019-12-01,King,2019,12,Dec,2592,2495.0,1047.0,1809.0,1.0,33.0,0.170741483,0.2395833333,0.9919435274,620000.0,599950.0,343.137254902
2019-12-01,Kitsap,2019,12,Dec,386,352.0,163.0,255.0,0.9,22.0,0.1761363636,0.3730569948,1.000826996,396000.0,375000.0,215.635738832
2019-12-01,Kittitas,2019,12,Dec,78,123.0,29.0,39.0,1.6,46.0,0.1463414634,0.1794871795,0.9820493562,349835.0,355000.0,203.251678567
2019-12-01,Klickitat,2019,12,Dec,18,65.0,10.0,16.0,3.6,72.0,0.09230769231,0.0,0.9438689309,323500.0,389000.0,255.774456983
2019-12-01,Lewis,2019,12,Dec,78,199.0,41.0,83.0,2.6,41.0,0.1909547739,0.2179487179,0.9816976151,259950.0,259900.0,166.447935007
2019-12-01,Lincoln,2019,12,Dec,8,45.0,4.0,8.0,5.6,153.0,,0.25,0.9821950066,184975.0,159975.0,124.269005848
2019-12-01,Mason,2019,12,Dec,71,129.0,32.0,53.0,1.8,49.0,0.1705426357,0.2535211268,0.9952582746,280000.0,273999.5,187.211981567
2019-12-01,Okanogan,2019,12,Dec,37,141.0,14.0,30.0,3.8,135.0,0.07092198582,0.2432432432,0.9924025474,270000.0,212500.0,134.666666667
2019-12-01,Pacific,2019,12,Dec,31,126.0,11.0,29.0,4.1,59.0,0.1349206349,0.09677419355,0.8896249016,205000.0,189900.0,161.603705918
2019-12-01,Pend Oreille,2019,12,Dec,22,53.0,8.0,12.0,2.4,47.0,0.07547169811,0.09090909091,0.9650779928,307500.0,187000.0,144.5625
2019-12-01,Pierce,2019,12,Dec,1234,1221.0,680.0,943.0,1.0,22.0,0.1605241605,0.4003241491,1.001256955,375000.0,385000.0,207.479508197
2019-12-01,San Juan,2019,12,Dec,20,148.0,11.0,22.0,7.4,134.0,0.07432432432,0.05,0.9759612141,802500.0,550000.0,366.392143185
2019-12-01,Skagit,2019,12,Dec,147,249.0,86.0,125.0,1.7,38.0,0.09236947791,0.2789115646,0.9953080673,360000.0,380450.0,220.125786164
2019-12-01,Skamania,2019,12,Dec,10,39.0,,13.0,3.9,68.0,0.05128205128,0.1,0.9788042486,363000.0,,208.282523523
2019-12-01,Snohomish,2019,12,Dec,1170,1084.0,555.0,823.0,0.9,31.0,0.1706642066,0.2495726496,0.9946391583,499950.0,479950.0,261.46159197
2019-12-01,Spokane,2019,12,Dec,768,820.0,313.0,527.0,1.1,26.0,0.1780487805,0.3020833333,0.9952308945,265000.0,269000.0,133.902295468
2019-12-01,Stevens,2019,12,Dec,42,127.0,22.0,48.0,3.0,94.0,0.07874015748,0.09523809524,0.9639727359,219500.0,184450.0,138.392857143
2019-12-01,Thurston,2019,12,Dec,401,323.0,219.0,344.0,0.8,18.0,0.1857585139,0.3765586035,0.9989266404,340500.0,339900.0,183.61049711
2019-12-01,Wahkiakum,2019,12,Dec,8,17.0,4.0,9.0,2.1,107.0,0.1764705882,0.0,0.9670230474,212750.0,226000.0,169.992609017
2019-12-01,Walla Walla,2019,12,Dec,60,243.0,32.0,60.0,4.1,77.0,,0.3166666667,1.005848033,285362.5,264000.0,154.397424488
2019-12-01,Whatcom,2019,12,Dec,250,453.0,124.0,216.0,1.8,38.0,0.1479028698,0.224,0.9874280054,389000.0,381950.0,235.42846668
2019-12-01,Whitman,2019,12,Dec,37,124.0,14.0,37.0,3.4,84.0,,0.1081081081,0.9708203942,267500.0,267000.0,127.923976608
2019-12-01,Yakima,2019,12,Dec,137,453.0,91.0,132.0,3.3,74.0,,0.299270073,0.9959134982,264900.0,247850.0,150.624464745
2020-01-01,Adams,2020,1,Jan,12,39.0,8.0,12.0,3.3,151.0,,0.1666666667,0.9358080825,127250.0,175500.0,74.785895892
2020-01-01,Asotin,2020,1,Jan,21,71.0,18.0,21.0,3.4,117.0,,0.0,0.9716660254,218700.0,266950.0,158.088235294
2020-01-01,Benton,2020,1,Jan,232,865.0,270.0,236.0,3.7,92.0,,0.1681034483,0.9964508492,303900.0,339900.0,162.707070707
2020-01-01,Chelan,2020,1,Jan,58,166.0,57.0,79.0,2.9,39.0,0.1325301205,0.1379310345,0.982169578,357000.0,379000.0,210.948310948
2020-01-01,Clallam,2020,1,Jan,65,195.0,32.0,64.0,3.0,110.0,,0.2307692308,0.9753070672,345500.0,322450.0,205.026455026
2020-01-01,Clark,2020,1,Jan,519,1268.0,632.0,692.0,2.4,47.0,0.1616719243,0.2658959538,0.9930843761,383000.0,399000.0,205.197168857
2020-01-01,Columbia,2020,1,Jan,2,24.0,6.0,2.0,12.0,115.0,,0.0,0.9756920214,279450.0,112950.0,141.523291876
2020-01-01,Cowlitz,2020,1,Jan,89,171.0,118.0,147.0,1.9,29.0,0.2514619883,0.3820224719,1.005816735,295000.0,287450.0,175.386444709
2020-01-01,Douglas,2020,1,Jan,53,70.0,36.0,44.0,1.3,49.0,0.1857142857,0.2264150943,0.9911163405,330000.0,384500.0,198.722303207
2020-01-01,Ferry,2020,1,Jan,4,27.0,6.0,4.0,6.8,155.0,,0.0,0.8972619237,220000.0,107450.0,86.274509804
2020-01-01,Franklin,2020,1,Jan,79,361.0,114.0,79.0,4.6,77.0,,0.3291139241,1.004347643,285279.0,285000.0,180.220955096
2020-01-01,Garfield,2020,1,Jan,2,11.0,2.0,2.0,5.5,107.0,,0.0,0.9580645161,100000.0,235000.0,58.583333333
2020-01-01,Grant,2020,1,Jan,47,163.0,70.0,80.0,3.5,54.0,0.1226993865,0.1914893617,0.9838434581,225000.0,279450.0,135.951661631
2020-01-01,Grays Harbor,2020,1,Jan,107,270.0,102.0,131.0,2.5,43.0,0.1666666667,0.1775700935,0.9811337633,208000.0,214750.0,148.913043478
2020-01-01,Island,2020,1,Jan,85,155.0,71.0,123.0,1.8,27.0,0.2516129032,0.2352941176,0.9792371915,349000.0,399000.0,223.776223776
2020-01-01,Jefferson,2020,1,Jan,30,81.0,32.0,42.0,2.7,60.0,0.1975308642,0.2333333333,0.9758321563,400281.0,399000.0,220.155120482
2020-01-01,King,2020,1,Jan,1760,2346.0,2203.0,2361.0,1.3,41.0,0.1781756181,0.2346590909,0.9931919862,605000.0,649000.0,344.742268041
2020-01-01,Kitsap,2020,1,Jan,245,328.0,271.0,320.0,1.3,24.0,0.2012195122,0.3428571429,1.000595055,400000.0,394000.0,207.641941392
2020-01-01,Kittitas,2020,1,Jan,45,106.0,43.0,47.0,2.4,60.0,0.1226415094,0.1555555556,0.9690966928,355000.0,419500.0,213.472314877
2020-01-01,Klickitat,2020,1,Jan,16,65.0,11.0,20.0,4.1,60.0,0.06153846154,0.0625,0.9383126138,272500.0,319000.0,124.061050615
2020-01-01,Lewis,2020,1,Jan,71,177.0,82.0,111.0,2.5,37.0,0.2259887006,0.2676056338,0.9860947794,276900.0,287250.0,170.986842105
2020-01-01,Lincoln,2020,1,Jan,8,40.0,7.0,8.0,5.0,108.0,,0.375,0.9860549995,195350.0,125000.0,83.679114799
2020-01-01,Mason,2020,1,Jan,52,121.0,69.0,78.0,2.3,26.0,0.1074380165,0.3269230769,1.000773726,285000.0,317500.0,183.199740783
2020-01-01,Okanogan,2020,1,Jan,29,131.0,21.0,25.0,4.5,71.0,0.03053435115,0.1034482759,0.9555902482,167000.0,155000.0,128.846153846
2020-01-01,Pacific,2020,1,Jan,33,122.0,31.0,39.0,3.7,78.0,0.1393442623,0.0,0.9457960114,203500.0,233000.0,152.884615385
2020-01-01,Pend Oreille,2020,1,Jan,6,44.0,10.0,13.0,7.3,150.0,0.02272727273,0.3333333333,0.9544926231,206500.0,217500.0,117.75085034
2020-01-01,Pierce,2020,1,Jan,892,1172.0,1021.0,1138.0,1.3,24.0,0.1450511945,0.4125560538,1.002651459,380000.0,399950.0,205.696202532
2020-01-01,San Juan,2020,1,Jan,13,142.0,14.0,12.0,10.9,121.0,0.04225352113,0.1538461538,0.9229701707,500000.0,750500.0,230.698529412
2020-01-01,Skagit,2020,1,Jan,111,234.0,115.0,132.0,2.1,42.0,0.1452991453,0.2882882883,0.9873683687,380000.0,397950.0,228.136406844
2020-01-01,Skamania,2020,1,Jan,11,34.0,5.0,13.0,3.1,84.0,0.05882352941,0.0,0.9545264171,324000.0,485000.0,217.24137931
2020-01-01,Snohomish,2020,1,Jan,755,1089.0,1003.0,1067.0,1.4,32.0,0.1680440771,0.3006622517,0.9964509863,480995.0,517000.0,262.345679012
2020-01-01,Spokane,2020,1,Jan,522,730.0,489.0,586.0,1.4,33.0,0.1616438356,0.285440613,0.9928351369,275903.0,279900.0,135.416666667
2020-01-01,Stevens,2020,1,Jan,34,116.0,26.0,31.0,3.4,75.0,0.05172413793,0.05882352941,0.969500817,244500.0,250000.0,131.23261571
2020-01-01,Thurston,2020,1,Jan,297,322.0,322.0,343.0,1.1,17.0,0.2049689441,0.4208754209,1.001727229,359000.0,355497.5,196.108546402
2020-01-01,Wahkiakum,2020,1,Jan,7,18.0,4.0,5.0,2.6,55.0,0.1111111111,0.2857142857,1.010192474,235000.0,329500.0,161.401098901
2020-01-01,Walla Walla,2020,1,Jan,55,212.0,42.0,55.0,3.9,88.0,,0.2363636364,0.9891899635,276000.0,277000.0,153.435114504
2020-01-01,Whatcom,2020,1,Jan,196,421.0,192.0,237.0,2.1,49.0,0.190023753,0.1785714286,0.9857149874,387000.0,429450.0,232.360774818
2020-01-01,Whitman,2020,1,Jan,23,138.0,38.0,23.0,6.0,76.0,,0.1304347826,0.977962895,263000.0,350000.0,115.217391304
2020-01-01,Yakima,2020,1,Jan,130,425.0,119.0,131.0,3.3,77.0,,0.3076923077,0.9922216701,259000.0,263000.0,147.066982691
2020-02-01,Adams,2020,2,Feb,11,32.0,5.0,11.0,2.9,112.0,,0.2727272727,0.9677727502,208348.0,219000.0,145.384615385
2020-02-01,Asotin,2020,2,Feb,13,75.0,18.0,13.0,5.8,70.0,,0.2307692308,0.9841161846,241000.0,220250.0,132.352941176
2020-02-01,Benton,2020,2,Feb,229,896.0,272.0,228.0,3.9,92.0,,0.2008733624,0.9939797369,323753.0,331950.0,173.961218837
2020-02-01,Chelan,2020,2,Feb,54,172.0,76.0,73.0,3.2,37.0,0.1279069767,0.1111111111,0.9772263516,326250.0,443750.0,200.007935324
2020-02-01,Clallam,2020,2,Feb,62,206.0,69.0,61.0,3.3,110.0,,0.1129032258,0.9785615591,337000.0,354475.0,190.0
2020-02-01,Clark,2020,2,Feb,554,1275.0,716.0,731.0,2.3,29.0,0.1058823529,0.3158844765,0.9962165791,389950.0,399900.0,207.324840764
2020-02-01,Columbia,2020,2,Feb,1,27.0,5.0,1.0,27.0,47.0,,1.0,1.031894934,165000.0,269000.0,112.168592794
2020-02-01,Cowlitz,2020,2,Feb,119,159.0,108.0,140.0,1.3,34.0,0.2201257862,0.4453781513,1.00513514,278000.0,284400.0,167.633104902
2020-02-01,Douglas,2020,2,Feb,33,79.0,54.0,45.0,2.4,43.0,0.1012658228,0.1818181818,0.9866087181,367000.0,376900.0,199.312714777
2020-02-01,Ferry,2020,2,Feb,1,37.0,10.0,1.0,37.0,535.0,,0.0,0.8888888889,200000.0,397475.0,123.762376238
2020-02-01,Franklin,2020,2,Feb,97,376.0,120.0,97.0,3.9,77.0,,0.2474226804,0.9985674543,282500.0,302357.0,174.811765507
2020-02-01,Garfield,2020,2,Feb,2,12.0,2.0,2.0,6.0,551.0,,0.0,1.0,107000.0,200750.0,55.13369844
2020-02-01,Grant,2020,2,Feb,64,176.0,81.0,71.0,2.8,55.0,0.1306818182,0.21875,0.9851269039,213500.0,219900.0,136.204148472
2020-02-01,Grays Harbor,2020,2,Feb,76,279.0,106.0,130.0,3.7,53.0,0.1720430108,0.3421052632,1.001245097,204750.0,233900.0,133.320826998
2020-02-01,Island,2020,2,Feb,90,178.0,119.0,118.0,2.0,54.0,0.1292134831,0.1666666667,0.9875852146,399975.0,450000.0,220.478910989
2020-02-01,Jefferson,2020,2,Feb,34,84.0,35.0,40.0,2.5,38.0,0.2738095238,0.3235294118,1.000144925,408500.0,449000.0,250.457961884
2020-02-01,King,2020,2,Feb,2132,2598.0,2932.0,2758.0,1.2,17.0,0.1274056967,0.3710131332,1.006964415,615000.0,645000.0,374.017191575
2020-02-01,Kitsap,2020,2,Feb,243,352.0,315.0,326.0,1.4,22.0,0.1164772727,0.4320987654,1.002286329,395000.0,370000.0,220.557258536
2020-02-01,Kittitas,2020,2,Feb,42,110.0,63.0,66.0,2.6,64.0,0.1090909091,0.07142857143,0.9810211968,392475.0,360000.0,222.024905572
2020-02-01,Klickitat,2020,2,Feb,7,66.0,16.0,16.0,9.4,152.0,0.09090909091,0.1428571429,0.9674323719,390000.0,262450.0,236.363636364
2020-02-01,Lewis,2020,2,Feb,73,184.0,106.0,117.0,2.5,54.0,0.1956521739,0.3424657534,0.9925798278,280750.0,279450.0,172.826086957
2020-02-01,Lincoln,2020,2,Feb,6,40.0,7.0,6.0,6.7,139.0,,0.1666666667,0.9853612551,200350.0,399995.0,84.0
2020-02-01,Mason,2020,2,Feb,51,117.0,80.0,104.0,2.3,41.0,0.1367521368,0.3725490196,0.9902269719,281000.0,322475.0,195.063694268
2020-02-01,Okanogan,2020,2,Feb,18,121.0,28.0,43.0,6.7,66.0,0.09090909091,0.1666666667,0.9607656554,216650.0,253700.0,157.208994709
2020-02-01,Pacific,2020,2,Feb,21,122.0,37.0,36.0,5.8,72.0,0.1147540984,0.1428571429,0.9581362766,216500.0,237000.0,145.348837209
2020-02-01,Pend Oreille,2020,2,Feb,11,47.0,20.0,15.0,4.3,54.0,0.1063829787,0.0,0.9198972208,250000.0,292950.0,194.234006734
2020-02-01,Pierce,2020,2,Feb,914,1254.0,1224.0,1255.0,1.4,14.0,0.13476874,0.4803063457,1.009362075,399975.0,404950.0,211.397766654
2020-02-01,San Juan,2020,2,Feb,14,151.0,28.0,18.0,10.8,183.0,0.08609271523,0.1428571429,0.9594483478,574000.0,704600.0,346.205485907
2020-02-01,Skagit,2020,2,Feb,107,265.0,167.0,165.0,2.5,29.0,0.1698113208,0.308411215,0.9923918707,407500.0,399950.0,232.297896691
2020-02-01,Skamania,2020,2,Feb,9,35.0,11.0,11.0,3.9,61.0,0.08571428571,0.1111111111,0.9530183161,285000.0,329950.0,181.760204082
2020-02-01,Snohomish,2020,2,Feb,863,1033.0,1094.0,1258.0,1.2,17.0,0.1364956438,0.3684820394,1.004807165,503405.0,510619.5,268.75
2020-02-01,Spokane,2020,2,Feb,502,689.0,599.0,651.0,1.4,28.0,0.1175616836,0.3605577689,0.9977809883,271700.0,294900.0,142.25101626
2020-02-01,Stevens,2020,2,Feb,24,112.0,33.0,34.0,4.7,59.0,0.07142857143,0.04166666667,0.9754999828,259750.0,305000.0,133.543940264
2020-02-01,Thurston,2020,2,Feb,296,346.0,397.0,411.0,1.2,13.0,0.1531791908,0.4932432432,1.009119534,363275.0,355690.0,194.278536215
2020-02-01,Wahkiakum,2020,2,Feb,4,17.0,6.0,4.0,4.3,34.0,0.05882352941,0.0,0.9915684267,291000.0,300000.0,133.967687684
2020-02-01,Walla Walla,2020,2,Feb,54,206.0,52.0,53.0,3.8,131.0,,0.2222222222,0.9720322968,269365.0,272750.0,132.537134445
2020-02-01,Whatcom,2020,2,Feb,182,418.0,265.0,285.0,2.3,46.0,0.1267942584,0.2857142857,0.992349114,429900.0,444750.0,247.116968699
2020-02-01,Whitman,2020,2,Feb,24,163.0,50.0,24.0,6.8,136.0,,0.04166666667,0.9779802362,277000.0,319995.0,148.295867895
2020-02-01,Yakima,2020,2,Feb,109,463.0,147.0,109.0,4.2,85.0,,0.2568807339,0.9865320731,262640.0,262640.0,153.776630084
2020-03-01,Adams,2020,3,Mar,11,35.0,12.0,11.0,3.2,97.0,,0.0,0.977500469,234000.0,227500.0,150.002785673
2020-03-01,Asotin,2020,3,Mar,21,90.0,32.0,20.0,4.3,78.0,,0.1428571429,0.9812565524,195000.0,237450.0,116.971544715
2020-03-01,Benton,2020,3,Mar,265,969.0,366.0,266.0,3.7,62.0,,0.2603773585,0.9969396174,329200.0,339900.0,168.789889957
2020-03-01,Chelan,2020,3,Mar,65,211.0,114.0,81.0,3.2,41.0,0.1137440758,0.1384615385,0.9825730196,377000.0,396475.0,204.992657856
2020-03-01,Clallam,2020,3,Mar,85,239.0,103.0,84.0,2.8,92.0,,0.2,0.9899833995,375000.0,345000.0,214.548611111
2020-03-01,Clark,2020,3,Mar,667,1458.0,950.0,810.0,2.2,26.0,0.1495198903,0.3523238381,1.002842805,396750.0,399250.0,208.543404438
2020-03-01,Columbia,2020,3,Mar,5,23.0,3.0,5.0,4.6,61.0,,0.4,0.9825447804,129000.0,179000.0,106.2215478
2020-03-01,Cowlitz,2020,3,Mar,118,165.0,138.0,144.0,1.4,13.0,0.1878787879,0.4661016949,1.014117842,296000.0,296000.0,181.688622623
2020-03-01,Douglas,2020,3,Mar,38,101.0,57.0,40.0,2.7,19.0,0.1683168317,0.3947368421,1.002379601,363500.0,379500.0,211.535305114
2020-03-01,Ferry,2020,3,Mar,10,37.0,11.0,8.0,3.7,150.0,,0.0,0.9416815097,103000.0,399900.0,76.884920635
2020-03-01,Franklin,2020,3,Mar,128,333.0,92.0,128.0,2.6,67.0,,0.3671875,1.004691384,285087.5,285000.0,178.813644101
2020-03-01,Garfield,2020,3,Mar,4,10.0,2.0,4.0,2.5,185.0,,0.0,0.9578130121,138750.0,127500.0,66.745418099
2020-03-01,Grant,2020,3,Mar,74,215.0,117.0,80.0,2.9,37.0,0.1255813953,0.3783783784,0.9929480654,235800.0,245000.0,150.069252078
2020-03-01,Grays Harbor,2020,3,Mar,112,303.0,146.0,138.0,2.7,28.0,0.1320132013,0.2678571429,0.9957205298,215000.0,235000.0,146.176802346
2020-03-01,Island,2020,3,Mar,97,196.0,153.0,141.0,2.0,16.0,0.1479591837,0.2989690722,0.9916574707,423500.0,425000.0,234.149855908
2020-03-01,Jefferson,2020,3,Mar,32,97.0,51.0,40.0,3.0,49.0,0.206185567,0.1875,0.978732248,478000.0,465000.0,232.367385156
2020-03-01,King,2020,3,Mar,2692,3343.0,3763.0,3044.0,1.2,7.0,0.1567454382,0.4621099554,1.019942202,650000.0,675000.0,388.501361073
2020-03-01,Kitsap,2020,3,Mar,305,466.0,484.0,407.0,1.5,8.0,0.1394849785,0.4852459016,1.010621514,394500.0,419000.0,222.475334523
2020-03-01,Kittitas,2020,3,Mar,57,151.0,103.0,64.0,2.6,12.0,0.1721854305,0.2105263158,0.9894849181,360000.0,424000.0,207.554786621
2020-03-01,Klickitat,2020,3,Mar,19,75.0,25.0,22.0,3.9,127.0,0.08,0.2105263158,0.9819822219,455000.0,495000.0,180.074836296
2020-03-01,Lewis,2020,3,Mar,93,223.0,136.0,119.0,2.4,26.0,0.1838565022,0.3655913978,0.9932486697,279900.0,323450.0,173.937051353
2020-03-01,Lincoln,2020,3,Mar,10,52.0,25.0,10.0,5.2,147.0,,0.2,0.9696978722,192500.0,329900.0,87.377010189
2020-03-01,Mason,2020,3,Mar,83,157.0,120.0,85.0,1.9,20.0,0.1974522293,0.3734939759,0.9983679353,299500.0,332500.0,197.704081633
2020-03-01,Okanogan,2020,3,Mar,38,133.0,58.0,42.0,3.5,92.0,0.08270676692,0.05263157895,0.9653318533,184127.5,313450.0,122.105452007
2020-03-01,Pacific,2020,3,Mar,21,123.0,47.0,45.0,5.9,111.0,0.1382113821,0.09523809524,0.9510385456,256500.0,259900.0,164.596273292
2020-03-01,Pend Oreille,2020,3,Mar,13,44.0,17.0,20.0,3.4,160.0,0.1590909091,0.07692307692,0.9448778364,369900.0,284500.0,133.814289039
2020-03-01,Pierce,2020,3,Mar,1180,1567.0,1639.0,1490.0,1.3,6.0,0.1403956605,0.5474576271,1.016829098,405000.0,405000.0,216.158955566
2020-03-01,San Juan,2020,3,Mar,18,155.0,39.0,31.0,8.6,161.0,0.1677419355,0.1666666667,0.9724322952,505000.0,695000.0,315.160777041
2020-03-01,Skagit,2020,3,Mar,144,294.0,196.0,186.0,2.0,18.0,0.1632653061,0.3402777778,0.9973893876,397000.0,450000.0,224.035428932
2020-03-01,Skamania,2020,3,Mar,14,42.0,22.0,13.0,3.0,99.0,0.2380952381,0.1428571429,0.9613025302,349350.0,493975.0,177.362258548
2020-03-01,Snohomish,2020,3,Mar,1117,1330.0,1445.0,1239.0,1.2,9.0,0.1526315789,0.4628469114,1.012055115,514995.0,524990.0,270.684894118
2020-03-01,Spokane,2020,3,Mar,660,846.0,812.0,704.0,1.3,11.0,0.1513002364,0.4090909091,1.007937408,294000.0,314900.0,146.135402119
2020-03-01,Stevens,2020,3,Mar,32,136.0,60.0,33.0,4.3,55.0,0.06617647059,0.1875,0.9693167779,272500.0,294000.0,128.005198181
2020-03-01,Thurston,2020,3,Mar,376,422.0,505.0,466.0,1.1,6.0,0.1658767773,0.5718085106,1.013571338,350500.0,359000.0,198.928571429
2020-03-01,Wahkiakum,2020,3,Mar,4,13.0,4.0,8.0,3.3,207.0,0.1538461538,0.0,0.9457123751,291500.0,339700.0,180.074550718
2020-03-01,Walla Walla,2020,3,Mar,59,210.0,74.0,59.0,3.6,117.0,,0.3050847458,0.995030673,310000.0,310000.0,160.953800298
2020-03-01,Whatcom,2020,3,Mar,239,530.0,399.0,312.0,2.2,19.0,0.158490566,0.3138075314,0.9998152203,425000.0,425000.0,246.551724138
2020-03-01,Whitman,2020,3,Mar,35,184.0,61.0,35.0,5.3,72.0,,0.1142857143,0.9789117292,287000.0,318000.0,142.857142857
2020-03-01,Yakima,2020,3,Mar,151,466.0,162.0,146.0,3.1,60.0,,0.3841059603,1.003540898,260000.0,279280.0,153.419593346
2020-04-01,Adams,2020,4,Apr,8,28.0,4.0,8.0,3.5,72.0,,0.125,0.9665410144,167500.0,255000.0,103.78794694
2020-04-01,Asotin,2020,4,Apr,22,85.0,14.0,22.0,3.9,85.0,,0.4090909091,0.9955324321,257450.0,186450.0,128.279322594
2020-04-01,Benton,2020,4,Apr,242,982.0,271.0,242.0,4.1,64.0,,0.2685950413,0.9947550043,332150.0,349900.0,170.305806759
2020-04-01,Chelan,2020,4,Apr,51,199.0,69.0,83.0,3.9,23.0,0.216080402,0.3333333333,0.9934568971,355000.0,414900.0,215.767634855
2020-04-01,Clallam,2020,4,Apr,85,222.0,56.0,85.0,2.6,53.0,,0.2117647059,0.9878176585,332500.0,374500.0,210.599863667
2020-04-01,Clark,2020,4,Apr,571,1425.0,632.0,637.0,2.5,14.0,0.209122807,0.3940455342,1.002879298,390000.0,399000.0,208.211143695
2020-04-01,Columbia,2020,4,Apr,6,26.0,9.0,6.0,4.3,108.0,,0.0,0.9440255547,210000.0,260000.0,94.263507623
2020-04-01,Cowlitz,2020,4,Apr,113,170.0,123.0,126.0,1.5,13.0,0.1705882353,0.4778761062,1.007193881,300000.0,290000.0,186.464088398
2020-04-01,Douglas,2020,4,Apr,33,103.0,46.0,42.0,3.1,19.0,0.145631068,0.2121212121,0.988254073,349900.0,373750.0,215.481171548
2020-04-01,Ferry,2020,4,Apr,2,35.0,4.0,2.0,17.5,82.0,,0.5,0.96759878,266250.0,244700.0,107.948214656
2020-04-01,Franklin,2020,4,Apr,90,310.0,74.0,90.0,3.4,52.0,,0.4333333333,1.006518104,296500.0,308450.0,179.6875
2020-04-01,Grant,2020,4,Apr,66,202.0,74.0,73.0,3.1,24.0,0.1485148515,0.3181818182,0.9981574431,230500.0,259000.0,150.714119713
2020-04-01,Grays Harbor,2020,4,Apr,101,285.0,81.0,105.0,2.8,29.0,0.1192982456,0.3267326733,0.9906325878,235000.0,239000.0,158.120024106
2020-04-01,Island,2020,4,Apr,102,193.0,124.0,129.0,1.9,10.0,0.1917098446,0.3529411765,0.9967545568,399500.0,442425.0,246.452376019
2020-04-01,Jefferson,2020,4,Apr,39,103.0,47.0,48.0,2.6,31.0,0.145631068,0.2564102564,0.9789070085,426500.0,430000.0,247.158767233
2020-04-01,King,2020,4,Apr,2182,3652.0,2617.0,2302.0,1.7,6.0,0.191128149,0.4789184235,1.016300779,660000.0,649000.0,375.262054507
2020-04-01,Kitsap,2020,4,Apr,273,469.0,332.0,337.0,1.7,6.0,0.1940298507,0.4871794872,1.009203913,400000.0,414950.0,228.608752449
2020-04-01,Kittitas,2020,4,Apr,38,141.0,70.0,78.0,3.7,23.0,0.1631205674,0.1842105263,0.9749954918,336450.0,439875.0,221.363331146
2020-04-01,Klickitat,2020,4,Apr,11,75.0,22.0,15.0,6.8,60.0,0.1466666667,0.2727272727,0.9497094861,260000.0,369500.0,134.020618557
2020-04-01,Lewis,2020,4,Apr,79,216.0,98.0,115.0,2.7,14.0,0.2685185185,0.3544303797,0.9872496405,267000.0,312400.0,176.445578231
2020-04-01,Lincoln,2020,4,Apr,10,51.0,9.0,11.0,5.1,266.0,,0.3,0.987947713,168500.0,185000.0,113.861386139
2020-04-01,Mason,2020,4,Apr,76,160.0,90.0,109.0,2.1,13.0,0.15625,0.4078947368,1.00341145,319950.0,349998.5,200.941189416
2020-04-01,Okanogan,2020,4,Apr,34,140.0,37.0,31.0,4.1,143.0,0.08571428571,0.05882352941,0.9599893259,249500.0,354000.0,126.906629917
2020-04-01,Pacific,2020,4,Apr,31,119.0,24.0,33.0,3.8,46.0,0.05042016807,0.2258064516,0.9839322417,221500.0,224000.0,167.848258706
2020-04-01,Pend Oreille,2020,4,Apr,12,50.0,18.0,15.0,4.2,13.0,0.04,0.1666666667,0.9828316292,204950.0,407000.0,150.668120155
2020-04-01,Pierce,2020,4,Apr,1016,1604.0,1226.0,1300.0,1.6,5.0,0.2182044888,0.562992126,1.015693865,398500.0,399950.0,222.353829528
2020-04-01,San Juan,2020,4,Apr,14,142.0,17.0,19.0,10.1,208.0,0.08450704225,0.07142857143,0.9336650092,467000.0,625000.0,309.490839855
2020-04-01,Skagit,2020,4,Apr,138,303.0,167.0,161.0,2.2,7.0,0.204620462,0.4492753623,1.004148963,397825.0,407500.0,232.517114271
2020-04-01,Skamania,2020,4,Apr,10,35.0,6.0,16.0,3.5,9.0,0.1714285714,0.2,0.9720326379,362850.0,494000.0,207.871720117
2020-04-01,Snohomish,2020,4,Apr,880,1459.0,1132.0,1030.0,1.7,6.0,0.2097326936,0.5068181818,1.011988478,510000.0,525000.0,280.031331174
2020-04-01,Spokane,2020,4,Apr,591,868.0,673.0,655.0,1.5,6.0,0.2039170507,0.4551607445,1.010750917,285000.0,299900.0,146.499339078
2020-04-01,Stevens,2020,4,Apr,36,146.0,59.0,33.0,4.1,60.0,0.1438356164,0.1666666667,0.9769979908,274500.0,348900.0,126.728110599
2020-04-01,Thurston,2020,4,Apr,315,444.0,389.0,403.0,1.4,5.0,0.2117117117,0.5619047619,1.013059459,359000.0,362500.0,201.989485335
2020-04-01,Wahkiakum,2020,4,Apr,6,8.0,2.0,5.0,1.3,103.0,0.25,0.0,0.9837750955,268000.0,320000.0,160.792795734
2020-04-01,Walla Walla,2020,4,Apr,45,229.0,69.0,44.0,5.1,50.0,,0.3555555556,0.9987496735,302500.0,299000.0,159.932659933
2020-04-01,Whatcom,2020,4,Apr,225,604.0,308.0,249.0,2.7,11.0,0.1539735099,0.3466666667,1.00151549,425000.0,421250.0,242.165242165
2020-04-01,Whitman,2020,4,Apr,35,186.0,44.0,35.0,5.3,76.0,0.005376344086,0.1428571429,0.9919796199,315000.0,271750.0,146.484375
2020-04-01,Yakima,2020,4,Apr,138,457.0,145.0,137.0,3.3,59.0,,0.3115942029,0.9880823499,266630.0,285000.0,153.441896347
2020-05-01,Adams,2020,5,May,7,32.0,13.0,7.0,4.6,206.0,,0.1428571429,0.965079982,200000.0,204900.0,75.471698113
2020-05-01,Asotin,2020,5,May,26,87.0,26.0,26.0,3.3,71.0,,0.3846153846,0.9955964006,200750.0,222450.0,124.164900186
2020-05-01,Benton,2020,5,May,256,1022.0,314.0,257.0,4.0,65.0,,0.2890625,0.9977212232,329925.0,349200.0,175.571945847
2020-05-01,Chelan,2020,5,May,76,227.0,155.0,136.0,3.0,18.0,0.1762114537,0.1710526316,0.989177409,410000.0,507000.0,232.657572611
2020-05-01,Clallam,2020,5,May,68,248.0,90.0,68.0,3.6,72.0,,0.3088235294,0.9896624885,371500.0,372450.0,214.146341463
2020-05-01,Clark,2020,5,May,604,1375.0,888.0,920.0,2.3,18.0,0.2174545455,0.3460264901,0.9987702377,385000.0,413400.0,216.647150664
2020-05-01,Columbia,2020,5,May,2,36.0,12.0,2.0,18.0,213.0,,0.0,0.9441874533,136000.0,189450.0,93.882991284
2020-05-01,Cowlitz,2020,5,May,105,175.0,148.0,173.0,1.7,16.0,0.2342857143,0.4285714286,0.9930504327,295000.0,307500.0,191.42394822
2020-05-01,Douglas,2020,5,May,33,111.0,61.0,59.0,3.4,23.0,0.2882882883,0.1515151515,0.9834220832,375000.0,349900.0,209.905660377
2020-05-01,Ferry,2020,5,May,4,35.0,11.0,4.0,8.8,108.0,,0.0,0.9949367342,273975.0,299900.0,101.395004421
2020-05-01,Franklin,2020,5,May,79,342.0,113.0,79.0,4.3,70.0,,0.3544303797,0.9969160128,290500.0,289900.0,180.555555556
2020-05-01,Garfield,2020,5,May,3,6.0,,3.0,2.0,140.0,,0.0,0.991401223,130000.0,,72.167428434
2020-05-01,Grant,2020,5,May,55,181.0,120.0,150.0,3.3,21.0,0.1104972376,0.3454545455,0.9884379422,255000.0,269450.0,152.214776071
2020-05-01,Grays Harbor,2020,5,May,91,266.0,136.0,166.0,2.9,51.0,0.1466165414,0.2967032967,0.9892309583,239500.0,251250.0,159.861407249
2020-05-01,Island,2020,5,May,122,183.0,154.0,183.0,1.5,14.0,0.2459016393,0.3032786885,0.9881748895,405000.0,399999.5,246.666666667
2020-05-01,Jefferson,2020,5,May,26,100.0,54.0,56.0,3.8,26.0,0.13,0.2307692308,0.9800038223,424000.0,482450.0,213.959854015
2020-05-01,King,2020,5,May,2147,3797.0,3417.0,3243.0,1.8,10.0,0.2662628391,0.3586399627,1.004367122,642950.0,676247.0,363.636363636
2020-05-01,Kitsap,2020,5,May,298,496.0,468.0,466.0,1.7,6.0,0.1935483871,0.533557047,1.007523264,404494.0,419450.0,227.0289596
2020-05-01,Kittitas,2020,5,May,62,162.0,111.0,95.0,2.6,14.0,0.1296296296,0.1290322581,0.9748117341,359000.0,428750.0,228.33532197
2020-05-01,Klickitat,2020,5,May,13,66.0,23.0,29.0,5.1,102.0,0.1818181818,0.07692307692,0.9487056934,482000.0,424900.0,203.090507726
2020-05-01,Lewis,2020,5,May,93,192.0,101.0,132.0,2.1,23.0,0.2552083333,0.2580645161,0.9907187698,277000.0,295000.0,189.531267929
2020-05-01,Lincoln,2020,5,May,9,65.0,25.0,9.0,7.2,55.0,,0.3333333333,0.9930147356,200000.0,245000.0,77.600671141
2020-05-01,Mason,2020,5,May,75,144.0,111.0,133.0,1.9,19.0,0.2222222222,0.4,0.9977500306,295000.0,359999.0,203.862660944
2020-05-01,Okanogan,2020,5,May,29,127.0,50.0,56.0,4.4,27.0,0.1023622047,0.2068965517,0.9739504678,219000.0,312250.0,121.058558559
2020-05-01,Pacific,2020,5,May,25,103.0,43.0,57.0,4.1,21.0,0.145631068,0.16,0.9569873679,225000.0,225000.0,170.454545455
2020-05-01,Pend Oreille,2020,5,May,19,59.0,29.0,20.0,3.1,17.0,0.08474576271,0.1052631579,0.9768739302,299900.0,365000.0,157.035175879
2020-05-01,Pierce,2020,5,May,1076,1522.0,1471.0,1642.0,1.4,8.0,0.229303548,0.5353159851,1.011370304,396775.0,409999.0,222.527429072
2020-05-01,San Juan,2020,5,May,25,142.0,44.0,34.0,5.7,71.0,0.1197183099,0.08,0.9498503392,585000.0,678000.0,286.433975598
2020-05-01,Skagit,2020,5,May,141,296.0,202.0,235.0,2.1,21.0,0.2297297297,0.3687943262,0.9971899384,424000.0,433000.0,229.656247849
2020-05-01,Skamania,2020,5,May,8,32.0,11.0,19.0,4.0,95.0,0.28125,0.125,0.9669400901,452450.0,450000.0,194.226072154
2020-05-01,Snohomish,2020,5,May,916,1392.0,1344.0,1487.0,1.5,10.0,0.2579022989,0.3864628821,1.004020775,495000.0,525000.0,275.303829772
2020-05-01,Spokane,2020,5,May,609,896.0,861.0,870.0,1.5,7.0,0.21875,0.4252873563,1.008284668,297750.0,310000.0,148.52262655
2020-05-01,Stevens,2020,5,May,33,161.0,78.0,58.0,4.9,40.0,0.1366459627,0.2727272727,0.9914102734,257000.0,304000.0,147.954120541
2020-05-01,Thurston,2020,5,May,329,422.0,471.0,532.0,1.3,7.0,0.2251184834,0.5167173252,1.009707869,370000.0,379950.0,204.545454545
2020-05-01,Wahkiakum,2020,5,May,5,7.0,3.0,3.0,1.4,50.0,0.1428571429,0.2,1.001087036,325000.0,269500.0,168.75
2020-05-01,Walla Walla,2020,5,May,59,238.0,75.0,58.0,4.0,59.0,,0.3898305085,0.9920394804,289900.0,300000.0,164.224664225
2020-05-01,Whatcom,2020,5,May,224,578.0,307.0,356.0,2.6,14.0,0.2179930796,0.34375,0.9968211568,420000.0,449900.0,253.293413174
2020-05-01,Whitman,2020,5,May,36,184.0,44.0,36.0,5.1,88.0,,0.08333333333,0.9751236095,244500.0,260750.0,131.366727823
2020-05-01,Yakima,2020,5,May,117,492.0,166.0,116.0,4.2,66.0,,0.3760683761,1.006141828,277530.0,304791.0,158.426313587
2020-06-01,Adams,2020,6,Jun,7,41.0,17.0,7.0,5.9,94.0,,0.0,0.9740652868,230000.0,235000.0,113.566605279
2020-06-01,Asotin,2020,6,Jun,28,89.0,30.0,28.0,3.2,88.0,,0.3214285714,0.9952258749,225500.0,284750.0,128.141063888
2020-06-01,Benton,2020,6,Jun,322,1057.0,392.0,322.0,3.3,68.0,,0.2763975155,0.9989678977,325000.0,343700.0,177.126099707
2020-06-01,Chelan,2020,6,Jun,105,189.0,127.0,173.0,1.8,26.0,0.253968254,0.2476190476,0.9924291839,445000.0,458900.0,230.125523013
2020-06-01,Clallam,2020,6,Jun,102,267.0,107.0,102.0,2.6,76.0,,0.2549019608,0.9924339125,357500.0,339900.0,205.714285714
2020-06-01,Clark,2020,6,Jun,760,1274.0,925.0,1053.0,1.7,18.0,0.2315541601,0.3973684211,1.000789162,399900.0,429450.0,210.708280666
2020-06-01,Columbia,2020,6,Jun,4,40.0,8.0,4.0,10.0,68.0,,0.25,0.9855454383,228500.0,212450.0,121.074670773
2020-06-01,Cowlitz,2020,6,Jun,142,166.0,177.0,209.0,1.2,10.0,0.265060241,0.4577464789,1.002029266,289950.0,324900.0,195.3125
2020-06-01,Douglas,2020,6,Jun,52,92.0,60.0,81.0,1.8,21.0,0.2826086957,0.2692307692,0.9952534582,352700.0,369900.0,216.928172943
2020-06-01,Ferry,2020,6,Jun,9,45.0,18.0,9.0,5.0,103.0,0.02222222222,0.0,0.9067896719,178000.0,192450.0,127.321749551
2020-06-01,Franklin,2020,6,Jun,112,344.0,122.0,113.0,3.1,52.0,,0.4375,1.007636803,301914.5,296000.0,174.134574262
2020-06-01,Garfield,2020,6,Jun,2,5.0,1.0,2.0,2.5,193.0,,0.0,0.756302521,112500.0,154900.0,52.016608764
2020-06-01,Grant,2020,6,Jun,112,177.0,131.0,142.0,1.6,27.0,0.1581920904,0.2232142857,0.9879562323,247950.0,260000.0,151.574937652
2020-06-01,Grays Harbor,2020,6,Jun,134,258.0,178.0,214.0,1.9,34.0,0.1627906977,0.2537313433,0.9885909816,235950.0,259999.0,173.053439553
2020-06-01,Island,2020,6,Jun,170,165.0,162.0,196.0,1.0,20.0,0.2666666667,0.3117647059,0.9927346984,415000.0,450000.0,241.920815781
2020-06-01,Jefferson,2020,6,Jun,57,89.0,62.0,76.0,1.6,16.0,0.191011236,0.1578947368,0.9929906146,493500.0,498750.0,256.144506427
2020-06-01,King,2020,6,Jun,3009,3846.0,3885.0,3803.0,1.3,9.0,0.2680707228,0.3994682619,1.007574048,683000.0,675000.0,377.403846154
2020-06-01,Kitsap,2020,6,Jun,421,445.0,475.0,558.0,1.1,8.0,0.2292134831,0.5083135392,1.008609011,424365.0,425000.0,234.657990438
2020-06-01,Kittitas,2020,6,Jun,95,146.0,114.0,135.0,1.5,19.0,0.2054794521,0.1578947368,0.9834093672,469900.0,447475.0,259.259259259
2020-06-01,Klickitat,2020,6,Jun,31,57.0,32.0,40.0,1.8,32.0,0.298245614,0.09677419355,0.9582471047,347000.0,422000.0,224.401913876
2020-06-01,Lewis,2020,6,Jun,112,178.0,130.0,165.0,1.6,29.0,0.297752809,0.3839285714,0.9964865215,288500.0,328950.0,187.487060637
2020-06-01,Lincoln,2020,6,Jun,12,62.0,16.0,13.0,5.2,51.0,,0.3333333333,0.9754561169,215500.0,221250.0,120.917085427
2020-06-01,Mason,2020,6,Jun,122,128.0,144.0,168.0,1.0,22.0,0.328125,0.3278688525,0.9914816632,334750.0,374975.0,198.449695686
2020-06-01,Okanogan,2020,6,Jun,40,123.0,57.0,65.0,3.1,44.0,0.1382113821,0.125,0.9703607703,217500.0,359500.0,150.162337662
2020-06-01,Pacific,2020,6,Jun,42,93.0,54.0,68.0,2.2,47.0,0.1827956989,0.2857142857,0.9779494732,242000.0,249500.0,187.065972222
2020-06-01,Pend Oreille,2020,6,Jun,23,49.0,22.0,34.0,2.1,69.0,0.1428571429,0.2173913043,0.9786080928,305000.0,267499.5,162.723600692
2020-06-01,Pierce,2020,6,Jun,1444,1425.0,1510.0,1722.0,1.0,9.0,0.2147368421,0.521468144,1.011111365,410000.0,425000.0,225.964482547
2020-06-01,San Juan,2020,6,Jun,31,130.0,44.0,64.0,4.2,49.0,0.1230769231,0.09677419355,0.9513101221,630000.0,842000.0,386.029411765
2020-06-01,Skagit,2020,6,Jun,212,275.0,204.0,247.0,1.3,17.0,0.2945454545,0.358490566,0.9999402673,413500.0,424950.0,235.943368336
2020-06-01,Skamania,2020,6,Jun,17,26.0,17.0,26.0,1.5,29.0,0.3076923077,0.1176470588,0.9691448562,439000.0,425000.0,187.924258664
2020-06-01,Snohomish,2020,6,Jun,1423,1247.0,1420.0,1623.0,0.9,10.0,0.2542101043,0.4413211525,1.008878387,525000.0,529995.0,275.712793726
2020-06-01,Spokane,2020,6,Jun,880,836.0,930.0,1009.0,1.0,8.0,0.2846889952,0.4579545455,1.010169431,304000.0,321247.5,149.302919708
2020-06-01,Stevens,2020,6,Jun,65,154.0,77.0,76.0,2.4,31.0,0.2077922078,0.2615384615,0.9843378156,292500.0,299950.0,144.6875
2020-06-01,Thurston,2020,6,Jun,465,338.0,499.0,604.0,0.7,6.0,0.2928994083,0.5548387097,1.012950358,376000.0,379900.0,204.949729312
2020-06-01,Wahkiakum,2020,6,Jun,3,9.0,5.0,4.0,3.0,122.0,0.2222222222,0.6666666667,1.038592151,385000.0,389900.0,138.411518811
2020-06-01,Walla Walla,2020,6,Jun,83,218.0,73.0,83.0,2.6,58.0,,0.3253012048,0.9911936431,310000.0,319000.0,152.639087019
2020-06-01,Whatcom,2020,6,Jun,333,593.0,429.0,437.0,1.8,18.0,0.2074198988,0.3123123123,0.9962911859,421550.0,449900.0,262.927756654
2020-06-01,Whitman,2020,6,Jun,58,172.0,46.0,58.0,3.0,100.0,,0.1379310345,0.9809464747,287281.0,295500.0,150.666930516
2020-06-01,Yakima,2020,6,Jun,172,482.0,173.0,172.0,2.8,58.0,,0.261627907,0.9899000162,291500.0,299900.0,157.867449058
2020-07-01,Adams,2020,7,Jul,13,57.0,30.0,14.0,4.4,62.0,,0.2307692308,0.9772980385,236000.0,237666.5,112.595419847
2020-07-01,Asotin,2020,7,Jul,29,84.0,25.0,29.0,2.9,72.0,,0.275862069,0.9975065956,265000.0,269900.0,140.243902439
2020-07-01,Benton,2020,7,Jul,419,1031.0,403.0,418.0,2.5,57.0,,0.353221957,1.00201333,350000.0,354900.0,180.664980123
2020-07-01,Chelan,2020,7,Jul,146,175.0,148.0,166.0,1.2,26.0,0.2114285714,0.2328767123,0.9923679676,423500.0,467000.0,233.133433283
2020-07-01,Clallam,2020,7,Jul,142,265.0,110.0,142.0,1.9,56.0,,0.2887323944,0.9956162603,359800.0,352500.0,212.765957447
2020-07-01,Clark,2020,7,Jul,977,1357.0,1117.0,1061.0,1.4,15.0,0.1871775976,0.3971340839,1.001653905,407000.0,410900.0,215.61691113
2020-07-01,Columbia,2020,7,Jul,14,31.0,8.0,14.0,2.2,75.0,,0.1428571429,0.9439711533,170000.0,194450.0,99.041353383
2020-07-01,Cowlitz,2020,7,Jul,164,153.0,177.0,208.0,0.9,9.0,0.2810457516,0.512195122,0.9993048858,327875.0,329900.0,187.412864385
2020-07-01,Douglas,2020,7,Jul,67,73.0,71.0,94.0,1.1,27.0,0.2876712329,0.2985074627,0.9980407066,378900.0,385000.0,213.319386332
2020-07-01,Ferry,2020,7,Jul,10,49.0,10.0,9.0,4.9,333.0,0.02040816327,0.0,0.9286807382,130500.0,287450.0,110.526315789
2020-07-01,Franklin,2020,7,Jul,107,373.0,145.0,107.0,3.5,53.0,,0.3925233645,1.005006445,300000.0,309900.0,180.261609907
2020-07-01,Garfield,2020,7,Jul,2,5.0,1.0,2.0,2.5,988.0,,0.5,0.9687178676,242500.0,167900.0,87.678849695
2020-07-01,Grant,2020,7,Jul,140,179.0,162.0,165.0,1.3,23.0,0.1787709497,0.3142857143,0.9898341809,270000.0,273798.0,160.763038581
2020-07-01,Grays Harbor,2020,7,Jul,164,240.0,183.0,228.0,1.5,22.0,0.2208333333,0.3170731707,0.9941983743,269500.0,265000.0,194.034090909
2020-07-01,Island,2020,7,Jul,183,149.0,187.0,224.0,0.8,11.0,0.2684563758,0.306010929,1.000601542,440000.0,495000.0,260.915492958
2020-07-01,Jefferson,2020,7,Jul,61,96.0,72.0,74.0,1.6,19.0,0.2604166667,0.3278688525,0.9982711185,444000.0,467000.0,249.683944374
2020-07-01,King,2020,7,Jul,3566,4195.0,4439.0,4094.0,1.2,8.0,0.2824791418,0.4326977005,1.013193058,675000.0,674900.0,376.848869713
2020-07-01,Kitsap,2020,7,Jul,505,466.0,497.0,516.0,0.9,6.0,0.2510729614,0.4891089109,1.012669041,431250.0,439000.0,232.41118921
2020-07-01,Kittitas,2020,7,Jul,114,152.0,131.0,133.0,1.3,14.0,0.2697368421,0.2105263158,0.9953043525,368000.0,450000.0,229.6440379
2020-07-01,Klickitat,2020,7,Jul,22,57.0,27.0,30.0,2.6,31.0,0.2631578947,0.3181818182,0.9807808688,489500.0,389000.0,230.445380013
2020-07-01,Lewis,2020,7,Jul,141,173.0,157.0,177.0,1.2,30.0,0.3063583815,0.4184397163,1.001896465,340000.0,329000.0,192.307692308
2020-07-01,Lincoln,2020,7,Jul,12,67.0,18.0,11.0,5.6,64.0,,0.3333333333,0.9862478342,230500.0,419950.0,101.534296029
2020-07-01,Mason,2020,7,Jul,151,135.0,140.0,156.0,0.9,15.0,0.3703703704,0.417218543,1.00145615,345000.0,349700.0,206.790123457
2020-07-01,Okanogan,2020,7,Jul,57,120.0,69.0,81.0,2.1,54.0,0.175,0.2631578947,0.9804747869,320000.0,319000.0,209.223443223
2020-07-01,Pacific,2020,7,Jul,58,104.0,72.0,73.0,1.8,83.0,0.2403846154,0.2068965517,0.9846675604,240250.0,255900.0,190.113379683
2020-07-01,Pend Oreille,2020,7,Jul,30,50.0,29.0,28.0,1.7,16.0,0.1,0.3,0.9934680397,272750.0,250000.0,177.352693603
2020-07-01,Pierce,2020,7,Jul,1583,1539.0,1899.0,1901.0,1.0,7.0,0.2391163093,0.542008844,1.013422792,426700.0,423900.0,224.95854063
2020-07-01,San Juan,2020,7,Jul,54,128.0,51.0,65.0,2.4,82.0,0.171875,0.1481481481,0.9757170186,639625.0,844750.0,327.221105309
2020-07-01,Skagit,2020,7,Jul,218,268.0,253.0,277.0,1.2,21.0,0.25,0.3165137615,0.9995280395,420000.0,437000.0,243.658217022
2020-07-01,Skamania,2020,7,Jul,18,26.0,21.0,20.0,1.4,62.0,0.1923076923,0.1111111111,0.9902930572,426500.0,399000.0,206.737476221
2020-07-01,Snohomish,2020,7,Jul,1507,1273.0,1654.0,1689.0,0.8,8.0,0.2309505106,0.4664897147,1.009877759,548000.0,535000.0,277.798047109
2020-07-01,Spokane,2020,7,Jul,1056,857.0,948.0,999.0,0.8,7.0,0.3022170362,0.4479166667,1.01175099,312000.0,315000.0,151.058377897
2020-07-01,Stevens,2020,7,Jul,81,153.0,82.0,70.0,1.9,34.0,0.1045751634,0.2592592593,0.9952076046,294000.0,324950.0,150.452390491
2020-07-01,Thurston,2020,7,Jul,572,386.0,651.0,624.0,0.7,5.0,0.2564766839,0.6031468531,1.015341066,382750.0,385000.0,206.066824767
2020-07-01,Wahkiakum,2020,7,Jul,5,10.0,9.0,7.0,2.0,6.0,0.3,0.0,0.9914955236,389900.0,267700.0,178.571428571
2020-07-01,Walla Walla,2020,7,Jul,76,209.0,69.0,76.0,2.8,68.0,,0.3026315789,0.9893447211,290000.0,319000.0,160.344567792
2020-07-01,Whatcom,2020,7,Jul,384,547.0,442.0,498.0,1.4,13.0,0.2742230347,0.3567708333,1.002219081,429125.0,429900.0,260.835303388
2020-07-01,Whitman,2020,7,Jul,51,160.0,43.0,51.0,3.1,70.0,,0.1568627451,0.9817935577,285000.0,335000.0,149.891304348
2020-07-01,Yakima,2020,7,Jul,210,445.0,191.0,210.0,2.1,58.0,,0.4142857143,1.00022466,285000.0,299900.0,163.043478261
2020-08-01,Adams,2020,8,Aug,7,77.0,30.0,7.0,11.0,69.0,,0.2857142857,0.9873255573,210000.0,233339.5,128.164049984
2020-08-01,Asotin,2020,8,Aug,29,89.0,32.0,29.0,3.1,106.0,,0.275862069,0.9990009047,230000.0,212000.0,154.569892473
2020-08-01,Benton,2020,8,Aug,335,1045.0,380.0,336.0,3.1,61.0,,0.3014925373,1.002039863,334000.0,340173.0,177.957286432
2020-08-01,Chelan,2020,8,Aug,112,163.0,127.0,141.0,1.5,26.0,0.2392638037,0.25,0.9953180133,479000.0,485000.0,229.899642821
2020-08-01,Clallam,2020,8,Aug,133,297.0,135.0,133.0,2.2,60.0,,0.2932330827,0.9935714941,370000.0,375000.0,212.121212121
2020-08-01,Clark,2020,8,Aug,875,1231.0,992.0,1146.0,1.4,12.0,0.2453290008,0.4365714286,1.00460782,421900.0,412900.0,219.141914191
2020-08-01,Columbia,2020,8,Aug,7,29.0,7.0,7.0,4.1,86.0,,0.1428571429,0.9114951437,139000.0,199900.0,80.057803468
2020-08-01,Cowlitz,2020,8,Aug,172,177.0,194.0,203.0,1.0,8.0,0.2598870056,0.4360465116,1.009757764,320000.0,336950.0,192.872282217
2020-08-01,Douglas,2020,8,Aug,69,65.0,50.0,63.0,0.9,21.0,0.2461538462,0.3333333333,0.9973388214,397000.0,395000.0,203.246753247
2020-08-01,Ferry,2020,8,Aug,10,52.0,13.0,10.0,5.2,76.0,0.01923076923,0.1,0.9537691019,149500.0,349000.0,133.261634549
2020-08-01,Franklin,2020,8,Aug,106,419.0,160.0,106.0,4.0,52.0,,0.4811320755,1.00768894,300138.5,320000.0,184.188977625
2020-08-01,Garfield,2020,8,Aug,2,6.0,2.0,2.0,3.0,361.0,,0.0,0.9882607588,144000.0,252400.0,110.775075988
2020-08-01,Grant,2020,8,Aug,111,184.0,151.0,158.0,1.7,16.0,0.2119565217,0.2792792793,0.989473941,265000.0,258637.0,158.22526738
2020-08-01,Grays Harbor,2020,8,Aug,175,217.0,187.0,239.0,1.2,26.0,0.2626728111,0.3371428571,0.9934796016,264500.0,269000.0,176.365074271
2020-08-01,Island,2020,8,Aug,195,127.0,172.0,209.0,0.7,9.0,0.188976378,0.4358974359,1.006637607,485000.0,498950.0,266.714082504
2020-08-01,Jefferson,2020,8,Aug,65,82.0,61.0,82.0,1.3,7.0,0.2804878049,0.4,1.010874038,488950.0,450000.0,250.96570606
2020-08-01,King,2020,8,Aug,3571,4304.0,4359.0,4205.0,1.2,7.0,0.3164498141,0.4430131616,1.01377056,686750.0,679950.0,382.601654298
2020-08-01,Kitsap,2020,8,Aug,439,440.0,526.0,605.0,1.0,7.0,0.2431818182,0.5079726651,1.013414649,445000.0,424863.5,245.327102804
2020-08-01,Kittitas,2020,8,Aug,93,121.0,97.0,133.0,1.3,17.0,0.2644628099,0.2688172043,0.9952958312,429900.0,445900.0,234.81195757
2020-08-01,Klickitat,2020,8,Aug,27,43.0,23.0,42.0,1.6,39.0,0.2558139535,0.2222222222,0.9714686907,382000.0,449000.0,178.571428571
2020-08-01,Lewis,2020,8,Aug,142,158.0,130.0,170.0,1.1,19.0,0.2848101266,0.4788732394,1.004785001,335000.0,309999.5,197.220246562
2020-08-01,Lincoln,2020,8,Aug,13,67.0,13.0,13.0,5.2,86.0,,0.07692307692,0.9751740032,319000.0,220000.0,128.582202112
2020-08-01,Mason,2020,8,Aug,121,99.0,122.0,168.0,0.8,12.0,0.3333333333,0.4876033058,1.004251479,348000.0,340000.0,214.087439278
2020-08-01,Okanogan,2020,8,Aug,57,127.0,74.0,76.0,2.2,45.0,0.1732283465,0.2631578947,0.9789960108,322900.0,349750.0,192.039106145
2020-08-01,Pacific,2020,8,Aug,52,98.0,62.0,77.0,1.9,29.0,0.1734693878,0.1730769231,0.9736123032,248000.0,282000.0,194.160997732
2020-08-01,Pend Oreille,2020,8,Aug,18,49.0,24.0,26.0,2.7,13.0,0.2040816327,0.1666666667,0.9878218577,272500.0,359450.0,194.247903564
2020-08-01,Pierce,2020,8,Aug,1609,1373.0,1754.0,1998.0,0.9,6.0,0.2702112163,0.5512740833,1.016395763,430000.0,424950.0,231.686293523
2020-08-01,San Juan,2020,8,Aug,43,112.0,44.0,73.0,2.6,113.0,0.2053571429,0.1627906977,0.987712925,795000.0,740000.0,407.196969697
2020-08-01,Skagit,2020,8,Aug,227,243.0,245.0,296.0,1.1,14.0,0.2345679012,0.4405286344,1.007499531,435000.0,450000.0,241.234424161
2020-08-01,Skamania,2020,8,Aug,24,25.0,20.0,22.0,1.0,86.0,0.16,0.2083333333,0.9911591193,425000.0,448000.0,219.941809951
2020-08-01,Snohomish,2020,8,Aug,1476,1188.0,1665.0,1824.0,0.8,7.0,0.2373737374,0.5298102981,1.01777371,540000.0,535000.0,284.513720743
2020-08-01,Spokane,2020,8,Aug,893,780.0,872.0,988.0,0.9,7.0,0.3,0.451287794,1.015537813,325000.0,315000.0,156.467797295
2020-08-01,Stevens,2020,8,Aug,71,161.0,85.0,73.0,2.3,37.0,0.1366459627,0.2816901408,0.9928785914,325000.0,305000.0,164.909506682
2020-08-01,Thurston,2020,8,Aug,553,296.0,537.0,673.0,0.5,5.0,0.2939189189,0.6148282098,1.019128912,389000.0,391475.0,209.973753281
2020-08-01,Wahkiakum,2020,8,Aug,6,6.0,1.0,6.0,1.0,24.0,0.8333333333,0.5,0.9980560291,332200.0,749500.0,132.291666667
2020-08-01,Walla Walla,2020,8,Aug,69,212.0,77.0,69.0,3.1,66.0,,0.347826087,0.9921682342,315000.0,335900.0,176.116071429
2020-08-01,Whatcom,2020,8,Aug,423,447.0,391.0,519.0,1.1,11.0,0.2572706935,0.3238770686,1.001982691,448000.0,470870.0,262.172284644
2020-08-01,Whitman,2020,8,Aug,45,155.0,45.0,43.0,3.4,73.0,,0.1777777778,0.9829739765,280000.0,249900.0,148.01061008
2020-08-01,Yakima,2020,8,Aug,145,471.0,188.0,143.0,3.2,61.0,,0.3724137931,0.9949359988,320000.0,298250.0,154.517843584
2020-09-01,Adams,2020,9,Sep,8,78.0,10.0,8.0,9.8,94.0,,0.375,1.005048965,199000.0,242500.0,106.421985094
2020-09-01,Asotin,2020,9,Sep,36,88.0,35.0,36.0,2.4,83.0,,0.3333333333,0.9882205263,276400.0,245900.0,141.115384615
2020-09-01,Benton,2020,9,Sep,354,1013.0,338.0,354.0,2.9,61.0,,0.3163841808,1.001036156,362705.0,350000.0,183.761740928
2020-09-01,Chelan,2020,9,Sep,144,158.0,135.0,143.0,1.1,10.0,0.2784810127,0.3472222222,1.001140359,435000.0,439000.0,250.742815004
2020-09-01,Clallam,2020,9,Sep,147,259.0,89.0,147.0,1.8,59.0,,0.3333333333,0.997924946,385000.0,365000.0,225.333465349
2020-09-01,Clark,2020,9,Sep,992,1091.0,884.0,1028.0,1.1,14.0,0.2282309808,0.4566532258,1.006929334,421312.5,414900.0,218.476863753
2020-09-01,Columbia,2020,9,Sep,10,28.0,8.0,10.0,2.8,59.0,,0.1,0.9148733777,197500.0,154750.0,138.158310108
2020-09-01,Cowlitz,2020,9,Sep,156,172.0,170.0,197.0,1.1,7.0,0.273255814,0.5320512821,1.013063098,322500.0,329450.0,192.153250189
2020-09-01,Douglas,2020,9,Sep,74,59.0,58.0,70.0,0.8,22.0,0.3050847458,0.2837837838,0.9969423643,387450.0,379450.0,213.222063075
2020-09-01,Ferry,2020,9,Sep,11,53.0,13.0,12.0,4.8,112.0,0.01886792453,0.1818181818,0.9310212553,160000.0,245000.0,117.910599884
2020-09-01,Franklin,2020,9,Sep,131,426.0,147.0,131.0,3.3,55.0,,0.4122137405,1.00613287,303000.0,357000.0,183.368869936
2020-09-01,Garfield,2020,9,Sep,2,5.0,2.0,2.0,2.5,167.0,,0.5,1.007945538,207500.0,115000.0,99.153811929
2020-09-01,Grant,2020,9,Sep,118,205.0,132.0,123.0,1.7,13.0,0.2048780488,0.3474576271,1.006140747,270853.0,265000.0,164.693764866
2020-09-01,Grays Harbor,2020,9,Sep,164,203.0,168.0,197.0,1.2,20.0,0.2610837438,0.3719512195,1.003708168,269500.0,262500.0,171.868930363
2020-09-01,Island,2020,9,Sep,166,121.0,166.0,182.0,0.7,7.0,0.2396694215,0.4759036145,1.007424697,475000.0,447000.0,269.655568286
2020-09-01,Jefferson,2020,9,Sep,78,68.0,52.0,74.0,0.9,18.0,0.3676470588,0.3846153846,1.00452314,495000.0,512500.0,267.10944268
2020-09-01,King,2020,9,Sep,3743,4228.0,4140.0,4012.0,1.1,7.0,0.3420056764,0.4654020839,1.015578392,700000.0,674250.0,388.559498089
2020-09-01,Kitsap,2020,9,Sep,504,412.0,492.0,539.0,0.8,7.0,0.2524271845,0.5198412698,1.017790474,435000.0,437000.0,246.169637119
2020-09-01,Kittitas,2020,9,Sep,116,115.0,111.0,120.0,1.0,20.0,0.2956521739,0.2844827586,0.9987886166,384975.0,483950.0,251.708644345
2020-09-01,Klickitat,2020,9,Sep,25,45.0,27.0,21.0,1.8,62.0,0.1777777778,0.2,0.9675754701,500000.0,429000.0,208.633093525
2020-09-01,Lewis,2020,9,Sep,133,168.0,140.0,156.0,1.3,15.0,0.2380952381,0.4436090226,1.000361713,319900.0,321750.0,192.714951292
2020-09-01,Lincoln,2020,9,Sep,15,66.0,14.0,15.0,4.4,118.0,,0.2,0.9683904734,340000.0,200000.0,173.671665278
2020-09-01,Mason,2020,9,Sep,150,98.0,114.0,128.0,0.7,14.0,0.2857142857,0.4933333333,1.004889157,374000.0,350000.0,219.720496894
2020-09-01,Okanogan,2020,9,Sep,67,115.0,53.0,60.0,1.7,34.0,0.2347826087,0.1492537313,0.9848551164,338000.0,295000.0,183.0
2020-09-01,Pacific,2020,9,Sep,62,84.0,51.0,81.0,1.4,30.0,0.1428571429,0.2096774194,0.9887431969,248600.0,263000.0,184.787621726
2020-09-01,Pend Oreille,2020,9,Sep,21,44.0,29.0,33.0,2.1,26.0,0.2272727273,0.2857142857,0.9896511432,275000.0,325000.0,160.0
2020-09-01,Pierce,2020,9,Sep,1648,1236.0,1549.0,1784.0,0.8,6.0,0.2839805825,0.5940533981,1.020451179,435000.0,419995.0,233.171127332
2020-09-01,San Juan,2020,9,Sep,58,99.0,46.0,72.0,1.7,124.0,0.2323232323,0.1379310345,0.9793427891,842500.0,709500.0,446.473470095
2020-09-01,Skagit,2020,9,Sep,242,225.0,200.0,238.0,0.9,13.0,0.2666666667,0.4380165289,1.005768579,437000.0,445170.0,246.165607608
2020-09-01,Skamania,2020,9,Sep,18,20.0,9.0,15.0,1.1,7.0,0.1,0.3333333333,0.9835828535,375185.0,449000.0,243.828176432
2020-09-01,Snohomish,2020,9,Sep,1620,1054.0,1609.0,1750.0,0.7,7.0,0.2694497154,0.5234567901,1.017346983,545000.0,549650.0,289.088533402
2020-09-01,Spokane,2020,9,Sep,936,730.0,885.0,963.0,0.8,7.0,0.3616438356,0.4935897436,1.017751679,324992.5,321000.0,158.415036986
2020-09-01,Stevens,2020,9,Sep,69,143.0,65.0,78.0,2.1,36.0,0.1468531469,0.3188405797,0.9905544201,282500.0,279900.0,156.701631702
2020-09-01,Thurston,2020,9,Sep,572,310.0,549.0,560.0,0.5,5.0,0.3129032258,0.5786713287,1.016214973,395000.0,390000.0,213.005329847
2020-09-01,Wahkiakum,2020,9,Sep,2,11.0,8.0,5.0,5.5,11.0,0.09090909091,0.0,0.9725490196,425500.0,387450.0,265.555662706
2020-09-01,Walla Walla,2020,9,Sep,71,203.0,74.0,71.0,2.9,50.0,,0.4084507042,1.005685788,326000.0,316000.0,185.31047266
2020-09-01,Whatcom,2020,9,Sep,410,400.0,362.0,428.0,1.0,9.0,0.2275,0.3756097561,1.006531266,450000.0,457450.0,265.180260311
2020-09-01,Whitman,2020,9,Sep,37,168.0,54.0,37.0,4.5,72.0,,0.1081081081,0.9862802318,299000.0,275000.0,149.812734082
2020-09-01,Yakima,2020,9,Sep,184,500.0,221.0,183.0,2.7,58.0,,0.4619565217,1.005141496,289750.0,285000.0,171.799791407
2020-10-01,Adams,2020,10,Oct,16,74.0,14.0,16.0,4.6,109.0,,0.1875,0.9986217653,239912.5,249500.0,168.711377134
2020-10-01,Asotin,2020,10,Oct,39,72.0,23.0,39.0,1.8,65.0,,0.3333333333,0.9977609645,215000.0,207000.0,130.244755245
2020-10-01,Benton,2020,10,Oct,395,927.0,330.0,394.0,2.3,63.0,,0.3113924051,1.000724511,349900.0,349950.0,184.546615581
2020-10-01,Chelan,2020,10,Oct,136,139.0,91.0,106.0,1.0,15.0,0.273381295,0.4264705882,1.02152316,497450.0,445000.0,256.07220521
2020-10-01,Clallam,2020,10,Oct,166,203.0,74.0,165.0,1.2,57.0,,0.3614457831,0.9985943468,379500.0,363750.0,223.721590909
2020-10-01,Clark,2020,10,Oct,1014,1034.0,949.0,1014.0,1.0,13.0,0.2050290135,0.4487179487,1.007376686,427000.0,434950.0,221.282544354
2020-10-01,Columbia,2020,10,Oct,11,20.0,6.0,11.0,1.8,77.0,,0.1818181818,0.935659445,199000.0,194900.0,89.408528198
2020-10-01,Cowlitz,2020,10,Oct,186,152.0,156.0,199.0,0.8,13.0,0.3618421053,0.5322580645,1.008399243,330000.0,325000.0,204.429301533
2020-10-01,Douglas,2020,10,Oct,56,64.0,42.0,40.0,1.1,10.0,0.1875,0.4642857143,1.010893685,369900.0,392450.0,222.512322443
2020-10-01,Ferry,2020,10,Oct,11,42.0,7.0,9.0,3.8,117.0,,0.09090909091,0.9655184357,315000.0,230000.0,182.471079692
2020-10-01,Franklin,2020,10,Oct,121,432.0,128.0,121.0,3.6,62.0,,0.479338843,1.008182754,320000.0,336495.0,193.548387097
2020-10-01,Garfield,2020,10,Oct,1,7.0,2.0,1.0,7.0,1998.0,,0.0,0.9302325581,120000.0,167500.0,104.166666667
2020-10-01,Grant,2020,10,Oct,150,169.0,106.0,148.0,1.1,18.0,0.2307692308,0.3133333333,0.995952703,269950.0,277000.0,158.184604458
2020-10-01,Grays Harbor,2020,10,Oct,169,178.0,141.0,193.0,1.1,16.0,0.1966292135,0.4201183432,1.004576144,260000.0,269500.0,175.1842581
2020-10-01,Island,2020,10,Oct,184,122.0,172.0,183.0,0.7,8.0,0.2213114754,0.4402173913,1.006180466,450000.0,430000.0,262.258375376
2020-10-01,Jefferson,2020,10,Oct,69,67.0,53.0,62.0,1.0,9.0,0.1940298507,0.4347826087,1.004080358,524250.0,525000.0,280.579890977
2020-10-01,King,2020,10,Oct,3952,3989.0,3725.0,3732.0,1.0,8.0,0.3532213587,0.451417004,1.016380311,690000.0,675000.0,385.391827992
2020-10-01,Kitsap,2020,10,Oct,527,379.0,468.0,513.0,0.7,7.0,0.2796833773,0.5407969639,1.017809336,438200.0,425000.0,240.128068303
2020-10-01,Kittitas,2020,10,Oct,101,95.0,100.0,126.0,0.9,10.0,0.2526315789,0.396039604,1.008909877,500000.0,464499.5,244.964326369
2020-10-01,Klickitat,2020,10,Oct,36,43.0,30.0,36.0,1.2,30.0,0.1162790698,0.25,0.9746403096,423000.0,399900.0,246.144721234
2020-10-01,Lewis,2020,10,Oct,123,164.0,111.0,129.0,1.3,17.0,0.2682926829,0.4715447154,1.011242273,335000.0,309900.0,199.299568966
2020-10-01,Lincoln,2020,10,Oct,22,50.0,10.0,22.0,2.3,121.0,,0.3181818182,0.9996067563,279450.0,287400.0,108.52304178
2020-10-01,Mason,2020,10,Oct,126,88.0,99.0,123.0,0.7,10.0,0.2954545455,0.4523809524,1.00454449,363750.0,365000.0,219.626696833
2020-10-01,Okanogan,2020,10,Oct,56,100.0,37.0,59.0,1.8,31.0,0.14,0.3214285714,0.9975780279,328500.0,334000.0,166.044416074
2020-10-01,Pacific,2020,10,Oct,71,79.0,55.0,67.0,1.1,27.0,0.2784810127,0.1267605634,0.964472745,229000.0,259900.0,182.120045368
2020-10-01,Pend Oreille,2020,10,Oct,23,43.0,18.0,15.0,1.9,25.0,0.2325581395,0.347826087,0.9920721156,325000.0,220000.0,180.722891566
2020-10-01,Pierce,2020,10,Oct,1687,1216.0,1579.0,1684.0,0.7,6.0,0.2582236842,0.5726141079,1.019110316,427500.0,424950.0,233.333333333
2020-10-01,San Juan,2020,10,Oct,59,79.0,37.0,51.0,1.3,68.0,0.1139240506,0.1186440678,0.9616572384,730000.0,693000.0,382.231404959
2020-10-01,Skagit,2020,10,Oct,243,197.0,198.0,217.0,0.8,12.0,0.2385786802,0.3991769547,1.000112746,430000.0,419850.0,253.125
2020-10-01,Skamania,2020,10,Oct,15,17.0,4.0,5.0,1.1,22.0,0.2352941176,0.4,0.9869855593,469900.0,470000.0,219.743069642
2020-10-01,Snohomish,2020,10,Oct,1690,1016.0,1502.0,1569.0,0.6,6.0,0.2608267717,0.5437869822,1.018623138,550000.0,535000.0,289.463961406
2020-10-01,Spokane,2020,10,Oct,987,688.0,827.0,880.0,0.7,7.0,0.3401162791,0.4802431611,1.016273117,329900.0,315000.0,156.267862146
2020-10-01,Stevens,2020,10,Oct,91,119.0,59.0,74.0,1.3,42.0,0.1176470588,0.2417582418,0.9909619481,295000.0,299500.0,147.681836727
2020-10-01,Thurston,2020,10,Oct,542,281.0,498.0,537.0,0.5,6.0,0.2241992883,0.5977859779,1.018679762,395250.0,395000.0,213.168780372
2020-10-01,Wahkiakum,2020,10,Oct,8,10.0,6.0,8.0,1.3,17.0,0.3,0.375,1.004217389,372500.0,284950.0,215.120435791
2020-10-01,Walla Walla,2020,10,Oct,84,174.0,61.0,84.0,2.1,64.0,,0.380952381,0.9974312661,350000.0,350000.0,176.411290323
2020-10-01,Whatcom,2020,10,Oct,394,372.0,342.0,367.0,0.9,13.0,0.2284946237,0.3502538071,1.003809453,468250.0,489900.0,267.100977199
2020-10-01,Whitman,2020,10,Oct,51,163.0,45.0,51.0,3.2,86.0,,0.2352941176,0.9836558694,245000.0,290000.0,140.789473684
2020-10-01,Yakima,2020,10,Oct,161,511.0,175.0,161.0,3.2,55.0,,0.5031055901,1.009063455,299900.0,285000.0,174.731182796
2020-11-01,Adams,2020,11,Nov,11,64.0,3.0,11.0,5.8,109.0,,0.4545454545,0.9997782057,235000.0,250000.0,157.760453579
2020-11-01,Asotin,2020,11,Nov,32,61.0,16.0,32.0,1.9,60.0,,0.375,0.988017516,263561.5,207500.0,145.0
2020-11-01,Benton,2020,11,Nov,325,814.0,237.0,324.0,2.5,59.0,,0.3569230769,1.002826525,355000.0,349850.0,183.288409704
2020-11-01,Chelan,2020,11,Nov,94,102.0,55.0,81.0,1.1,18.0,0.2254901961,0.3723404255,0.9972325628,519750.0,425000.0,239.789964705
2020-11-01,Clallam,2020,11,Nov,124,167.0,56.0,124.0,1.3,66.0,,0.2903225806,0.9919167412,390000.0,413000.0,214.713779549
2020-11-01,Clark,2020,11,Nov,872,839.0,595.0,804.0,1.0,12.0,0.1728247914,0.4449541284,1.004976682,419900.0,425000.0,223.1678487
2020-11-01,Columbia,2020,11,Nov,6,15.0,1.0,6.0,2.5,105.0,,0.3333333333,0.9600045751,209500.0,264000.0,101.491330194
2020-11-01,Cowlitz,2020,11,Nov,149,130.0,109.0,146.0,0.9,12.0,0.3153846154,0.4295302013,0.9953369956,350000.0,319900.0,204.314382003
2020-11-01,Douglas,2020,11,Nov,42,50.0,30.0,36.0,1.2,22.0,0.18,0.380952381,1.005638621,397000.0,382400.0,221.999641971
2020-11-01,Ferry,2020,11,Nov,9,37.0,4.0,9.0,4.1,68.0,,0.0,0.9268749601,177500.0,255500.0,129.101372382
2020-11-01,Franklin,2020,11,Nov,105,417.0,98.0,105.0,4.0,63.0,,0.4095238095,1.00900811,312000.0,336925.0,191.85282523
2020-11-01,Garfield,2020,11,Nov,5,5.0,2.0,5.0,1.0,78.0,,0.2,0.9576502435,185000.0,145000.0,81.081081081
2020-11-01,Grant,2020,11,Nov,100,149.0,76.0,91.0,1.5,27.0,0.1610738255,0.27,0.9882571493,260000.0,299950.0,175.470525347
2020-11-01,Grays Harbor,2020,11,Nov,123,175.0,121.0,144.0,1.4,24.0,0.1657142857,0.3577235772,0.996569368,275000.0,295000.0,200.775862069
2020-11-01,Island,2020,11,Nov,157,87.0,101.0,148.0,0.6,8.0,0.3218390805,0.4522292994,1.012696862,465000.0,475000.0,253.46112886
2020-11-01,Jefferson,2020,11,Nov,45,55.0,38.0,57.0,1.2,11.0,0.07272727273,0.5111111111,1.002899544,396500.0,430000.0,259.460707194
2020-11-01,King,2020,11,Nov,3201,3023.0,2180.0,2778.0,0.9,8.0,0.2729077076,0.4489222118,1.014623014,685000.0,665000.0,384.615384615
2020-11-01,Kitsap,2020,11,Nov,433,317.0,325.0,420.0,0.7,7.0,0.1892744479,0.558891455,1.019943003,445000.0,415000.0,245.358090186
2020-11-01,Kittitas,2020,11,Nov,101,72.0,59.0,73.0,0.7,11.0,0.1805555556,0.2475247525,0.9886569907,475000.0,392000.0,249.572649573
2020-11-01,Klickitat,2020,11,Nov,21,29.0,15.0,27.0,1.4,15.0,0.1379310345,0.380952381,0.984093844,380000.0,372500.0,189.393939394
2020-11-01,Lewis,2020,11,Nov,98,130.0,67.0,116.0,1.3,11.0,0.2692307692,0.4489795918,1.009207257,330941.0,325000.0,209.703947368
2020-11-01,Lincoln,2020,11,Nov,15,41.0,7.0,15.0,2.7,88.0,,0.2666666667,0.9826652413,225000.0,185000.0,145.61893955
2020-11-01,Mason,2020,11,Nov,95,74.0,73.0,96.0,0.8,9.0,0.2432432432,0.4842105263,1.008415131,345000.0,326900.0,213.237420444
2020-11-01,Okanogan,2020,11,Nov,39,89.0,15.0,29.0,2.3,28.0,0.1235955056,0.2564102564,0.9846450827,305000.0,250000.0,221.045918367
2020-11-01,Pacific,2020,11,Nov,51,60.0,26.0,48.0,1.2,24.0,0.1833333333,0.2745098039,0.9853927984,229000.0,244000.0,189.517958412
2020-11-01,Pend Oreille,2020,11,Nov,21,34.0,12.0,19.0,1.6,21.0,0.08823529412,0.3333333333,0.9957085818,295000.0,227500.0,161.407835736
2020-11-01,Pierce,2020,11,Nov,1491,884.0,1033.0,1419.0,0.6,7.0,0.2183257919,0.5841716968,1.020916337,440079.5,414950.0,238.161192455
2020-11-01,San Juan,2020,11,Nov,42,75.0,26.0,40.0,1.8,21.0,0.06666666667,0.119047619,0.9820872634,671250.0,636000.0,340.604305809
2020-11-01,Skagit,2020,11,Nov,194,143.0,116.0,169.0,0.7,14.0,0.2447552448,0.4639175258,1.007738459,447500.0,437500.0,252.606255012
2020-11-01,Skamania,2020,11,Nov,9,22.0,9.0,4.0,2.4,53.0,0.1818181818,0.3333333333,0.9837260162,420000.0,430000.0,232.751184834
2020-11-01,Snohomish,2020,11,Nov,1324,693.0,843.0,1177.0,0.5,6.0,0.2337662338,0.5551359517,1.02233995,551750.0,540000.0,291.795846218
2020-11-01,Spokane,2020,11,Nov,811,527.0,533.0,696.0,0.6,10.0,0.2789373814,0.4660912454,1.014690239,320000.0,310000.0,158.397243522
2020-11-01,Stevens,2020,11,Nov,73,85.0,41.0,69.0,1.2,48.0,0.08235294118,0.1780821918,0.9905881223,329000.0,314000.0,144.545454545
2020-11-01,Thurston,2020,11,Nov,475,229.0,325.0,397.0,0.5,5.0,0.1703056769,0.6231578947,1.020501313,390500.0,394950.0,215.292796298
2020-11-01,Wahkiakum,2020,11,Nov,4,10.0,4.0,3.0,2.5,40.0,0.1,0.25,0.9821529336,417450.0,390950.0,192.426909308
2020-11-01,Walla Walla,2020,11,Nov,85,140.0,55.0,85.0,1.6,57.0,,0.3529411765,1.000560947,330000.0,325000.0,170.019157088
2020-11-01,Whatcom,2020,11,Nov,340,284.0,223.0,299.0,0.8,10.0,0.1866197183,0.3882352941,1.002291868,446600.0,459000.0,265.373352855
2020-11-01,Whitman,2020,11,Nov,47,136.0,24.0,47.0,2.9,67.0,,0.1914893617,0.9809328477,245000.0,281440.0,132.113821138
2020-11-01,Yakima,2020,11,Nov,166,488.0,147.0,165.0,2.9,56.0,,0.4698795181,1.017045844,280000.0,290000.0,172.496570645
2020-12-01,Adams,2020,12,Dec,21,48.0,5.0,21.0,2.3,122.0,,0.4285714286,1.036848393,219400.0,255000.0,120.03968254
2020-12-01,Asotin,2020,12,Dec,31,47.0,15.0,31.0,1.5,87.0,,0.4838709677,0.9969871793,235000.0,243100.0,144.97716895
2020-12-01,Benton,2020,12,Dec,317,649.0,161.0,315.0,2.0,61.0,,0.3312302839,1.00164718,339900.0,359000.0,186.781609195
2020-12-01,Chelan,2020,12,Dec,99,65.0,41.0,73.0,0.7,11.0,0.1384615385,0.4242424242,1.00671584,414000.0,429000.0,230.545454545
2020-12-01,Clallam,2020,12,Dec,105,131.0,43.0,105.0,1.2,65.0,,0.3238095238,0.997975503,369500.0,350000.0,222.222222222
2020-12-01,Clark,2020,12,Dec,841,729.0,539.0,641.0,0.9,11.0,0.1358024691,0.468489893,1.007643812,423912.5,425000.0,226.067388518
2020-12-01,Columbia,2020,12,Dec,9,12.0,5.0,9.0,1.3,111.0,,0.2222222222,0.9952857138,202900.0,208000.0,98.703888335
2020-12-01,Cowlitz,2020,12,Dec,147,96.0,73.0,125.0,0.7,12.0,0.2395833333,0.5238095238,1.005947944,320000.0,299900.0,206.581272085
2020-12-01,Douglas,2020,12,Dec,46,38.0,31.0,43.0,0.8,12.0,0.2368421053,0.3913043478,0.9973654258,395750.0,417000.0,210.248403627
2020-12-01,Ferry,2020,12,Dec,7,35.0,4.0,7.0,5.0,96.0,0.02857142857,0.2857142857,0.9419584962,285000.0,262500.0,140.721478425
2020-12-01,Franklin,2020,12,Dec,121,372.0,78.0,121.0,3.1,74.0,,0.3388429752,1.006363675,329000.0,347707.5,190.416772554
2020-12-01,Garfield,2020,12,Dec,1,5.0,1.0,1.0,5.0,200.0,,0.0,0.981278244,152000.0,110000.0,81.632653061
2020-12-01,Grant,2020,12,Dec,127,113.0,73.0,103.0,0.9,20.0,0.1504424779,0.2834645669,0.992526386,280000.0,261460.0,164.473684211
2020-12-01,Grays Harbor,2020,12,Dec,142,133.0,88.0,136.0,0.9,19.0,0.1503759398,0.3309859155,0.994745362,260000.0,324450.0,191.842837717
2020-12-01,Island,2020,12,Dec,159,62.0,101.0,126.0,0.4,8.0,0.1612903226,0.4150943396,1.007281051,430000.0,420000.0,269.607843137
2020-12-01,Jefferson,2020,12,Dec,44,47.0,24.0,31.0,1.1,18.0,0.1489361702,0.3863636364,1.005753157,425000.0,449750.0,277.387640449
2020-12-01,King,2020,12,Dec,3121,2218.0,1748.0,2315.0,0.7,11.0,0.2276825969,0.4133290612,1.014197798,675000.0,659850.0,383.36402701
2020-12-01,Kitsap,2020,12,Dec,411,262.0,247.0,308.0,0.6,8.0,0.1717557252,0.503649635,1.015217631,430750.0,414999.0,246.653521691
2020-12-01,Kittitas,2020,12,Dec,102,45.0,36.0,60.0,0.4,12.0,0.1777777778,0.2549019608,0.9954227088,437497.5,414727.5,248.224958883
2020-12-01,Klickitat,2020,12,Dec,33,20.0,9.0,16.0,0.6,46.0,,0.2121212121,0.9865713713,449000.0,475000.0,230.608258929
2020-12-01,Lewis,2020,12,Dec,130,105.0,72.0,97.0,0.8,22.0,0.2,0.4846153846,1.005454501,300500.0,299845.0,197.86897058
2020-12-01,Lincoln,2020,12,Dec,5,44.0,9.0,5.0,8.8,93.0,,0.4,0.9960293712,280000.0,259000.0,112.025316456
2020-12-01,Mason,2020,12,Dec,96,49.0,48.0,75.0,0.5,14.0,0.4081632653,0.4270833333,1.015416869,353800.0,349947.5,215.898362119
2020-12-01,Okanogan,2020,12,Dec,45,76.0,18.0,22.0,1.7,42.0,0.1184210526,0.2444444444,0.9647525767,269000.0,382000.0,156.437125749
2020-12-01,Pacific,2020,12,Dec,46,58.0,28.0,34.0,1.3,33.0,0.1206896552,0.2173913043,0.9850904977,285250.0,233750.0,196.071163825
2020-12-01,Pend Oreille,2020,12,Dec,21,26.0,7.0,12.0,1.2,27.0,0.1153846154,0.2857142857,0.988454595,265000.0,332500.0,200.366684128
2020-12-01,Pierce,2020,12,Dec,1550,678.0,881.0,1105.0,0.4,7.0,0.1622418879,0.5916129032,1.02318576,436300.0,449950.0,241.32231405
2020-12-01,San Juan,2020,12,Dec,41,65.0,20.0,29.0,1.6,14.0,0.03076923077,0.1951219512,0.9828190902,675000.0,865000.0,391.583869082
2020-12-01,Skagit,2020,12,Dec,181,122.0,123.0,146.0,0.7,9.0,0.131147541,0.4751381215,1.00646441,440000.0,440000.0,258.509263249
2020-12-01,Skamania,2020,12,Dec,8,17.0,8.0,9.0,2.1,30.0,0.2352941176,0.25,1.007119565,402000.0,408750.0,222.244638095
2020-12-01,Snohomish,2020,12,Dec,1346,509.0,760.0,919.0,0.4,7.0,0.1964636542,0.5007429421,1.019832168,542250.0,569600.0,293.215791491
2020-12-01,Spokane,2020,12,Dec,872,363.0,400.0,543.0,0.4,8.0,0.1955922865,0.4621559633,1.011617806,323797.5,312450.0,160.0
2020-12-01,Stevens,2020,12,Dec,61,65.0,26.0,54.0,1.1,42.0,0.03076923077,0.3114754098,0.988640787,317000.0,284950.0,161.661022087
2020-12-01,Thurston,2020,12,Dec,465,186.0,283.0,334.0,0.4,5.0,0.1666666667,0.6516129032,1.025380849,400000.0,395000.0,215.584415584
2020-12-01,Wahkiakum,2020,12,Dec,4,8.0,3.0,6.0,2.0,75.0,0.125,0.25,0.9843338333,263100.0,459900.0,173.73
2020-12-01,Walla Walla,2020,12,Dec,67,113.0,43.0,67.0,1.7,61.0,,0.2985074627,0.9887310775,340000.0,339900.0,181.696428571
2020-12-01,Whatcom,2020,12,Dec,314,212.0,175.0,234.0,0.7,11.0,0.1556603774,0.372611465,1.000767137,471000.0,499000.0,277.706676136
2020-12-01,Whitman,2020,12,Dec,43,103.0,16.0,42.0,2.4,98.0,,0.1860465116,0.9925196174,268000.0,347000.0,163.479052823
2020-12-01,Yakima,2020,12,Dec,183,415.0,114.0,182.0,2.3,62.0,,0.4207650273,1.006863341,289000.0,297000.0,171.568627451
2021-01-01,Adams,2021,1,Jan,14,46.0,14.0,14.0,3.3,157.0,,0.2142857143,0.9840853311,227809.0,337746.5,160.181059745
2021-01-01,Asotin,2021,1,Jan,11,57.0,20.0,11.0,5.2,60.0,,0.4545454545,1.002012605,228000.0,253900.0,129.747774481
2021-01-01,Benton,2021,1,Jan,214,674.0,255.0,216.0,3.1,69.0,,0.2990654206,0.9978486523,345000.0,368500.0,186.980354223
2021-01-01,Chelan,2021,1,Jan,56,63.0,57.0,59.0,1.1,39.0,0.1428571429,0.2678571429,0.9966751593,437500.0,449000.0,247.985734378
2021-01-01,Clallam,2021,1,Jan,78,128.0,58.0,78.0,1.6,63.0,,0.3076923077,0.9904094026,387500.0,382450.0,216.700610998
2021-01-01,Clark,2021,1,Jan,616,695.0,770.0,806.0,1.1,18.0,0.1338129496,0.4350649351,1.004730206,425000.0,439900.0,229.683544304
2021-01-01,Columbia,2021,1,Jan,2,10.0,,2.0,5.0,307.0,,0.5,1.016512835,386000.0,,187.768946708
2021-01-01,Cowlitz,2021,1,Jan,120,88.0,127.0,152.0,0.7,13.0,0.2159090909,0.4583333333,1.007778816,332300.0,330000.0,206.886927896
2021-01-01,Douglas,2021,1,Jan,36,38.0,44.0,41.0,1.1,10.0,0.1578947368,0.5,1.016048519,375450.0,399900.0,219.37141453
2021-01-01,Ferry,2021,1,Jan,7,27.0,1.0,7.0,3.9,113.0,,0.0,0.9221269147,180000.0,25000.0,102.48447205
2021-01-01,Franklin,2021,1,Jan,104,387.0,124.0,104.0,3.7,85.0,,0.4134615385,1.005959363,339696.0,324425.0,195.507821531
2021-01-01,Garfield,2021,1,Jan,1,4.0,,1.0,4.0,141.0,,0.0,1.0,234900.0,,129.779005525
2021-01-01,Grant,2021,1,Jan,92,114.0,87.0,89.0,1.2,33.0,0.149122807,0.2934782609,0.9878241494,281628.0,279900.0,168.421052632
2021-01-01,Grays Harbor,2021,1,Jan,114,105.0,96.0,137.0,0.9,17.0,0.1333333333,0.3421052632,0.9890654703,270000.0,274900.0,180.672268908
2021-01-01,Island,2021,1,Jan,116,64.0,107.0,110.0,0.6,7.0,0.203125,0.4655172414,1.009325472,452500.0,430000.0,261.525728532
2021-01-01,Jefferson,2021,1,Jan,30,43.0,36.0,44.0,1.4,11.0,0.1627906977,0.3333333333,0.993494003,442500.0,454500.0,294.520547945
2021-01-01,King,2021,1,Jan,2041,2052.0,2489.0,2602.0,1.0,15.0,0.2007797271,0.4100930916,1.014889736,665000.0,695950.0,395.348837209
2021-01-01,Kitsap,2021,1,Jan,262,227.0,266.0,298.0,0.9,7.0,0.1718061674,0.6374045802,1.022570334,439900.0,444500.0,252.01288003
2021-01-01,Kittitas,2021,1,Jan,51,44.0,52.0,55.0,0.9,21.0,0.1136363636,0.2156862745,1.007180298,383875.0,425000.0,230.106504238
2021-01-01,Klickitat,2021,1,Jan,20,20.0,14.0,13.0,1.0,36.0,0.05,0.25,0.9913401837,345000.0,462450.0,179.098214191
2021-01-01,Lewis,2021,1,Jan,80,102.0,99.0,114.0,1.3,16.0,0.1470588235,0.375,1.000753611,324500.0,325000.0,200.192910145
2021-01-01,Lincoln,2021,1,Jan,13,33.0,8.0,14.0,2.5,95.0,,0.3076923077,0.9804536694,190000.0,249950.0,116.104868914
2021-01-01,Mason,2021,1,Jan,59,45.0,59.0,65.0,0.8,14.0,0.06666666667,0.406779661,1.003347682,375000.0,389000.0,247.606809079
2021-01-01,Okanogan,2021,1,Jan,20,72.0,24.0,35.0,3.6,118.0,0.09722222222,0.05,0.9753577392,347500.0,322000.0,213.562085531
2021-01-01,Pacific,2021,1,Jan,36,58.0,35.0,49.0,1.6,38.0,0.1551724138,0.1666666667,0.9673474282,250000.0,256000.0,187.944111776
2021-01-01,Pend Oreille,2021,1,Jan,11,22.0,4.0,9.0,2.0,43.0,0.1363636364,0.1818181818,0.9769706454,365000.0,214750.0,151.528627015
2021-01-01,Pierce,2021,1,Jan,962,633.0,1098.0,1169.0,0.7,7.0,0.1200631912,0.577962578,1.024890662,440000.0,450000.0,242.736034895
2021-01-01,San Juan,2021,1,Jan,32,56.0,15.0,31.0,1.8,52.0,0.07142857143,0.125,0.9811502238,690000.0,585000.0,433.967076666
2021-01-01,Skagit,2021,1,Jan,124,117.0,149.0,162.0,0.9,10.0,0.1623931624,0.3387096774,1.003121129,442500.0,475000.0,270.790234281
2021-01-01,Skamania,2021,1,Jan,7,12.0,9.0,17.0,1.7,162.0,0.1666666667,0.2857142857,0.9962729616,346500.0,325000.0,248.744689878
2021-01-01,Snohomish,2021,1,Jan,866,508.0,942.0,939.0,0.6,6.0,0.1279527559,0.5496535797,1.027520385,560000.0,557000.0,301.633030932
2021-01-01,Spokane,2021,1,Jan,530,316.0,473.0,529.0,0.6,12.0,0.1360759494,0.4396226415,1.008455957,329000.0,330000.0,159.625782911
2021-01-01,Stevens,2021,1,Jan,40,64.0,23.0,31.0,1.6,34.0,0.046875,0.35,0.9962984369,277500.0,375000.0,157.12945591
2021-01-01,Thurston,2021,1,Jan,293,166.0,310.0,344.0,0.6,5.0,0.2168674699,0.6279863481,1.027443133,409000.0,399999.5,221.147651001
2021-01-01,Wahkiakum,2021,1,Jan,4,8.0,5.0,5.0,2.0,25.0,0.125,0.5,0.9849074954,442000.0,369900.0,202.206833262
2021-01-01,Walla Walla,2021,1,Jan,48,112.0,49.0,48.0,2.3,50.0,,0.3541666667,0.998558704,319000.0,369000.0,160.146204277
2021-01-01,Whatcom,2021,1,Jan,215,187.0,225.0,253.0,0.9,14.0,0.1604278075,0.3488372093,1.006145005,484950.0,459900.0,279.284164859
2021-01-01,Whitman,2021,1,Jan,22,104.0,24.0,23.0,4.7,87.0,,0.1818181818,0.9922565426,216700.0,285000.0,121.359223301
2021-01-01,Yakima,2021,1,Jan,115,407.0,106.0,113.0,3.5,65.0,,0.4173913043,0.9972767923,310000.0,322500.0,165.819714949
2021-02-01,Adams,2021,2,Feb,14,45.0,13.0,14.0,3.2,172.0,,0.5714285714,0.996738311,284500.0,270000.0,171.233119459
2021-02-01,Asotin,2021,2,Feb,23,51.0,15.0,23.0,2.2,90.0,,0.3913043478,1.002744825,244900.0,230000.0,139.973958333
2021-02-01,Benton,2021,2,Feb,200,745.0,277.0,198.0,3.7,66.0,,0.41,1.00605368,344494.0,399000.0,190.311418685
2021-02-01,Chelan,2021,2,Feb,50,59.0,58.0,59.0,1.2,14.0,0.05084745763,0.42,1.017215058,448500.0,424800.0,248.301170995
2021-02-01,Clallam,2021,2,Feb,74,127.0,59.0,74.0,1.7,50.0,,0.4459459459,1.014917964,402000.0,425000.0,242.948717949
2021-02-01,Clark,2021,2,Feb,658,673.0,665.0,680.0,1.0,10.0,0.102526003,0.5486322188,1.015533635,435000.0,439900.0,236.144803716
2021-02-01,Columbia,2021,2,Feb,2,14.0,6.0,2.0,7.0,73.0,,0.0,0.9240789187,190000.0,249450.0,154.614707346
2021-02-01,Cowlitz,2021,2,Feb,110,82.0,123.0,138.0,0.7,7.0,0.1829268293,0.6,1.017647258,330000.0,364950.0,207.880434783
2021-02-01,Douglas,2021,2,Feb,33,41.0,49.0,53.0,1.2,7.0,0.0487804878,0.3939393939,0.9995154755,382900.0,414900.0,225.557742782
2021-02-01,Ferry,2021,2,Feb,3,25.0,3.0,3.0,8.3,231.0,,0.3333333333,0.9727092591,155000.0,589000.0,112.563543936
2021-02-01,Franklin,2021,2,Feb,113,387.0,115.0,113.0,3.4,75.0,,0.4690265487,1.008992569,337990.0,314900.0,194.141111111
2021-02-01,Garfield,2021,2,Feb,1,4.0,1.0,1.0,4.0,141.0,,0.0,1.0,225000.0,210000.0,100.806451613
2021-02-01,Grant,2021,2,Feb,80,94.0,69.0,91.0,1.2,29.0,0.1595744681,0.2625,0.9961188191,287250.0,285000.0,173.438877813
2021-02-01,Grays Harbor,2021,2,Feb,124,100.0,123.0,138.0,0.8,18.0,0.13,0.3064516129,0.993900653,269000.0,289000.0,176.767676768
2021-02-01,Island,2021,2,Feb,92,66.0,102.0,101.0,0.7,5.0,0.1515151515,0.5652173913,1.027570093,453935.0,500000.0,277.666625522
2021-02-01,Jefferson,2021,2,Feb,25,41.0,25.0,30.0,1.6,7.0,0.07317073171,0.64,1.036948867,548200.0,525000.0,249.103228378
2021-02-01,King,2021,2,Feb,2360,2030.0,2830.0,2829.0,0.9,7.0,0.1527093596,0.5283898305,1.040482851,688500.0,719970.0,429.04290429
2021-02-01,Kitsap,2021,2,Feb,257,179.0,295.0,338.0,0.7,6.0,0.1452513966,0.6147859922,1.034356873,430000.0,449950.0,253.643026319
2021-02-01,Kittitas,2021,2,Feb,57,52.0,56.0,56.0,0.9,7.0,0.07692307692,0.3684210526,1.018803649,485000.0,450137.5,276.422764228
2021-02-01,Klickitat,2021,2,Feb,14,21.0,11.0,7.0,1.5,41.0,0.04761904762,0.07142857143,0.9661758672,330250.0,429900.0,199.657960199
2021-02-01,Lewis,2021,2,Feb,70,83.0,80.0,121.0,1.2,8.0,0.1927710843,0.5,1.019144584,316000.0,339500.0,215.919292378
2021-02-01,Lincoln,2021,2,Feb,9,31.0,6.0,8.0,3.4,116.0,,0.3333333333,1.003477081,195000.0,199950.0,113.667117727
2021-02-01,Mason,2021,2,Feb,71,33.0,56.0,74.0,0.5,13.0,0.2727272727,0.5070422535,1.016908916,380000.0,372500.0,216.129032258
2021-02-01,Okanogan,2021,2,Feb,24,56.0,21.0,35.0,2.3,94.0,0.07142857143,0.08333333333,0.9583099577,297500.0,359900.0,137.639785843
2021-02-01,Pacific,2021,2,Feb,29,51.0,41.0,50.0,1.8,19.0,0.09803921569,0.2413793103,0.9918878304,230000.0,357000.0,211.06557377
2021-02-01,Pend Oreille,2021,2,Feb,11,23.0,13.0,13.0,2.1,119.0,0.04347826087,0.1818181818,0.9605545469,200000.0,330000.0,306.12244898
2021-02-01,Pierce,2021,2,Feb,1013,690.0,1226.0,1221.0,0.7,5.0,0.09565217391,0.6574531096,1.039556367,460000.0,464972.5,248.407643312
2021-02-01,San Juan,2021,2,Feb,17,53.0,22.0,27.0,3.1,36.0,0.07547169811,0.0,0.9713015697,675945.0,647555.5,511.441647597
2021-02-01,Skagit,2021,2,Feb,134,114.0,140.0,152.0,0.9,7.0,0.1578947368,0.5074626866,1.018006712,462450.0,459950.0,283.731241706
2021-02-01,Skamania,2021,2,Feb,5,12.0,8.0,7.0,2.4,17.0,0.1666666667,0.2,0.9881163018,615000.0,322000.0,253.067484663
2021-02-01,Snohomish,2021,2,Feb,824,479.0,1007.0,1036.0,0.6,6.0,0.09812108559,0.5910194175,1.045766433,577050.0,585495.0,316.862638712
2021-02-01,Spokane,2021,2,Feb,521,289.0,502.0,544.0,0.6,6.0,0.1176470588,0.5143953935,1.02021562,338000.0,349850.0,175.004285155
2021-02-01,Stevens,2021,2,Feb,24,82.0,47.0,31.0,3.4,27.0,0.0243902439,0.2916666667,0.975431642,249000.0,310000.0,146.705146705
2021-02-01,Thurston,2021,2,Feb,297,189.0,341.0,329.0,0.6,5.0,0.07407407407,0.6464646465,1.032350329,425000.0,420000.0,226.071638285
2021-02-01,Wahkiakum,2021,2,Feb,2,9.0,4.0,5.0,4.5,41.0,0.1111111111,0.5,0.9811824825,352500.0,412500.0,208.87882279
2021-02-01,Walla Walla,2021,2,Feb,38,110.0,40.0,38.0,2.9,52.0,,0.4210526316,1.002783565,358750.0,349950.0,188.808340731
2021-02-01,Whatcom,2021,2,Feb,213,205.0,273.0,281.0,1.0,6.0,0.1414634146,0.5070422535,1.017095883,454000.0,498000.0,280.442804428
2021-02-01,Whitman,2021,2,Feb,22,128.0,48.0,23.0,5.8,100.0,,0.2272727273,0.9851427556,313500.0,342000.0,146.529382891
2021-02-01,Yakima,2021,2,Feb,112,446.0,155.0,111.0,4.0,74.0,,0.4553571429,1.001004314,282500.0,319900.0,168.919981697
2021-03-01,Adams,2021,3,Mar,12,40.0,8.0,7.0,3.3,208.0,0.25,0.3333333333,0.990381995,231679.0,203500.0,163.472092493
2021-03-01,Asotin,2021,3,Mar,23,60.0,29.0,23.0,2.6,58.0,,0.347826087,1.002927866,256000.0,279900.0,166.267942584
2021-03-01,Benton,2021,3,Mar,281,753.0,302.0,280.0,2.7,56.0,0.01062416999,0.3879003559,1.002523374,363000.0,390000.0,196.256038647
2021-03-01,Chelan,2021,3,Mar,72,64.0,95.0,95.0,0.9,9.0,0.1875,0.4861111111,1.025873774,424950.0,475000.0,247.814536771
2021-03-01,Clallam,2021,3,Mar,90,118.0,79.0,111.0,1.3,43.0,0.8559322034,0.4111111111,1.007821392,422000.0,415000.0,240.856378234
2021-03-01,Clark,2021,3,Mar,776,628.0,890.0,921.0,0.8,8.0,0.4458598726,0.5554123711,1.023063291,439250.0,435000.0,239.084821915
2021-03-01,Columbia,2021,3,Mar,3,14.0,2.0,3.0,4.7,199.0,,0.0,0.8719744843,140000.0,212500.0,57.645631068
2021-03-01,Cowlitz,2021,3,Mar,143,86.0,157.0,166.0,0.6,5.0,,0.6083916084,1.027250053,350000.0,350000.0,222.602617373
2021-03-01,Douglas,2021,3,Mar,44,43.0,62.0,60.0,1.0,6.0,0.1860465116,0.4545454545,1.002968415,425000.0,426250.0,218.374294624
2021-03-01,Ferry,2021,3,Mar,6,25.0,11.0,8.0,4.2,249.0,0.32,0.1666666667,0.9737735384,307500.0,425000.0,126.114350884
2021-03-01,Franklin,2021,3,Mar,120,385.0,119.0,120.0,3.2,67.0,0.01038961039,0.4916666667,1.011996261,354950.0,345000.0,200.534751622
2021-03-01,Garfield,2021,3,Mar,1,7.0,4.0,1.0,7.0,133.0,,0.0,0.9047619048,95000.0,167450.0,104.166666667
2021-03-01,Grant,2021,3,Mar,88,93.0,124.0,127.0,1.1,30.0,0.5591397849,0.4204545455,1.001248637,246450.0,304925.0,174.29245283
2021-03-01,Grays Harbor,2021,3,Mar,131,112.0,141.0,157.0,0.9,9.0,,0.3893129771,1.008820614,285500.0,299900.0,205.696202532
2021-03-01,Island,2021,3,Mar,135,58.0,153.0,175.0,0.4,6.0,,0.5333333333,1.031716762,500000.0,495000.0,275.754422477
2021-03-01,Jefferson,2021,3,Mar,38,45.0,52.0,53.0,1.2,12.0,0.8666666667,0.4210526316,1.015382012,510000.0,501950.0,291.118335855
2021-03-01,King,2021,3,Mar,3270,1990.0,4078.0,4034.0,0.6,6.0,0.4045226131,0.5865443425,1.059392908,748900.0,734900.0,449.477054097
2021-03-01,Kitsap,2021,3,Mar,357,187.0,426.0,427.0,0.5,7.0,0.2032085561,0.6274509804,1.035352317,460000.0,475000.0,258.263305322
2021-03-01,Kittitas,2021,3,Mar,55,43.0,78.0,85.0,0.8,5.0,,0.4727272727,1.008995985,535000.0,492500.0,311.166586994
2021-03-01,Klickitat,2021,3,Mar,10,20.0,25.0,26.0,2.0,17.0,0.2,0.4,1.015071372,450500.0,325000.0,303.642126527
2021-03-01,Lewis,2021,3,Mar,113,72.0,110.0,122.0,0.6,8.0,,0.5486725664,1.023495868,360000.0,360000.0,220.125786164
2021-03-01,Lincoln,2021,3,Mar,11,26.0,16.0,12.0,2.4,73.0,0.2307692308,0.3636363636,0.97894632,167900.0,219500.0,94.306519991
2021-03-01,Mason,2021,3,Mar,71,44.0,100.0,101.0,0.6,6.0,,0.5774647887,1.027298984,360500.0,352500.0,239.209568383
2021-03-01,Okanogan,2021,3,Mar,29,61.0,41.0,35.0,2.1,60.0,0.3770491803,0.275862069,0.9877437913,262000.0,359000.0,149.051490515
2021-03-01,Pacific,2021,3,Mar,52,40.0,58.0,69.0,0.8,19.0,0.525,0.3653846154,0.9959133433,293450.0,299000.0,219.251186929
2021-03-01,Pend Oreille,2021,3,Mar,10,32.0,25.0,14.0,3.2,30.0,0.125,0.2,0.9939966591,382062.5,295000.0,154.625547638
2021-03-01,Pierce,2021,3,Mar,1374,637.0,1700.0,1807.0,0.5,5.0,0.2056514914,0.692139738,1.047044853,475000.0,475962.5,256.317999054
2021-03-01,San Juan,2021,3,Mar,22,48.0,29.0,40.0,2.2,45.0,0.2083333333,0.2727272727,0.9799260387,541250.0,829000.0,398.199737297
2021-03-01,Skagit,2021,3,Mar,168,131.0,200.0,196.0,0.8,7.0,,0.5416666667,1.028073897,495000.0,472500.0,279.964223833
2021-03-01,Skamania,2021,3,Mar,16,14.0,13.0,12.0,0.9,13.0,0.2857142857,0.3125,0.998555501,490000.0,439900.0,229.769522304
2021-03-01,Snohomish,2021,3,Mar,1246,507.0,1507.0,1515.0,0.4,5.0,0.201183432,0.6861958266,1.077173927,610654.0,584950.0,323.917526475
2021-03-01,Spokane,2021,3,Mar,694,310.0,743.0,739.0,0.4,5.0,0.1806451613,0.5706051873,1.037197304,353443.5,365000.0,178.790983607
2021-03-01,Stevens,2021,3,Mar,43,78.0,57.0,58.0,1.8,62.0,0.1153846154,0.2325581395,0.9772502811,278000.0,322000.0,150.723472669
2021-03-01,Thurston,2021,3,Mar,392,184.0,506.0,521.0,0.5,5.0,,0.6734693878,1.036660696,426326.0,425000.0,236.188811189
2021-03-01,Wahkiakum,2021,3,Mar,6,9.0,8.0,10.0,1.5,6.0,0.8888888889,0.3333333333,0.9791455968,428000.0,379000.0,173.244527055
2021-03-01,Walla Walla,2021,3,Mar,65,98.0,74.0,64.0,1.5,60.0,0.05102040816,0.3538461538,1.004286222,360000.0,360000.0,185.185185185
2021-03-01,Whatcom,2021,3,Mar,307,214.0,378.0,368.0,0.7,6.0,,0.5537459283,1.042255896,515000.0,525000.0,303.797468354
2021-03-01,Whitman,2021,3,Mar,36,152.0,64.0,36.0,4.2,67.0,,0.1666666667,0.9793388541,297500.0,359500.0,170.37037037
2021-03-01,Yakima,2021,3,Mar,152,469.0,177.0,150.0,3.1,64.0,0.004264392324,0.4407894737,1.002523224,345000.0,309000.0,185.185184381
2021-04-01,Adams,2021,4,Apr,15,27.0,8.0,14.0,1.8,63.0,0.03703703704,0.4,0.9979773438,240000.0,239747.5,158.665105386
2021-04-01,Asotin,2021,4,Apr,28,65.0,30.0,28.0,2.3,62.0,,0.4642857143,1.003616812,241050.0,257450.0,152.505446623
2021-04-01,Benton,2021,4,Apr,286,791.0,333.0,286.0,2.8,55.0,,0.465034965,1.010680287,377115.0,385000.0,203.365200765
2021-04-01,Chelan,2021,4,Apr,81,113.0,172.0,132.0,1.4,6.0,0.1415929204,0.5925925926,1.029362146,460000.0,582000.0,263.670411985
2021-04-01,Clallam,2021,4,Apr,97,113.0,114.0,133.0,1.2,46.0,0.06194690265,0.5360824742,1.020545857,385000.0,444450.0,255.964263777
2021-04-01,Clark,2021,4,Apr,851,797.0,1075.0,882.0,0.9,5.0,0.1355081556,0.6004700353,1.028891697,448500.0,474900.0,245.953055443
2021-04-01,Columbia,2021,4,Apr,4,16.0,7.0,4.0,4.0,56.0,,0.5,0.9981055068,145000.0,237000.0,127.140688103
2021-04-01,Cowlitz,2021,4,Apr,144,102.0,169.0,175.0,0.7,6.0,0.2647058824,0.5763888889,1.02147515,369000.0,340000.0,212.434150327
2021-04-01,Douglas,2021,4,Apr,52,41.0,43.0,46.0,0.8,6.0,0.1219512195,0.5384615385,1.010502474,392750.0,434900.0,231.434068955
2021-04-01,Ferry,2021,4,Apr,8,21.0,11.0,13.0,2.6,221.0,0.09523809524,0.25,1.001443385,399500.0,347000.0,119.182330827
2021-04-01,Franklin,2021,4,Apr,127,347.0,89.0,127.0,2.7,65.0,,0.5433070866,1.012751637,335000.0,360000.0,208.470061713
2021-04-01,Garfield,2021,4,Apr,3,8.0,3.0,3.0,2.7,43.0,,1.0,1.029853125,123000.0,239900.0,73.048408199
2021-04-01,Grant,2021,4,Apr,93,91.0,129.0,138.0,1.0,18.0,0.1648351648,0.3548387097,0.9969305531,285599.0,316590.0,175.476892254
2021-04-01,Grays Harbor,2021,4,Apr,121,121.0,147.0,146.0,1.0,8.0,0.1652892562,0.3966942149,1.002774796,280000.0,300000.0,195.733787871
2021-04-01,Island,2021,4,Apr,144,81.0,208.0,189.0,0.6,5.0,0.2222222222,0.6388888889,1.048278266,546500.0,559975.0,302.579365079
2021-04-01,Jefferson,2021,4,Apr,51,50.0,56.0,63.0,1.0,7.0,0.16,0.568627451,1.036849086,517500.0,586500.0,323.755656109
2021-04-01,King,2021,4,Apr,3727,2464.0,4558.0,4055.0,0.7,6.0,0.1883116883,0.653877113,1.071742493,759475.0,750000.0,456.560942941
2021-04-01,Kitsap,2021,4,Apr,396,264.0,504.0,443.0,0.7,5.0,0.1363636364,0.7777777778,1.067125859,500000.0,477000.0,279.440536047
2021-04-01,Kittitas,2021,4,Apr,70,66.0,101.0,83.0,0.9,7.0,0.1515151515,0.4714285714,1.026575509,482500.0,499000.0,307.417899655
2021-04-01,Klickitat,2021,4,Apr,21,23.0,32.0,34.0,1.1,29.0,0.1304347826,0.4285714286,0.992571525,429900.0,534825.0,253.190613421
2021-04-01,Lewis,2021,4,Apr,115,98.0,135.0,127.0,0.9,9.0,0.2244897959,0.5130434783,1.013761254,359900.0,397444.0,234.753146176
2021-04-01,Lincoln,2021,4,Apr,14,18.0,18.0,23.0,1.3,46.0,0.2222222222,0.4285714286,1.025686803,207500.0,299000.0,95.903495498
2021-04-01,Mason,2021,4,Apr,83,72.0,124.0,104.0,0.9,5.0,0.1527777778,0.6385542169,1.049063119,385000.0,389950.0,253.623188406
2021-04-01,Okanogan,2021,4,Apr,34,73.0,67.0,65.0,2.1,89.0,0.1369863014,0.2058823529,0.9988275196,415000.0,360000.0,218.47826087
2021-04-01,Pacific,2021,4,Apr,47,33.0,47.0,50.0,0.7,7.0,0.2727272727,0.3404255319,0.9993009535,325000.0,325000.0,259.375
2021-04-01,Pend Oreille,2021,4,Apr,16,28.0,20.0,25.0,1.8,7.0,0.1428571429,0.3125,1.013456794,270700.0,410000.0,163.354441513
2021-04-01,Pierce,2021,4,Apr,1571,903.0,1846.0,1663.0,0.6,5.0,0.1472868217,0.7377466582,1.056567183,500000.0,485000.0,267.857142857
2021-04-01,San Juan,2021,4,Apr,39,53.0,46.0,38.0,1.4,46.0,0.07547169811,0.2564102564,0.9950535781,825000.0,887500.0,476.598011364
2021-04-01,Skagit,2021,4,Apr,164,138.0,208.0,204.0,0.8,6.0,0.2028985507,0.6280487805,1.04293766,454500.0,477250.0,286.931618061
2021-04-01,Skamania,2021,4,Apr,6,14.0,18.0,15.0,2.3,40.0,0.2857142857,0.3333333333,1.009899249,625000.0,437000.0,280.968748704
2021-04-01,Snohomish,2021,4,Apr,1312,772.0,1744.0,1512.0,0.6,5.0,0.1023316062,0.7324695122,1.086055271,630000.0,629999.5,341.914722446
2021-04-01,Spokane,2021,4,Apr,740,401.0,790.0,716.0,0.5,5.0,0.1970074813,0.6027027027,1.049460899,370000.0,362500.0,183.334536703
2021-04-01,Stevens,2021,4,Apr,53,88.0,75.0,63.0,1.7,27.0,0.1136363636,0.4339622642,1.013546758,310000.0,333000.0,169.270833333
2021-04-01,Thurston,2021,4,Apr,482,257.0,588.0,522.0,0.5,5.0,0.1478599222,0.6887966805,1.051637685,430000.0,430000.0,247.189916507
2021-04-01,Wahkiakum,2021,4,Apr,5,12.0,12.0,8.0,2.4,19.0,0.3333333333,0.2,0.9859321569,415000.0,415000.0,235.409836066
2021-04-01,Walla Walla,2021,4,Apr,69,77.0,96.0,89.0,1.1,52.0,0.1298701299,0.3768115942,1.021790983,368016.0,370372.5,199.730094467
2021-04-01,Whatcom,2021,4,Apr,334,258.0,408.0,367.0,0.8,6.0,0.1434108527,0.5568862275,1.038103201,531000.0,525000.0,311.996779388
2021-04-01,Whitman,2021,4,Apr,55,157.0,61.0,53.0,2.9,64.0,,0.3090909091,0.9822697461,303500.0,379000.0,161.473684211
2021-04-01,Yakima,2021,4,Apr,152,506.0,200.0,153.0,3.3,58.0,,0.4671052632,1.009715854,325000.0,330000.0,184.418115186
2021-05-01,Adams,2021,5,May,10,20.0,16.0,15.0,2.0,118.0,,0.1,0.9868516926,308576.0,239947.5,187.318789101
2021-05-01,Asotin,2021,5,May,20,55.0,37.0,45.0,2.8,53.0,0.09090909091,0.6,1.028183326,304500.0,285000.0,165.910780669
2021-05-01,Benton,2021,5,May,304,789.0,329.0,306.0,2.6,48.0,,0.4901315789,1.017372971,402425.0,399900.0,206.973674887
2021-05-01,Chelan,2021,5,May,105,118.0,123.0,126.0,1.1,6.0,0.1271186441,0.6285714286,1.043408482,515000.0,559000.0,286.40776699
2021-05-01,Clallam,2021,5,May,114,80.0,127.0,185.0,0.7,25.0,0.175,0.5701754386,1.035997066,440000.0,469000.0,263.114035088
2021-05-01,Clark,2021,5,May,880,760.0,1021.0,1028.0,0.9,5.0,0.1815789474,0.6352272727,1.031438013,467150.0,475000.0,251.014915906
2021-05-01,Columbia,2021,5,May,4,21.0,11.0,4.0,5.3,71.0,,0.0,0.9749951035,247000.0,325000.0,146.744271039
2021-05-01,Cowlitz,2021,5,May,154,129.0,205.0,197.0,0.8,7.0,0.2015503876,0.6103896104,1.028495152,351000.0,369900.0,224.473257699
2021-05-01,Douglas,2021,5,May,55,38.0,64.0,66.0,0.7,7.0,0.2105263158,0.4545454545,1.009630272,427000.0,437450.0,243.438967136
2021-05-01,Ferry,2021,5,May,9,36.0,22.0,7.0,4.0,50.0,,0.2222222222,0.9698795495,269000.0,249000.0,210.666666667
2021-05-01,Franklin,2021,5,May,122,309.0,89.0,122.0,2.5,73.0,,0.5983606557,1.024681704,361695.0,339500.0,207.304306774
2021-05-01,Garfield,2021,5,May,3,6.0,1.0,3.0,2.0,161.0,,0.0,0.8760333575,100000.0,294500.0,83.612040134
2021-05-01,Grant,2021,5,May,116,106.0,127.0,128.0,0.9,8.0,0.1698113208,0.4655172414,1.011322639,305000.0,319000.0,185.593318936
2021-05-01,Grays Harbor,2021,5,May,139,177.0,209.0,178.0,1.3,14.0,0.209039548,0.4460431655,1.025270823,320000.0,309000.0,215.718067505
2021-05-01,Island,2021,5,May,163,92.0,211.0,211.0,0.6,5.0,0.2826086957,0.6564417178,1.054368195,560000.0,549000.0,316.205533597
2021-05-01,Jefferson,2021,5,May,48,46.0,51.0,57.0,1.0,7.0,0.1956521739,0.5833333333,1.045615901,595000.0,515000.0,301.50135368
2021-05-01,King,2021,5,May,3807,2265.0,4250.0,4422.0,0.6,6.0,0.2375275938,0.6603624901,1.074094777,781000.0,749950.0,461.403508772
2021-05-01,Kitsap,2021,5,May,404,292.0,529.0,526.0,0.7,6.0,0.1712328767,0.7623762376,1.064649536,499000.0,489000.0,282.92685919
2021-05-01,Kittitas,2021,5,May,93,84.0,134.0,119.0,0.9,7.0,0.1547619048,0.4516129032,1.017173368,525000.0,532790.0,319.683908046
2021-05-01,Klickitat,2021,5,May,29,30.0,28.0,25.0,1.0,7.0,0.03333333333,0.3793103448,0.9937756499,475000.0,421950.0,255.086661643
2021-05-01,Lewis,2021,5,May,89,111.0,122.0,125.0,1.2,8.0,0.1981981982,0.5730337079,1.027692037,356362.0,388500.0,226.510416667
2021-05-01,Lincoln,2021,5,May,15,21.0,21.0,15.0,1.4,34.0,0.2380952381,0.4,1.002067485,318500.0,320000.0,119.731800766
2021-05-01,Mason,2021,5,May,100,70.0,121.0,128.0,0.7,7.0,0.2428571429,0.63,1.045561783,394000.0,375000.0,268.098159509
2021-05-01,Okanogan,2021,5,May,39,81.0,66.0,60.0,2.1,17.0,0.08641975309,0.3333333333,1.00665384,280000.0,419900.0,162.241887906
2021-05-01,Pacific,2021,5,May,48,48.0,46.0,36.0,1.0,15.0,0.125,0.4166666667,1.003894599,301400.0,325000.0,230.580655716
2021-05-01,Pend Oreille,2021,5,May,17,34.0,32.0,25.0,2.0,13.0,0.1176470588,0.2941176471,1.0003932,410000.0,399999.5,243.75
2021-05-01,Pierce,2021,5,May,1487,906.0,1795.0,1868.0,0.6,5.0,0.2516556291,0.7283120377,1.058124162,505000.0,485000.0,279.70600245
2021-05-01,San Juan,2021,5,May,30,58.0,54.0,49.0,1.9,32.0,0.1724137931,0.2666666667,1.001657379,745000.0,835000.0,432.941469046
2021-05-01,Skagit,2021,5,May,186,139.0,196.0,209.0,0.7,7.0,0.2230215827,0.6129032258,1.036224506,490000.0,525000.0,280.0
2021-05-01,Skamania,2021,5,May,10,16.0,18.0,15.0,1.6,6.0,0.0625,0.3,1.009276484,362500.0,547450.0,239.992004627
2021-05-01,Snohomish,2021,5,May,1458,660.0,1636.0,1754.0,0.5,5.0,0.1772727273,0.7167352538,1.081968669,654975.0,639972.5,354.052990835
2021-05-01,Spokane,2021,5,May,801,438.0,861.0,837.0,0.5,5.0,0.1940639269,0.6516853933,1.057041401,390000.0,399000.0,192.8221844
2021-05-01,Stevens,2021,5,May,56,106.0,74.0,47.0,1.9,18.0,0.05660377358,0.3571428571,1.008881184,298700.0,425000.0,179.97382199
2021-05-01,Thurston,2021,5,May,485,248.0,589.0,630.0,0.5,5.0,0.185483871,0.7278350515,1.056980538,450000.0,449900.0,247.781463819
2021-05-01,Wahkiakum,2021,5,May,7,17.0,12.0,12.0,2.4,7.0,0.4705882353,0.4285714286,0.9975796558,358500.0,478450.0,219.78021978
2021-05-01,Walla Walla,2021,5,May,66,63.0,97.0,100.0,1.0,14.0,0.1587301587,0.4393939394,1.012889387,366347.0,364772.0,215.925393705
2021-05-01,Whatcom,2021,5,May,318,264.0,410.0,417.0,0.8,6.0,0.1477272727,0.5817610063,1.051716523,540000.0,537000.0,314.767711963
2021-05-01,Whitman,2021,5,May,49,184.0,76.0,51.0,3.8,75.0,,0.2040816327,0.9999833381,361000.0,349000.0,180.884885204
2021-05-01,Yakima,2021,5,May,180,549.0,227.0,178.0,3.1,57.0,,0.5166666667,1.01598196,307875.0,320000.0,183.311517383
2021-06-01,Adams,2021,6,Jun,11,28.0,27.0,15.0,2.5,58.0,0.1428571429,0.2727272727,0.9999594627,259995.0,294255.0,190.148305085
2021-06-01,Asotin,2021,6,Jun,26,43.0,24.0,33.0,1.7,47.0,0.3255813953,0.3461538462,0.997731425,308000.0,259000.0,153.989396764
2021-06-01,Benton,2021,6,Jun,352,751.0,331.0,349.0,2.1,48.0,,0.53125,1.019529116,400000.0,412000.0,205.162210339
2021-06-01,Chelan,2021,6,Jun,113,131.0,152.0,152.0,1.2,6.0,0.1984732824,0.6283185841,1.047999124,557277.0,616950.0,287.802649612
2021-06-01,Clallam,2021,6,Jun,136,113.0,129.0,206.0,0.8,6.0,0.2300884956,0.5661764706,1.039875935,433500.0,385000.0,280.841121495
2021-06-01,Clark,2021,6,Jun,1016,824.0,1092.0,1037.0,0.8,5.0,0.2087378641,0.6614173228,1.035868183,480000.0,475000.0,259.472222222
2021-06-01,Columbia,2021,6,Jun,10,14.0,5.0,10.0,1.4,56.0,,0.4,0.9921158457,248250.0,379900.0,176.582891024
2021-06-01,Cowlitz,2021,6,Jun,173,154.0,208.0,200.0,0.9,5.0,0.2402597403,0.6358381503,1.028956569,369000.0,362500.0,234.771573604
2021-06-01,Douglas,2021,6,Jun,56,36.0,65.0,68.0,0.6,6.0,0.2777777778,0.5892857143,1.02528938,460000.0,450000.0,268.536009445
2021-06-01,Ferry,2021,6,Jun,9,42.0,15.0,9.0,4.7,11.0,0.2142857143,0.1111111111,0.98379534,379900.0,299900.0,153.225806452
2021-06-01,Franklin,2021,6,Jun,130,288.0,113.0,130.0,2.2,65.0,,0.5692307692,1.021663327,365500.0,365000.0,211.393217264
2021-06-01,Garfield,2021,6,Jun,1,6.0,1.0,1.0,6.0,57.0,,1.0,1.1,209000.0,199900.0,70.991847826
2021-06-01,Grant,2021,6,Jun,135,142.0,164.0,138.0,1.1,9.0,0.1971830986,0.4740740741,1.010844234,314537.0,320000.0,190.0
2021-06-01,Grays Harbor,2021,6,Jun,142,205.0,193.0,190.0,1.4,7.0,0.2390243902,0.5070422535,1.018804011,309000.0,325000.0,198.693522047
2021-06-01,Island,2021,6,Jun,200,111.0,212.0,209.0,0.6,6.0,0.3153153153,0.66,1.045172202,554500.0,542500.0,308.431316833
2021-06-01,Jefferson,2021,6,Jun,45,58.0,67.0,67.0,1.3,8.0,0.224137931,0.5111111111,1.063890329,599000.0,597000.0,322.98136646
2021-06-01,King,2021,6,Jun,4377,2527.0,4710.0,4388.0,0.6,6.0,0.2572220024,0.6600411241,1.068255414,789950.0,759950.0,462.824908712
2021-06-01,Kitsap,2021,6,Jun,560,325.0,606.0,581.0,0.6,6.0,0.2338461538,0.75,1.068022515,502000.0,482450.0,285.175415661
2021-06-01,Kittitas,2021,6,Jun,113,103.0,144.0,129.0,0.9,6.0,0.2038834951,0.4424778761,1.021624103,475000.0,478500.0,296.296296296
2021-06-01,Klickitat,2021,6,Jun,26,42.0,30.0,22.0,1.6,8.0,0.2380952381,0.5,1.021626418,567000.0,435000.0,306.159372406
2021-06-01,Lewis,2021,6,Jun,127,146.0,147.0,133.0,1.1,7.0,0.3082191781,0.6141732283,1.027209041,375000.0,369900.0,240.384615385
2021-06-01,Lincoln,2021,6,Jun,11,23.0,17.0,17.0,2.1,8.0,0.2173913043,0.6363636364,1.043267704,240000.0,275000.0,204.595015576
2021-06-01,Mason,2021,6,Jun,125,87.0,158.0,147.0,0.7,6.0,0.2413793103,0.632,1.050267238,383500.0,399000.0,273.749398749
2021-06-01,Okanogan,2021,6,Jun,55,83.0,57.0,57.0,1.5,14.0,0.3012048193,0.4363636364,1.01927194,372500.0,333000.0,200.617283951
2021-06-01,Pacific,2021,6,Jun,50,49.0,61.0,65.0,1.0,9.0,0.2653061224,0.48,1.002529396,294999.5,329000.0,229.40033449
2021-06-01,Pend Oreille,2021,6,Jun,35,31.0,29.0,37.0,0.9,28.0,0.1935483871,0.2571428571,0.9953296823,350000.0,394950.0,210.987261146
2021-06-01,Pierce,2021,6,Jun,1889,1045.0,1978.0,1924.0,0.6,5.0,0.2995215311,0.7231339333,1.052914623,510000.0,499894.0,275.684313159
2021-06-01,San Juan,2021,6,Jun,55,71.0,55.0,45.0,1.3,8.0,0.1408450704,0.3636363636,1.007125311,875000.0,985500.0,498.980632008
2021-06-01,Skagit,2021,6,Jun,192,145.0,225.0,232.0,0.8,6.0,0.2275862069,0.5885416667,1.035568687,529950.0,494000.0,304.136253041
2021-06-01,Skamania,2021,6,Jun,18,17.0,17.0,18.0,0.9,7.0,0.3529411765,0.6111111111,1.040408119,494500.0,539900.0,257.138824666
2021-06-01,Snohomish,2021,6,Jun,1752,773.0,1849.0,1762.0,0.4,5.0,0.1940491591,0.7402968037,1.077313199,670000.0,644900.0,356.387661127
2021-06-01,Spokane,2021,6,Jun,914,493.0,1016.0,970.0,0.5,5.0,0.3123732252,0.6794310722,1.060685271,390000.0,393700.0,196.220930233
2021-06-01,Stevens,2021,6,Jun,58,129.0,85.0,57.0,2.2,18.0,0.07751937984,0.4827586207,1.025507017,342500.0,369000.0,191.100329595
2021-06-01,Thurston,2021,6,Jun,607,267.0,669.0,684.0,0.4,5.0,0.3033707865,0.7858319605,1.061073965,469266.0,449900.0,257.441530829
2021-06-01,Wahkiakum,2021,6,Jun,5,22.0,11.0,6.0,4.4,43.0,0.2272727273,0.8,1.029568142,390000.0,409900.0,200.0
2021-06-01,Walla Walla,2021,6,Jun,91,77.0,91.0,89.0,0.8,6.0,0.07792207792,0.5604395604,1.026760697,365000.0,365000.0,205.761316872
2021-06-01,Whatcom,2021,6,Jun,391,291.0,438.0,413.0,0.7,6.0,0.2130584192,0.631713555,1.047948741,550000.0,540000.0,312.310606061
2021-06-01,Whitman,2021,6,Jun,79,164.0,60.0,78.0,2.1,63.0,,0.1898734177,0.9888348752,357000.0,327000.0,164.768219239
2021-06-01,Yakima,2021,6,Jun,211,578.0,251.0,208.0,2.7,55.0,,0.6018957346,1.025280884,350000.0,335450.0,195.344129555
2021-07-01,Adams,2021,7,Jul,18,32.0,26.0,22.0,1.8,7.0,0.25,0.1666666667,0.9765515673,206500.0,270000.0,147.479249474
2021-07-01,Asotin,2021,7,Jul,37,47.0,35.0,35.0,1.3,7.0,0.3617021277,0.4054054054,1.001001839,270000.0,289000.0,175.336060783
2021-07-01,Benton,2021,7,Jul,331,798.0,389.0,332.0,2.4,46.0,,0.5951661631,1.025309017,420000.0,399999.0,213.707637835
2021-07-01,Chelan,2021,7,Jul,114,144.0,125.0,127.0,1.3,8.0,0.2083333333,0.5263157895,1.030892966,515350.0,550000.0,278.194137392
2021-07-01,Clallam,2021,7,Jul,143,110.0,134.0,239.0,0.8,9.0,0.2454545455,0.5594405594,1.029965987,417500.0,439450.0,265.881147541
2021-07-01,Clark,2021,7,Jul,1044,982.0,1144.0,1000.0,0.9,6.0,0.2209775967,0.6120689655,1.029674322,480000.0,479900.0,258.823303889
2021-07-01,Columbia,2021,7,Jul,4,18.0,8.0,4.0,4.5,57.0,,0.0,0.9651228449,440000.0,299000.0,185.248745499
2021-07-01,Cowlitz,2021,7,Jul,159,174.0,194.0,206.0,1.1,7.0,0.3735632184,0.5408805031,1.025061153,370000.0,363900.0,242.925787507
2021-07-01,Douglas,2021,7,Jul,68,40.0,70.0,67.0,0.6,8.0,0.175,0.4852941176,1.024568597,445000.0,434164.0,251.748251748
2021-07-01,Ferry,2021,7,Jul,15,43.0,14.0,12.0,2.9,56.0,0.1627906977,0.06666666667,0.9810277687,259000.0,337400.0,199.363425926
2021-07-01,Franklin,2021,7,Jul,117,245.0,81.0,117.0,2.1,49.0,,0.6495726496,1.028249748,360000.0,369900.0,208.942326491
2021-07-01,Garfield,2021,7,Jul,2,11.0,7.0,2.0,5.5,96.0,,0.0,0.9668008048,203500.0,169000.0,70.887864947
2021-07-01,Grant,2021,7,Jul,116,155.0,147.0,137.0,1.3,10.0,0.2580645161,0.5172413793,1.021032522,320000.0,315000.0,194.331983806
2021-07-01,Grays Harbor,2021,7,Jul,151,254.0,223.0,200.0,1.7,8.0,0.3188976378,0.4966887417,1.026178861,330000.0,339950.0,237.704918033
2021-07-01,Island,2021,7,Jul,184,137.0,196.0,188.0,0.7,6.0,0.299270073,0.6413043478,1.054294353,575000.0,519499.5,312.5
2021-07-01,Jefferson,2021,7,Jul,55,71.0,75.0,78.0,1.3,8.0,0.2112676056,0.4,1.035244857,605500.0,635000.0,341.92388621
2021-07-01,King,2021,7,Jul,4146,2937.0,4295.0,3862.0,0.7,6.0,0.2499148791,0.6145682586,1.056959637,790000.0,749000.0,464.790836653
2021-07-01,Kitsap,2021,7,Jul,492,453.0,654.0,557.0,0.9,6.0,0.2472406181,0.7093495935,1.057240472,510000.0,485000.0,289.337827503
2021-07-01,Kittitas,2021,7,Jul,95,129.0,140.0,112.0,1.4,6.0,0.2325581395,0.4842105263,1.031282848,459950.0,529950.0,274.762036525
2021-07-01,Klickitat,2021,7,Jul,19,50.0,36.0,33.0,2.6,13.0,0.18,0.3157894737,0.9956492733,400000.0,564000.0,297.619047619
2021-07-01,Lewis,2021,7,Jul,113,159.0,157.0,149.0,1.4,10.0,0.4465408805,0.5840707965,1.021729612,400000.0,400000.0,242.504409171
2021-07-01,Lincoln,2021,7,Jul,24,28.0,21.0,21.0,1.2,8.0,0.4642857143,0.5416666667,1.033558198,310000.0,275000.0,175.496688742
2021-07-01,Mason,2021,7,Jul,123,108.0,156.0,148.0,0.9,7.0,0.3333333333,0.6097560976,1.047378939,407000.0,404950.0,278.637770898
2021-07-01,Okanogan,2021,7,Jul,49,97.0,60.0,43.0,2.0,13.0,0.1237113402,0.4081632653,1.015615543,350000.0,319950.0,204.79812756
2021-07-01,Pacific,2021,7,Jul,46,81.0,83.0,58.0,1.8,7.0,0.2345679012,0.4782608696,1.01518514,287000.0,369000.0,236.742424242
2021-07-01,Pend Oreille,2021,7,Jul,26,50.0,45.0,29.0,1.9,19.0,0.2,0.3846153846,1.010729009,420000.0,384900.0,200.140361822
2021-07-01,Pierce,2021,7,Jul,1735,1340.0,1978.0,1800.0,0.8,6.0,0.2828358209,0.6991354467,1.045311092,510475.0,490225.0,277.093596059
2021-07-01,San Juan,2021,7,Jul,35,80.0,45.0,40.0,2.3,13.0,0.2125,0.3142857143,1.009457434,814000.0,865000.0,524.809160305
2021-07-01,Skagit,2021,7,Jul,211,176.0,229.0,208.0,0.8,6.0,0.2045454545,0.6208530806,1.034779249,500000.0,500000.0,310.701956272
2021-07-01,Skamania,2021,7,Jul,15,19.0,23.0,23.0,1.3,7.0,0.2105263158,0.4,1.001724057,500000.0,449000.0,248.091603053
2021-07-01,Snohomish,2021,7,Jul,1596,1012.0,1789.0,1559.0,0.6,6.0,0.2065217391,0.7042606516,1.061210271,680000.0,639995.0,353.183609386
2021-07-01,Spokane,2021,7,Jul,947,700.0,1024.0,871.0,0.7,5.0,0.2757142857,0.6325237592,1.048450717,405500.0,399000.0,196.886446886
2021-07-01,Stevens,2021,7,Jul,77,141.0,75.0,67.0,1.8,28.0,0.1843971631,0.3636363636,1.009532026,404000.0,387500.0,204.692832765
2021-07-01,Thurston,2021,7,Jul,635,368.0,713.0,652.0,0.6,6.0,0.2989130435,0.6881889764,1.045013925,460000.0,464990.0,257.464773222
2021-07-01,Wahkiakum,2021,7,Jul,7,21.0,12.0,16.0,3.0,13.0,0.2857142857,0.4285714286,1.042225666,380000.0,399000.0,193.384223919
2021-07-01,Walla Walla,2021,7,Jul,90,79.0,90.0,102.0,0.9,9.0,0.2151898734,0.4888888889,1.014378038,381000.0,377477.0,196.531350583
2021-07-01,Whatcom,2021,7,Jul,400,322.0,411.0,392.0,0.8,6.0,0.2329192547,0.58,1.040263972,546385.0,530000.0,323.420075958
2021-07-01,Whitman,2021,7,Jul,64,163.0,65.0,65.0,2.5,64.0,,0.171875,0.9947005946,353000.0,350000.0,173.691362879
2021-07-01,Yakima,2021,7,Jul,213,609.0,255.0,212.0,2.9,56.0,0.001642036125,0.5492957746,1.019745351,345000.0,334000.0,189.677988531
2021-08-01,Adams,2021,8,Aug,11,33.0,20.0,25.0,3.0,10.0,0.06060606061,0.3636363636,1.008225436,255000.0,292127.5,185.792349727
2021-08-01,Asotin,2021,8,Aug,31,49.0,35.0,42.0,1.6,43.0,0.3673469388,0.4193548387,0.995314013,280000.0,310000.0,163.003663004
2021-08-01,Benton,2021,8,Aug,324,822.0,361.0,324.0,2.5,48.0,,0.5432098765,1.021719657,420000.0,419950.0,219.654768156
2021-08-01,Chelan,2021,8,Aug,106,150.0,119.0,126.0,1.4,7.0,0.28,0.5849056604,1.025454891,555000.0,515000.0,289.619923663
2021-08-01,Clallam,2021,8,Aug,144,121.0,126.0,235.0,0.8,9.0,0.2148760331,0.4722222222,1.022050006,418000.0,446500.0,268.825301205
2021-08-01,Clark,2021,8,Aug,958,1030.0,1045.0,1039.0,1.1,7.0,0.2699029126,0.5803757829,1.02429832,485000.0,499999.0,264.713124846
2021-08-01,Columbia,2021,8,Aug,10,16.0,9.0,7.0,1.6,81.0,0.0625,0.2,0.9662893363,255000.0,225900.0,135.138752973
2021-08-01,Cowlitz,2021,8,Aug,172,165.0,191.0,230.0,1.0,7.0,0.4363636364,0.5523255814,1.020842269,360000.0,365000.0,234.938099559
2021-08-01,Douglas,2021,8,Aug,58,54.0,73.0,68.0,0.9,7.0,0.4259259259,0.5344827586,1.025430043,460450.0,464900.0,256.418398597
2021-08-01,Ferry,2021,8,Aug,5,47.0,17.0,6.0,9.4,56.0,0.170212766,0.2,1.008349597,335000.0,295000.0,157.961246841
2021-08-01,Franklin,2021,8,Aug,105,247.0,116.0,105.0,2.4,50.0,,0.5714285714,1.022819235,383265.0,375000.0,212.722852512
2021-08-01,Garfield,2021,8,Aug,1,14.0,3.0,1.0,14.0,,,0.0,1.0,215000.0,215000.0,
2021-08-01,Grant,2021,8,Aug,126,165.0,147.0,143.0,1.3,7.0,0.3212121212,0.4206349206,1.00779588,312500.0,324999.0,194.404799929
2021-08-01,Grays Harbor,2021,8,Aug,181,270.0,215.0,237.0,1.5,13.0,0.3407407407,0.4419889503,1.012082443,330000.0,315000.0,217.312348668
2021-08-01,Island,2021,8,Aug,169,138.0,190.0,222.0,0.8,6.0,0.3405797101,0.6272189349,1.043530437,565000.0,497000.0,303.76344086
2021-08-01,Jefferson,2021,8,Aug,60,52.0,56.0,97.0,0.9,9.0,0.3076923077,0.5666666667,1.042544467,635000.0,532450.0,345.103283582
2021-08-01,King,2021,8,Aug,3848,2551.0,3709.0,4854.0,0.7,6.0,0.3277146217,0.5813409563,1.044793939,780000.0,735000.0,465.11627907
2021-08-01,Kitsap,2021,8,Aug,577,382.0,487.0,608.0,0.7,6.0,0.4214659686,0.6551126516,1.042633959,500000.0,499950.0,279.443868739
2021-08-01,Kittitas,2021,8,Aug,108,135.0,112.0,124.0,1.3,7.0,0.2814814815,0.4537037037,1.012802673,474500.0,549497.5,303.770526818
2021-08-01,Klickitat,2021,8,Aug,20,56.0,31.0,28.0,2.8,15.0,0.2857142857,0.2,0.9988476827,454287.0,549900.0,327.164477414
2021-08-01,Lewis,2021,8,Aug,125,179.0,136.0,136.0,1.4,11.0,0.3854748603,0.48,1.013236811,370000.0,387450.0,245.78313253
2021-08-01,Lincoln,2021,8,Aug,12,34.0,23.0,19.0,2.8,15.0,0.1764705882,0.25,0.98688219,272000.0,229000.0,135.06743738
2021-08-01,Mason,2021,8,Aug,129,113.0,146.0,166.0,0.9,7.0,0.3539823009,0.5968992248,1.029644854,440000.0,414450.0,270.214418339
2021-08-01,Okanogan,2021,8,Aug,42,111.0,51.0,47.0,2.6,18.0,0.2342342342,0.3571428571,1.004738996,347000.0,284999.0,183.486917416
2021-08-01,Pacific,2021,8,Aug,47,94.0,65.0,60.0,2.0,11.0,0.2978723404,0.4255319149,0.9973904046,340000.0,389900.0,267.509727626
2021-08-01,Pend Oreille,2021,8,Aug,28,52.0,23.0,26.0,1.9,13.0,0.2307692308,0.3214285714,1.004920764,385000.0,364900.0,239.939329911
2021-08-01,Pierce,2021,8,Aug,1734,1278.0,1793.0,2338.0,0.7,6.0,0.3841940532,0.6557093426,1.033364937,513975.0,499825.0,278.333384596
2021-08-01,San Juan,2021,8,Aug,40,81.0,37.0,36.0,2.0,18.0,0.2098765432,0.3,0.992213688,807500.0,1195000.0,496.527777778
2021-08-01,Skagit,2021,8,Aug,191,184.0,203.0,214.0,1.0,7.0,0.2989130435,0.5811518325,1.032751166,506000.0,525000.0,312.145289444
2021-08-01,Skamania,2021,8,Aug,20,24.0,23.0,20.0,1.2,28.0,0.25,0.15,0.9856719762,527450.0,560000.0,285.927731382
2021-08-01,Snohomish,2021,8,Aug,1621,939.0,1644.0,1916.0,0.6,6.0,0.3620873269,0.6465144972,1.04729992,663000.0,639975.0,357.80669145
2021-08-01,Spokane,2021,8,Aug,898,739.0,976.0,972.0,0.8,6.0,0.3924221922,0.6180400891,1.037844018,399900.0,389900.0,199.327165685
2021-08-01,Stevens,2021,8,Aug,60,154.0,89.0,78.0,2.6,29.0,0.1818181818,0.4,0.9989010599,370500.0,395000.0,204.716281921
2021-08-01,Thurston,2021,8,Aug,621,337.0,632.0,742.0,0.5,6.0,0.3679525223,0.6859903382,1.042103158,467000.0,452450.0,258.064516129
2021-08-01,Wahkiakum,2021,8,Aug,11,8.0,4.0,14.0,0.7,24.0,1.0,0.2727272727,0.994317396,480000.0,260000.0,270.344827586
2021-08-01,Walla Walla,2021,8,Aug,88,100.0,101.0,87.0,1.1,10.0,0.25,0.5227272727,1.020174863,385407.5,387257.5,210.287920268
2021-08-01,Whatcom,2021,8,Aug,357,328.0,395.0,441.0,0.9,6.0,0.3018292683,0.5826330532,1.034584397,564900.0,550000.0,326.639673025
2021-08-01,Whitman,2021,8,Aug,56,135.0,32.0,56.0,2.4,60.0,,0.2678571429,1.001955479,362500.0,341250.0,183.852536842
2021-08-01,Yakima,2021,8,Aug,206,650.0,256.0,206.0,3.2,55.0,0.001538461538,0.5194174757,1.016204317,347250.0,330000.0,195.071603531
2021-09-01,Adams,2021,9,Sep,28,37.0,24.0,19.0,1.3,25.0,0.1351351351,0.25,0.9882456574,277000.0,294255.0,144.274691358
2021-09-01,Asotin,2021,9,Sep,33,45.0,32.0,32.0,1.4,18.0,0.2444444444,0.3636363636,0.9968972114,275000.0,262000.0,156.976744186
2021-09-01,Benton,2021,9,Sep,357,851.0,393.0,357.0,2.4,46.0,,0.512605042,1.018010624,389900.0,417500.0,221.923335575
2021-09-01,Chelan,2021,9,Sep,95,171.0,134.0,107.0,1.8,8.0,0.2105263158,0.3578947368,1.00707012,540000.0,599450.0,284.090909091
2021-09-01,Clallam,2021,9,Sep,133,109.0,88.0,211.0,0.8,7.0,0.3394495413,0.4661654135,1.016685323,483940.0,428250.0,288.128249567
2021-09-01,Clark,2021,9,Sep,925,1011.0,935.0,958.0,1.1,8.0,0.293768546,0.5513513514,1.018352173,475000.0,485000.0,262.546240571
2021-09-01,Columbia,2021,9,Sep,3,23.0,15.0,11.0,7.7,40.0,0.08695652174,0.6666666667,0.9935765658,240000.0,224900.0,267.857142857
2021-09-01,Cowlitz,2021,9,Sep,177,200.0,222.0,212.0,1.1,11.0,0.425,0.5141242938,1.013599298,380000.0,369000.0,231.25376733
2021-09-01,Douglas,2021,9,Sep,67,69.0,93.0,84.0,1.0,7.0,0.3333333333,0.5074626866,1.02322763,452000.0,429000.0,253.077975376
2021-09-01,Ferry,2021,9,Sep,7,46.0,10.0,11.0,6.6,51.0,0.1086956522,0.0,0.9718038075,199900.0,357450.0,176.826430898
2021-09-01,Franklin,2021,9,Sep,99,279.0,137.0,99.0,2.8,46.0,,0.5050505051,1.020294534,377000.0,408000.0,216.346153846
2021-09-01,Garfield,2021,9,Sep,5,11.0,1.0,5.0,2.2,56.0,,0.2,0.9919370217,291500.0,289000.0,115.217391304
2021-09-01,Grant,2021,9,Sep,129,178.0,156.0,148.0,1.4,11.0,0.2134831461,0.4186046512,1.00825651,335000.0,350000.0,196.318735828
2021-09-01,Grays Harbor,2021,9,Sep,162,260.0,181.0,218.0,1.6,11.0,0.2884615385,0.4135802469,1.007504361,323250.0,369500.0,230.600692301
2021-09-01,Island,2021,9,Sep,179,116.0,167.0,196.0,0.6,7.0,0.3534482759,0.5530726257,1.030137462,495000.0,550000.0,303.260045489
2021-09-01,Jefferson,2021,9,Sep,60,50.0,44.0,53.0,0.8,8.0,0.28,0.55,1.041998372,593750.0,539975.0,313.541001408
2021-09-01,King,2021,9,Sep,3716,2658.0,3917.0,3774.0,0.7,7.0,0.2930775019,0.5379440258,1.037899024,755000.0,750000.0,458.120205958
2021-09-01,Kitsap,2021,9,Sep,514,399.0,507.0,528.0,0.8,7.0,0.313283208,0.6108949416,1.031155322,500500.0,500000.0,282.680255629
2021-09-01,Kittitas,2021,9,Sep,103,133.0,116.0,110.0,1.3,6.0,0.2932330827,0.4563106796,1.012236992,480000.0,524500.0,283.371040724
2021-09-01,Klickitat,2021,9,Sep,14,70.0,33.0,24.0,5.0,28.0,0.2428571429,0.2857142857,0.9861278817,576250.0,549000.0,329.196613572
2021-09-01,Lewis,2021,9,Sep,110,193.0,158.0,165.0,1.8,14.0,0.3834196891,0.4363636364,1.002039467,381250.0,377500.0,233.905579399
2021-09-01,Lincoln,2021,9,Sep,17,37.0,22.0,18.0,2.2,28.0,0.2162162162,0.4705882353,1.003158616,275000.0,259500.0,134.230769231
2021-09-01,Mason,2021,9,Sep,135,96.0,124.0,146.0,0.7,8.0,0.4895833333,0.5925925926,1.036659737,406000.0,399900.0,282.579787234
2021-09-01,Okanogan,2021,9,Sep,29,121.0,69.0,58.0,4.2,16.0,0.305785124,0.275862069,0.9874906182,297000.0,379000.0,237.5
2021-09-01,Pacific,2021,9,Sep,56,94.0,64.0,72.0,1.7,17.0,0.2659574468,0.3392857143,1.000238755,366250.0,357500.0,272.663796113
2021-09-01,Pend Oreille,2021,9,Sep,20,52.0,25.0,21.0,2.6,12.0,0.2692307692,0.2,0.9926752485,320000.0,450000.0,202.565409387
2021-09-01,Pierce,2021,9,Sep,1744,1295.0,1691.0,1774.0,0.7,7.0,0.3930501931,0.623853211,1.024456113,506000.0,518000.0,281.0080405
2021-09-01,San Juan,2021,9,Sep,30,74.0,30.0,39.0,2.5,15.0,0.2162162162,0.2666666667,0.9850759455,872500.0,885000.0,519.306124246
2021-09-01,Skagit,2021,9,Sep,173,198.0,206.0,199.0,1.1,8.0,0.297979798,0.6069364162,1.023441364,520000.0,499949.5,319.227913883
2021-09-01,Skamania,2021,9,Sep,17,38.0,27.0,19.0,2.2,9.0,0.2105263158,0.4117647059,1.000991636,499000.0,549000.0,273.4375
2021-09-01,Snohomish,2021,9,Sep,1660,891.0,1525.0,1610.0,0.5,6.0,0.2749719416,0.6036144578,1.035822717,650000.0,650000.0,356.012658228
2021-09-01,Spokane,2021,9,Sep,963,870.0,1000.0,888.0,0.9,6.0,0.4011494253,0.5784008307,1.028162484,394995.0,395000.0,196.428571429
2021-09-01,Stevens,2021,9,Sep,61,166.0,90.0,69.0,2.7,27.0,0.1506024096,0.4590163934,1.007080857,345000.0,427450.0,182.078853047
2021-09-01,Thurston,2021,9,Sep,628,390.0,632.0,613.0,0.6,6.0,0.3435897436,0.601910828,1.028117399,472277.5,459000.0,258.201701094
2021-09-01,Wahkiakum,2021,9,Sep,8,7.0,5.0,7.0,0.9,49.0,0.2857142857,0.25,1.025388652,402000.0,470000.0,207.402152395
2021-09-01,Walla Walla,2021,9,Sep,63,107.0,86.0,82.0,1.7,14.0,0.3364485981,0.3650793651,0.9905031616,360000.0,372250.0,201.271186441
2021-09-01,Whatcom,2021,9,Sep,399,350.0,398.0,397.0,0.9,8.0,0.2485714286,0.5037593985,1.026092606,550000.0,575000.0,320.919067215
2021-09-01,Whitman,2021,9,Sep,53,107.0,31.0,53.0,2.0,69.0,,0.1698113208,0.9822574276,315000.0,299900.0,160.476190476
2021-09-01,Yakima,2021,9,Sep,228,678.0,268.0,226.0,3.0,58.0,0.001474926254,0.5,1.018427862,331331.5,349900.0,193.634659353
2021-10-01,Adams,2021,10,Oct,17,36.0,17.0,19.0,2.1,23.0,0.1388888889,0.3529411765,1.002354238,255000.0,296255.0,170.138888889
2021-10-01,Asotin,2021,10,Oct,32,47.0,25.0,34.0,1.5,21.0,0.2553191489,0.28125,0.9916802306,289500.0,374900.0,160.411383488
2021-10-01,Benton,2021,10,Oct,326,864.0,364.0,325.0,2.7,48.0,,0.4171779141,1.010204538,400000.0,436425.0,220.111731844
2021-10-01,Chelan,2021,10,Oct,111,162.0,108.0,121.0,1.5,10.0,0.3024691358,0.3693693694,1.001627626,519500.0,499450.0,287.35300603
2021-10-01,Clallam,2021,10,Oct,115,96.0,80.0,196.0,0.8,9.0,0.2916666667,0.4260869565,1.010006159,462500.0,480000.0,273.716314193
2021-10-01,Clark,2021,10,Oct,942,904.0,837.0,937.0,1.0,10.0,0.3119469027,0.5138004246,1.012671088,491000.0,475000.0,268.408526572
2021-10-01,Columbia,2021,10,Oct,11,21.0,7.0,7.0,1.9,55.0,0.2380952381,0.3636363636,0.9548629576,239460.0,270000.0,177.356656948
2021-10-01,Cowlitz,2021,10,Oct,173,185.0,156.0,197.0,1.1,14.0,0.3783783784,0.450867052,1.005974461,369300.0,374950.0,225.603673638
2021-10-01,Douglas,2021,10,Oct,64,69.0,67.0,69.0,1.1,7.0,0.3333333333,0.46875,1.009134372,452500.0,449000.0,246.027182197
2021-10-01,Ferry,2021,10,Oct,11,42.0,11.0,7.0,3.8,108.0,0.119047619,0.1818181818,0.9347357528,285000.0,199900.0,136.20620528
2021-10-01,Franklin,2021,10,Oct,115,245.0,88.0,115.0,2.1,43.0,,0.6173913043,1.018556597,384000.0,409950.0,230.479542192
2021-10-01,Garfield,2021,10,Oct,2,10.0,1.0,2.0,5.0,79.0,,0.5,1.011904762,192000.0,215000.0,113.410119292
2021-10-01,Grant,2021,10,Oct,132,160.0,96.0,103.0,1.2,14.0,0.25625,0.3409090909,1.000821222,342000.0,349250.0,198.884615385
2021-10-01,Grays Harbor,2021,10,Oct,173,217.0,148.0,193.0,1.3,16.0,0.2903225806,0.387283237,1.005290944,334950.0,335000.0,238.805970149
2021-10-01,Island,2021,10,Oct,170,100.0,156.0,181.0,0.6,7.0,0.33,0.5411764706,1.02615961,535000.0,549349.5,308.308320225
2021-10-01,Jefferson,2021,10,Oct,69,37.0,55.0,77.0,0.5,12.0,0.2972972973,0.4637681159,1.030056118,580000.0,596000.0,346.675712347
2021-10-01,King,2021,10,Oct,3561,2156.0,3058.0,3531.0,0.6,7.0,0.3051948052,0.5571468689,1.040353543,760000.0,739260.0,461.942727875
2021-10-01,Kitsap,2021,10,Oct,466,385.0,453.0,509.0,0.8,7.0,0.3584415584,0.6158798283,1.035839113,505000.0,519000.0,293.068495514
2021-10-01,Kittitas,2021,10,Oct,109,103.0,76.0,109.0,0.9,12.0,0.4174757282,0.376146789,1.006587369,550000.0,519900.0,332.943925234
2021-10-01,Klickitat,2021,10,Oct,24,61.0,19.0,26.0,2.5,12.0,0.3114754098,0.4166666667,1.020430797,513500.0,289000.0,339.279557483
2021-10-01,Lewis,2021,10,Oct,115,164.0,114.0,155.0,1.4,13.0,0.3597560976,0.4,0.9966258238,370000.0,362450.0,240.805604203
2021-10-01,Lincoln,2021,10,Oct,19,35.0,15.0,19.0,1.8,15.0,0.4285714286,0.3157894737,1.013539592,225000.0,308500.0,121.906841339
2021-10-01,Mason,2021,10,Oct,122,86.0,109.0,125.0,0.7,13.0,0.4069767442,0.5327868852,1.008526879,392150.0,400000.0,257.352941176
2021-10-01,Okanogan,2021,10,Oct,48,108.0,44.0,56.0,2.3,17.0,0.1666666667,0.25,1.016449391,375500.0,384500.0,193.84240224
2021-10-01,Pacific,2021,10,Oct,49,79.0,41.0,55.0,1.6,21.0,0.2911392405,0.2040816327,0.9798311233,350000.0,350000.0,280.898876404
2021-10-01,Pend Oreille,2021,10,Oct,25,48.0,23.0,22.0,1.9,38.0,0.1875,0.28,1.004060659,325000.0,340000.0,180.372381691
2021-10-01,Pierce,2021,10,Oct,1589,1176.0,1520.0,1717.0,0.7,8.0,0.3971088435,0.5689112649,1.019613329,520000.0,500000.0,277.885858586
2021-10-01,San Juan,2021,10,Oct,31,64.0,24.0,27.0,2.1,45.0,0.140625,0.3225806452,0.9800660661,1140000.0,797000.0,522.284122563
2021-10-01,Skagit,2021,10,Oct,180,173.0,159.0,187.0,1.0,8.0,0.2716763006,0.4277777778,1.011206822,547500.0,525000.0,295.497185741
2021-10-01,Skamania,2021,10,Oct,12,27.0,16.0,20.0,2.3,6.0,0.4444444444,0.4166666667,1.000964098,562500.0,540000.0,292.063298922
2021-10-01,Snohomish,2021,10,Oct,1435,621.0,1175.0,1444.0,0.4,7.0,0.3011272142,0.5554006969,1.032170094,660000.0,660000.0,359.195402299
2021-10-01,Spokane,2021,10,Oct,867,786.0,802.0,895.0,0.9,7.0,0.4325699746,0.5190311419,1.017335713,391000.0,399900.0,201.538083955
2021-10-01,Stevens,2021,10,Oct,75,127.0,40.0,75.0,1.7,28.0,0.2519685039,0.4,0.9927727329,380000.0,309500.0,173.349056604
2021-10-01,Thurston,2021,10,Oct,575,338.0,528.0,602.0,0.6,6.0,0.3431952663,0.5791304348,1.021159736,475000.0,465676.5,255.292553191
2021-10-01,Wahkiakum,2021,10,Oct,11,6.0,2.0,3.0,0.5,60.0,0.1666666667,0.2727272727,0.9893857797,399000.0,553500.0,243.506493506
2021-10-01,Walla Walla,2021,10,Oct,82,93.0,62.0,84.0,1.1,13.0,0.2688172043,0.4268292683,1.00696948,379500.0,399900.0,213.550137184
2021-10-01,Whatcom,2021,10,Oct,364,308.0,329.0,359.0,0.8,8.0,0.2305194805,0.4587912088,1.019557987,555277.5,549000.0,325.460843277
2021-10-01,Whitman,2021,10,Oct,45,88.0,30.0,44.0,2.0,66.0,,0.06666666667,0.969009046,335000.0,352000.0,165.231788079
2021-10-01,Yakima,2021,10,Oct,231,637.0,208.0,231.0,2.8,59.0,,0.4545454545,1.011581691,334000.0,359000.0,198.396793587
2021-11-01,Adams,2021,11,Nov,8,39.0,17.0,15.0,4.9,19.0,0.1794871795,0.5,1.000620175,302500.0,272900.0,178.122403182
2021-11-01,Asotin,2021,11,Nov,26,41.0,26.0,31.0,1.6,12.0,0.2682926829,0.1538461538,0.9755188341,300500.0,264750.0,179.425837321
2021-11-01,Benton,2021,11,Nov,281,830.0,265.0,280.0,3.0,48.0,,0.4270462633,1.008816755,395000.0,426374.0,221.321695761
2021-11-01,Chelan,2021,11,Nov,88,133.0,68.0,83.0,1.5,11.0,0.2706766917,0.4090909091,1.003098599,597500.0,549450.0,307.464586493
2021-11-01,Clallam,2021,11,Nov,127,76.0,59.0,182.0,0.6,14.0,0.1842105263,0.4173228346,1.009382595,472000.0,479000.0,285.588752197
2021-11-01,Clark,2021,11,Nov,841,729.0,692.0,862.0,0.9,10.0,0.2249657064,0.4756242568,1.013015317,487500.0,475000.0,269.685193571
2021-11-01,Columbia,2021,11,Nov,5,11.0,1.0,8.0,2.2,41.0,0.2727272727,0.4,0.9989408486,317500.0,170000.0,196.343779677
2021-11-01,Cowlitz,2021,11,Nov,171,139.0,121.0,176.0,0.8,14.0,0.3021582734,0.4736842105,1.005094577,374500.0,350000.0,232.142857143
2021-11-01,Douglas,2021,11,Nov,62,51.0,34.0,55.0,0.8,9.0,0.2941176471,0.4193548387,1.006225404,431000.0,419000.0,244.620749099
2021-11-01,Ferry,2021,11,Nov,9,35.0,5.0,9.0,3.9,69.0,0.1142857143,0.2222222222,0.9859701549,189900.0,250000.0,158.384615385
2021-11-01,Franklin,2021,11,Nov,103,236.0,97.0,102.0,2.3,54.0,,0.4466019417,1.010238016,395000.0,375000.0,210.656753408
2021-11-01,Garfield,2021,11,Nov,4,8.0,2.0,4.0,2.0,65.0,,0.0,0.9144584621,197500.0,269500.0,169.671700098
2021-11-01,Grant,2021,11,Nov,114,169.0,110.0,98.0,1.5,16.0,0.201183432,0.3421052632,0.9979138677,320000.0,339900.0,197.307692308
2021-11-01,Grays Harbor,2021,11,Nov,173,212.0,128.0,150.0,1.2,20.0,0.2028301887,0.3988439306,1.000379474,306000.0,375000.0,214.427037975
2021-11-01,Island,2021,11,Nov,146,77.0,114.0,143.0,0.5,8.0,0.3766233766,0.5479452055,1.020326349,574725.0,507500.0,302.771141834
2021-11-01,Jefferson,2021,11,Nov,48,34.0,33.0,42.0,0.7,9.0,0.1470588235,0.625,1.044543281,600000.0,529000.0,364.330501618
2021-11-01,King,2021,11,Nov,3239,1367.0,2022.0,2712.0,0.4,6.0,0.2670080468,0.5381290522,1.04272602,750000.0,750000.0,462.314890894
2021-11-01,Kitsap,2021,11,Nov,433,289.0,311.0,422.0,0.7,8.0,0.2802768166,0.5565819861,1.025493292,510000.0,514900.0,279.043280182
2021-11-01,Kittitas,2021,11,Nov,91,82.0,69.0,93.0,0.9,18.0,0.4146341463,0.3406593407,1.001332305,459000.0,480000.0,292.629784379
2021-11-01,Klickitat,2021,11,Nov,22,51.0,15.0,23.0,2.3,20.0,0.2549019608,0.2727272727,0.9591203535,524000.0,289900.0,244.250657949
2021-11-01,Lewis,2021,11,Nov,128,119.0,69.0,105.0,0.9,23.0,0.3697478992,0.390625,1.003030254,369000.0,400000.0,241.804288097
2021-11-01,Lincoln,2021,11,Nov,16,32.0,13.0,17.0,2.0,54.0,0.1875,0.25,0.9349315066,214500.0,305000.0,137.97459893
2021-11-01,Mason,2021,11,Nov,117,78.0,69.0,78.0,0.7,9.0,0.3333333333,0.4273504274,1.012935593,400000.0,429900.0,270.403146509
2021-11-01,Okanogan,2021,11,Nov,51,102.0,32.0,45.0,2.0,16.0,0.1176470588,0.431372549,1.007385029,347000.0,392500.0,216.626921039
2021-11-01,Pacific,2021,11,Nov,43,63.0,21.0,38.0,1.5,18.0,0.2380952381,0.2558139535,0.9836850055,330000.0,246000.0,274.621212121
2021-11-01,Pend Oreille,2021,11,Nov,15,45.0,8.0,10.0,3.0,9.0,0.1111111111,0.4,1.004310281,465000.0,248750.0,209.958008398
2021-11-01,Pierce,2021,11,Nov,1521,803.0,1070.0,1481.0,0.5,9.0,0.3661270237,0.5220249836,1.016424826,512500.0,510000.0,284.185262318
2021-11-01,San Juan,2021,11,Nov,31,58.0,23.0,23.0,1.9,17.0,0.08620689655,0.4193548387,1.00224336,1080000.0,950000.0,548.333333333
2021-11-01,Skagit,2021,11,Nov,160,131.0,122.0,152.0,0.8,10.0,0.2900763359,0.45625,1.011311453,515000.0,497000.0,290.722530996
2021-11-01,Skamania,2021,11,Nov,17,17.0,5.0,14.0,1.0,37.0,0.2941176471,0.05882352941,0.9675996668,425000.0,624950.0,258.26446281
2021-11-01,Snohomish,2021,11,Nov,1335,377.0,894.0,1136.0,0.3,7.0,0.2811671088,0.5685393258,1.036905832,655000.0,635000.0,362.564200815
2021-11-01,Spokane,2021,11,Nov,820,548.0,528.0,769.0,0.7,10.0,0.3905109489,0.4268292683,1.01061551,385000.0,388000.0,193.194252556
2021-11-01,Stevens,2021,11,Nov,61,100.0,27.0,50.0,1.6,37.0,0.14,0.3770491803,1.004486485,380000.0,389000.0,203.168044077
2021-11-01,Thurston,2021,11,Nov,568,221.0,345.0,465.0,0.4,7.0,0.3619909502,0.5422535211,1.017248908,474975.0,475000.0,263.046561159
2021-11-01,Wahkiakum,2021,11,Nov,4,8.0,3.0,,2.0,34.0,0.25,0.0,0.9642652124,356750.0,499500.0,210.277777778
2021-11-01,Walla Walla,2021,11,Nov,62,72.0,50.0,66.0,1.2,10.0,0.3055555556,0.3387096774,0.9970408001,401250.0,399495.0,209.240166703
2021-11-01,Whatcom,2021,11,Nov,305,226.0,244.0,324.0,0.7,7.0,0.2345132743,0.5049180328,1.020761322,562150.0,536950.0,325.0
2021-11-01,Whitman,2021,11,Nov,22,88.0,25.0,24.0,4.0,64.0,,0.2272727273,0.9923095287,373500.0,349000.0,176.304030302
2021-11-01,Yakima,2021,11,Nov,207,593.0,175.0,207.0,2.9,60.0,,0.4492753623,1.008442498,335000.0,344000.0,195.923913043
2021-12-01,Adams,2021,12,Dec,16,35.0,9.0,15.0,2.2,17.0,0.1714285714,0.3125,0.9813127785,289627.5,319900.0,162.522471237
2021-12-01,Asotin,2021,12,Dec,25,29.0,11.0,48.0,1.2,39.0,0.1034482759,0.24,0.9855223305,260000.0,330000.0,151.699029126
2021-12-01,Benton,2021,12,Dec,312,718.0,219.0,312.0,2.3,49.0,,0.3942307692,1.004653523,425000.0,473900.0,223.442547614
2021-12-01,Chelan,2021,12,Dec,87,110.0,41.0,60.0,1.3,22.0,0.1545454545,0.2988505747,0.9920330459,524900.0,545000.0,259.570765661
2021-12-01,Clallam,2021,12,Dec,116,58.0,54.0,151.0,0.5,18.0,0.2068965517,0.3017241379,1.012242155,484500.0,420000.0,283.344907407
2021-12-01,Clark,2021,12,Dec,865,586.0,480.0,602.0,0.7,11.0,0.1245733788,0.4867052023,1.01281072,490000.0,480000.0,269.913828947
2021-12-01,Columbia,2021,12,Dec,6,11.0,2.0,,1.8,45.0,0.09090909091,0.0,0.9765340909,222500.0,259000.0,153.952898928
2021-12-01,Cowlitz,2021,12,Dec,158,117.0,87.0,122.0,0.7,16.0,0.2478632479,0.417721519,1.005601119,364000.0,359900.0,242.204184704
2021-12-01,Douglas,2021,12,Dec,59,38.0,24.0,40.0,0.6,18.0,0.1315789474,0.3898305085,1.001169885,443000.0,449450.0,247.63705104
2021-12-01,Ferry,2021,12,Dec,12,23.0,4.0,12.0,1.9,55.0,0.08695652174,0.25,0.9173447396,317500.0,197450.0,171.875
2021-12-01,Franklin,2021,12,Dec,94,181.0,46.0,93.0,1.9,44.0,,0.5531914894,1.014440466,387750.0,392500.0,228.362852335
2021-12-01,Garfield,2021,12,Dec,3,5.0,,3.0,1.7,216.0,,0.0,0.9018870296,205000.0,,185.381355932
2021-12-01,Grant,2021,12,Dec,98,144.0,70.0,87.0,1.5,16.0,0.1319444444,0.2959183673,1.002137386,326000.0,369450.0,211.40560472
2021-12-01,Grays Harbor,2021,12,Dec,128,188.0,83.0,115.0,1.5,20.0,0.170212766,0.4296875,1.004708557,358500.0,348000.0,219.21123036
2021-12-01,Island,2021,12,Dec,151,54.0,84.0,106.0,0.4,7.0,0.2592592593,0.5430463576,1.029330289,530000.0,494000.0,311.688311688
2021-12-01,Jefferson,2021,12,Dec,38,26.0,20.0,25.0,0.7,12.0,0.1538461538,0.4210526316,1.024293921,659970.0,580000.0,362.057534878
2021-12-01,King,2021,12,Dec,2686,940.0,1395.0,1746.0,0.3,7.0,0.1563829787,0.5104244229,1.043909167,756000.0,730000.0,470.482243222
2021-12-01,Kitsap,2021,12,Dec,399,205.0,220.0,307.0,0.5,8.0,0.1414634146,0.5664160401,1.034497014,504658.0,514950.0,285.456730769
2021-12-01,Kittitas,2021,12,Dec,102,53.0,46.0,74.0,0.5,12.0,0.2452830189,0.3333333333,1.000018614,552500.0,509975.0,282.590759076
2021-12-01,Klickitat,2021,12,Dec,19,44.0,7.0,19.0,2.3,36.0,0.1136363636,0.1052631579,0.9546564172,359000.0,274500.0,204.895104895
2021-12-01,Lewis,2021,12,Dec,109,82.0,58.0,105.0,0.8,26.0,0.3170731707,0.4495412844,1.013652214,392500.0,352450.0,237.638022084
2021-12-01,Lincoln,2021,12,Dec,17,27.0,7.0,9.0,1.6,60.0,0.07407407407,0.2352941176,0.9714996809,258000.0,269900.0,132.668863387
2021-12-01,Mason,2021,12,Dec,72,54.0,52.0,74.0,0.8,17.0,0.2592592593,0.3888888889,1.006489209,442500.0,399974.5,272.780735064
2021-12-01,Okanogan,2021,12,Dec,35,81.0,24.0,36.0,2.3,41.0,0.03703703704,0.2571428571,0.969254815,294500.0,367000.0,185.897435897
2021-12-01,Pacific,2021,12,Dec,43,42.0,19.0,37.0,1.0,41.0,0.119047619,0.2093023256,0.9652739979,349000.0,299000.0,257.129103535
2021-12-01,Pend Oreille,2021,12,Dec,10,33.0,8.0,15.0,3.3,33.0,0.1515151515,0.3,0.9815674252,312000.0,587250.0,218.148218111
2021-12-01,Pierce,2021,12,Dec,1455,589.0,803.0,1047.0,0.4,10.0,0.2292020374,0.5505154639,1.017456984,520000.0,519950.0,285.528877352
2021-12-01,San Juan,2021,12,Dec,27,49.0,21.0,27.0,1.8,18.0,0.08163265306,0.1851851852,0.9877272593,810000.0,699900.0,476.406533575
2021-12-01,Skagit,2021,12,Dec,154,93.0,85.0,123.0,0.6,10.0,0.2258064516,0.4675324675,1.013504138,523950.0,509000.0,307.293936489
2021-12-01,Skamania,2021,12,Dec,16,19.0,8.0,5.0,1.2,37.0,0.05263157895,0.25,1.007330582,637500.0,482475.0,350.581615644
2021-12-01,Snohomish,2021,12,Dec,1190,275.0,625.0,726.0,0.2,6.0,0.1490909091,0.6193277311,1.042945881,680000.0,629950.0,367.880422228
2021-12-01,Spokane,2021,12,Dec,831,388.0,376.0,507.0,0.5,13.0,0.2010309278,0.4259927798,1.010152016,407000.0,409950.0,201.243065204
2021-12-01,Stevens,2021,12,Dec,43,75.0,22.0,35.0,1.7,56.0,0.1333333333,0.1860465116,0.9599321154,399000.0,344475.0,163.69047619
2021-12-01,Thurston,2021,12,Dec,456,194.0,289.0,327.0,0.4,7.0,0.1855670103,0.5811403509,1.017639318,490428.0,459900.0,258.135053746
2021-12-01,Wahkiakum,2021,12,Dec,1,10.0,5.0,4.0,10.0,3.0,0.1,1.0,1.029810298,380000.0,299950.0,158.333333333
2021-12-01,Walla Walla,2021,12,Dec,65,60.0,37.0,54.0,0.9,25.0,0.2333333333,0.3076923077,1.00396528,400000.0,349900.0,224.340998317
2021-12-01,Whatcom,2021,12,Dec,295,169.0,147.0,191.0,0.6,11.0,0.1360946746,0.4338983051,1.016356602,558000.0,550000.0,319.221967963
2021-12-01,Whitman,2021,12,Dec,31,69.0,17.0,31.0,2.2,72.0,,0.1612903226,1.000442581,357500.0,370000.0,183.438155136
2021-12-01,Yakima,2021,12,Dec,186,527.0,135.0,188.0,2.8,62.0,,0.3440860215,1.000095793,350000.0,354000.0,200.745391151
2022-01-01,Adams,2022,1,Jan,8,32.0,9.0,12.0,4.0,35.0,0.15625,0.25,0.9827576528,182000.0,323475.0,120.677833284
2022-01-01,Asotin,2022,1,Jan,23,19.0,15.0,23.0,0.8,37.0,0.1578947368,0.2173913043,0.9797991599,260000.0,249900.0,176.590909091
2022-01-01,Benton,2022,1,Jan,211,724.0,230.0,206.0,3.4,59.0,,0.3222748815,1.002361508,450000.0,429500.0,220.522052205
2022-01-01,Chelan,2022,1,Jan,49,88.0,40.0,59.0,1.8,34.0,0.07954545455,0.2448979592,1.003715043,622000.0,577950.0,302.4
2022-01-01,Clallam,2022,1,Jan,72,58.0,56.0,116.0,0.8,9.0,0.1551724138,0.4722222222,1.009149102,460000.0,432000.0,279.659055209
2022-01-01,Clark,2022,1,Jan,554,552.0,660.0,698.0,1.0,10.0,0.09601449275,0.5018050542,1.012855796,510000.0,499900.0,274.960202605
2022-01-01,Columbia,2022,1,Jan,4,9.0,2.0,6.0,2.3,50.0,0.2222222222,0.25,0.9967556376,172500.0,208500.0,92.59703072
2022-01-01,Cowlitz,2022,1,Jan,92,111.0,123.0,148.0,1.2,18.0,0.2432432432,0.4456521739,1.006875238,370000.0,374900.0,242.214532872
2022-01-01,Douglas,2022,1,Jan,24,39.0,33.0,37.0,1.6,21.0,0.07692307692,0.4583333333,1.00293746,472500.0,429000.0,281.671457199
2022-01-01,Ferry,2022,1,Jan,9,23.0,5.0,6.0,2.6,209.0,0.04347826087,0.0,0.9189494898,192000.0,295000.0,219.907407407
2022-01-01,Franklin,2022,1,Jan,61,168.0,51.0,61.0,2.8,58.0,,0.4262295082,1.0126599,390000.0,435000.0,226.334007074
2022-01-01,Garfield,2022,1,Jan,2,5.0,2.0,2.0,2.5,173.0,,0.0,0.9513888889,235000.0,184500.0,120.995436016
2022-01-01,Grant,2022,1,Jan,76,133.0,93.0,110.0,1.8,22.0,0.1428571429,0.2894736842,0.9852941349,349500.0,355000.0,217.142857143
2022-01-01,Grays Harbor,2022,1,Jan,109,171.0,111.0,130.0,1.6,38.0,0.2514619883,0.3486238532,0.9892673934,340000.0,350000.0,209.888059701
2022-01-01,Island,2022,1,Jan,93,48.0,93.0,104.0,0.5,6.0,0.25,0.5161290323,1.024092382,518000.0,549000.0,333.083832335
2022-01-01,Jefferson,2022,1,Jan,22,28.0,20.0,25.0,1.3,9.0,0.3214285714,0.5454545455,1.038059508,545000.0,525000.0,334.76577081
2022-01-01,King,2022,1,Jan,1640,965.0,2030.0,1966.0,0.6,7.0,0.1440414508,0.525,1.049496608,734470.0,759250.0,481.611641929
2022-01-01,Kitsap,2022,1,Jan,274,207.0,317.0,334.0,0.8,11.0,0.1449275362,0.5291970803,1.021832748,513500.0,521500.0,288.980523892
2022-01-01,Kittitas,2022,1,Jan,68,38.0,29.0,47.0,0.6,18.0,0.1315789474,0.4264705882,1.00727101,539500.0,759995.0,286.546076314
2022-01-01,Klickitat,2022,1,Jan,18,34.0,5.0,15.0,1.9,46.0,0.1176470588,0.1666666667,0.9147042931,397500.0,339000.0,188.429245923
2022-01-01,Lewis,2022,1,Jan,83,87.0,86.0,85.0,1.0,25.0,0.1724137931,0.3614457831,0.9995773607,399900.0,402500.0,248.810830589
2022-01-01,Lincoln,2022,1,Jan,7,25.0,11.0,14.0,3.6,55.0,0.12,0.2857142857,0.9984654998,292000.0,229500.0,182.404856347
2022-01-01,Mason,2022,1,Jan,58,50.0,55.0,61.0,0.9,14.0,0.34,0.4655172414,1.011445803,410000.0,409900.0,259.014423077
2022-01-01,Okanogan,2022,1,Jan,29,56.0,11.0,28.0,1.9,33.0,0.1071428571,0.275862069,0.9868229879,388000.0,265000.0,199.652777778
2022-01-01,Pacific,2022,1,Jan,27,47.0,43.0,45.0,1.7,40.0,0.1489361702,0.1481481481,0.9788559354,306600.0,340000.0,263.590909091
2022-01-01,Pend Oreille,2022,1,Jan,11,24.0,6.0,15.0,2.2,41.0,0.2083333333,0.1818181818,1.0034745,349900.0,344925.0,202.228047182
2022-01-01,Pierce,2022,1,Jan,867,525.0,938.0,1069.0,0.6,9.0,0.1942857143,0.5617070358,1.01798874,530000.0,530000.0,287.356321839
2022-01-01,San Juan,2022,1,Jan,20,42.0,8.0,14.0,2.1,44.0,0.07142857143,0.35,1.008564431,859625.0,1747500.0,577.332599453
2022-01-01,Skagit,2022,1,Jan,103,82.0,112.0,114.0,0.8,11.0,0.1097560976,0.3883495146,0.9987644485,545000.0,550000.0,311.077389985
2022-01-01,Skamania,2022,1,Jan,5,13.0,2.0,8.0,2.6,32.0,0.2307692308,0.2,0.9821247713,587000.0,1217450.0,233.870967742
2022-01-01,Snohomish,2022,1,Jan,660,312.0,815.0,795.0,0.5,6.0,0.2115384615,0.65,1.056731165,676550.0,689950.0,371.130538743
2022-01-01,Spokane,2022,1,Jan,506,321.0,397.0,475.0,0.6,12.0,0.1682242991,0.4407114625,1.011880279,389357.5,410000.0,201.758668427
2022-01-01,Stevens,2022,1,Jan,39,57.0,27.0,31.0,1.5,68.0,0.05263157895,0.1538461538,0.971146733,349450.0,389000.0,179.487179487
2022-01-01,Thurston,2022,1,Jan,331,160.0,283.0,331.0,0.5,7.0,0.23125,0.5891238671,1.022099594,475000.0,479000.0,263.432446531
2022-01-01,Wahkiakum,2022,1,Jan,2,11.0,4.0,4.0,5.5,30.0,0.1818181818,0.5,1.001920183,423500.0,343900.0,314.032121724
2022-01-01,Walla Walla,2022,1,Jan,47,57.0,48.0,57.0,1.2,25.0,0.1052631579,0.2978723404,1.004391539,375000.0,377250.0,236.378205128
2022-01-01,Whatcom,2022,1,Jan,184,146.0,189.0,217.0,0.8,11.0,0.1438356164,0.4347826087,1.01336456,546000.0,600000.0,317.029408332
2022-01-01,Whitman,2022,1,Jan,24,71.0,30.0,23.0,3.0,70.0,,0.1666666667,0.9913075427,337250.0,347500.0,190.537327255
2022-01-01,Yakima,2022,1,Jan,172,451.0,99.0,171.0,2.6,69.0,,0.3662790698,1.003461654,325000.0,332000.0,195.676436335
2022-02-01,Adams,2022,2,Feb,14,27.0,2.0,7.0,1.9,79.0,0.07407407407,0.3571428571,0.9942399978,306475.0,322750.0,209.252303331
2022-02-01,Asotin,2022,2,Feb,21,22.0,23.0,25.0,1.0,50.0,0.1363636364,0.380952381,0.9976424497,305000.0,285000.0,199.287103046
2022-02-01,Benton,2022,2,Feb,235,764.0,286.0,239.0,3.3,57.0,,0.3957446809,1.014313444,450000.0,449900.0,237.279542567
2022-02-01,Chelan,2022,2,Feb,48,82.0,64.0,70.0,1.7,28.0,0.0243902439,0.2708333333,1.001145945,458000.0,594250.0,256.276150628
2022-02-01,Clallam,2022,2,Feb,67,71.0,78.0,119.0,1.1,11.0,0.1408450704,0.4179104478,1.020249497,440000.0,449450.0,280.612244898
2022-02-01,Clark,2022,2,Feb,603,623.0,793.0,778.0,1.0,7.0,0.1268057785,0.5240464345,1.023190261,512000.0,510000.0,281.475225225
2022-02-01,Columbia,2022,2,Feb,1,15.0,8.0,3.0,15.0,148.0,0.1333333333,0.0,0.9242424242,152500.0,277000.0,157.216494845
2022-02-01,Cowlitz,2022,2,Feb,131,101.0,138.0,164.0,0.8,11.0,0.297029703,0.4503816794,1.008819667,380000.0,350000.0,242.546740778
2022-02-01,Douglas,2022,2,Feb,31,30.0,34.0,43.0,1.0,55.0,,0.3225806452,1.00495436,440000.0,473700.0,276.846153846
2022-02-01,Ferry,2022,2,Feb,4,19.0,3.0,8.0,4.8,67.0,,0.25,0.9434549786,292500.0,219900.0,184.840350282
2022-02-01,Franklin,2022,2,Feb,52,193.0,80.0,52.0,3.7,64.0,,0.5576923077,1.015627943,490000.0,420000.0,242.507042325
2022-02-01,Garfield,2022,2,Feb,1,5.0,1.0,1.0,5.0,32.0,,0.0,1.0,145000.0,229900.0,
2022-02-01,Grant,2022,2,Feb,71,119.0,84.0,102.0,1.7,28.0,0.1512605042,0.2253521127,0.9899417509,325000.0,377000.0,216.606498195
2022-02-01,Grays Harbor,2022,2,Feb,104,173.0,139.0,143.0,1.7,29.0,0.2080924855,0.3076923077,1.000063255,344500.0,374000.0,230.836394762
2022-02-01,Island,2022,2,Feb,86,61.0,101.0,97.0,0.7,6.0,0.1803278689,0.6744186047,1.040444661,545000.0,549000.0,316.803424902
2022-02-01,Jefferson,2022,2,Feb,22,31.0,35.0,35.0,1.4,8.0,0.2903225806,0.5454545455,1.024351265,537500.0,599000.0,375.04451567
2022-02-01,King,2022,2,Feb,1982,1216.0,2881.0,2621.0,0.6,5.0,0.09457236842,0.641271443,1.087269753,771438.5,799950.0,526.239290086
2022-02-01,Kitsap,2022,2,Feb,296,228.0,381.0,379.0,0.8,6.0,0.1184210526,0.6081081081,1.041880812,525000.0,540000.0,293.931731985
2022-02-01,Kittitas,2022,2,Feb,43,37.0,46.0,52.0,0.9,40.0,0.1621621622,0.3023255814,0.9991695334,575000.0,599500.0,304.347826087
2022-02-01,Klickitat,2022,2,Feb,15,27.0,12.0,19.0,1.8,115.0,0.1481481481,0.3333333333,0.9877675605,382500.0,497000.0,266.699763099
2022-02-01,Lewis,2022,2,Feb,73,84.0,95.0,109.0,1.2,21.0,0.2380952381,0.4383561644,1.004610934,389900.0,380000.0,261.046216353
2022-02-01,Lincoln,2022,2,Feb,9,21.0,6.0,9.0,2.3,35.0,0.1428571429,0.2222222222,0.9784947846,275000.0,369950.0,161.71875
2022-02-01,Mason,2022,2,Feb,49,56.0,84.0,80.0,1.1,11.0,0.1607142857,0.612244898,1.026688055,400000.0,449900.0,286.265432099
2022-02-01,Okanogan,2022,2,Feb,30,65.0,28.0,27.0,2.2,52.0,0.03076923077,0.2333333333,0.9868157897,331100.0,363000.0,149.762110727
2022-02-01,Pacific,2022,2,Feb,32,44.0,38.0,44.0,1.4,13.0,0.1136363636,0.40625,0.9861790661,352500.0,376750.0,268.131975279
2022-02-01,Pend Oreille,2022,2,Feb,13,21.0,13.0,13.0,1.6,94.0,0.09523809524,0.1538461538,0.9569826236,370000.0,525000.0,203.571428571
2022-02-01,Pierce,2022,2,Feb,919,614.0,1313.0,1296.0,0.7,6.0,0.1416938111,0.6376496192,1.035818159,535000.0,550000.0,296.111111111
2022-02-01,San Juan,2022,2,Feb,10,42.0,14.0,12.0,4.2,20.0,0.119047619,0.4,0.9923335371,720000.0,1100000.0,552.495054899
2022-02-01,Skagit,2022,2,Feb,115,97.0,151.0,134.0,0.8,7.0,0.1546391753,0.547826087,1.025231841,530500.0,540000.0,309.756097561
2022-02-01,Skamania,2022,2,Feb,5,15.0,12.0,12.0,3.0,14.0,0.3333333333,0.2,0.9999280853,499000.0,652500.0,294.659300184
2022-02-01,Snohomish,2022,2,Feb,752,397.0,1097.0,1029.0,0.5,5.0,0.1133501259,0.6861702128,1.090623278,712200.0,715000.0,400.434898331
2022-02-01,Spokane,2022,2,Feb,413,301.0,516.0,531.0,0.7,9.0,0.1395348837,0.4794188862,1.023188377,415000.0,425000.0,213.426684662
2022-02-01,Stevens,2022,2,Feb,35,54.0,32.0,36.0,1.5,32.0,0.1481481481,0.2285714286,0.9899264714,375000.0,437250.0,187.5
2022-02-01,Thurston,2022,2,Feb,310,174.0,401.0,406.0,0.6,6.0,0.1206896552,0.6483870968,1.035546616,498875.0,490000.0,276.124228775
2022-02-01,Wahkiakum,2022,2,Feb,3,10.0,4.0,5.0,3.3,15.0,0.2,0.3333333333,0.9620903899,340000.0,473000.0,217.19038817
2022-02-01,Walla Walla,2022,2,Feb,39,49.0,34.0,43.0,1.3,11.0,0.2448979592,0.4871794872,1.01459437,382000.0,407450.0,243.830787309
2022-02-01,Whatcom,2022,2,Feb,177,167.0,256.0,239.0,0.9,7.0,0.119760479,0.5536723164,1.036146633,599000.0,615000.0,333.069620253
2022-02-01,Whitman,2022,2,Feb,16,96.0,41.0,16.0,6.0,88.0,,0.25,0.982427263,348500.0,350000.0,188.744915101
2022-02-01,Yakima,2022,2,Feb,132,445.0,124.0,133.0,3.4,81.0,,0.3106060606,0.998210221,339250.0,362475.0,189.723456164
2022-03-01,Adams,2022,3,Mar,14,29.0,15.0,16.0,2.1,70.0,,0.3571428571,0.9744770478,250056.5,275000.0,176.926038615
2022-03-01,Asotin,2022,3,Mar,19,24.0,32.0,34.0,1.3,24.0,0.2083333333,0.4210526316,1.009234401,337500.0,289900.0,188.954500415
2022-03-01,Benton,2022,3,Mar,317,786.0,337.0,309.0,2.5,43.0,,0.4826498423,1.017562062,449000.0,440000.0,240.385141419
2022-03-01,Chelan,2022,3,Mar,65,96.0,112.0,96.0,1.5,16.0,0.1354166667,0.4153846154,1.003268448,532000.0,659000.0,320.308924485
2022-03-01,Clallam,2022,3,Mar,85,75.0,94.0,147.0,0.9,7.0,0.2,0.4823529412,1.018378111,465000.0,487000.0,304.487179487
2022-03-01,Clark,2022,3,Mar,832,626.0,957.0,958.0,0.8,6.0,0.1485623003,0.6141826923,1.032550576,530000.0,509900.0,293.609769161
2022-03-01,Columbia,2022,3,Mar,4,10.0,9.0,13.0,2.5,130.0,0.2,0.5,1.000230265,227000.0,415000.0,135.799603994
2022-03-01,Cowlitz,2022,3,Mar,154,143.0,194.0,177.0,0.9,7.0,0.2237762238,0.5454545455,1.013509421,370000.0,389900.0,254.74516696
2022-03-01,Douglas,2022,3,Mar,40,47.0,64.0,51.0,1.2,22.0,0.1063829787,0.275,0.9976586302,516500.0,463900.0,304.139098323
2022-03-01,Ferry,2022,3,Mar,9,21.0,13.0,10.0,2.3,93.0,0.2857142857,0.1111111111,0.9316074745,339900.0,275000.0,222.465334981
2022-03-01,Franklin,2022,3,Mar,93,193.0,90.0,93.0,2.1,45.0,,0.5376344086,1.021098308,425000.0,379900.0,246.09148813
2022-03-01,Garfield,2022,3,Mar,2,5.0,2.0,2.0,2.5,106.0,,0.5,0.9983282277,231000.0,612450.0,154.352244609
2022-03-01,Grant,2022,3,Mar,106,102.0,118.0,138.0,1.0,20.0,0.1960784314,0.2924528302,0.993787363,346556.5,376500.0,214.534428795
2022-03-01,Grays Harbor,2022,3,Mar,145,195.0,185.0,178.0,1.3,11.0,0.241025641,0.3724137931,1.011091998,365000.0,372000.0,252.016129032
2022-03-01,Island,2022,3,Mar,132,78.0,159.0,149.0,0.6,6.0,0.2051282051,0.5606060606,1.035568193,637500.0,575000.0,352.341343704
2022-03-01,Jefferson,2022,3,Mar,40,27.0,41.0,49.0,0.7,9.0,0.4444444444,0.525,1.033867592,687500.0,621750.0,373.79754032
2022-03-01,King,2022,3,Mar,3210,1676.0,4120.0,3639.0,0.5,5.0,0.1354415274,0.7105919003,1.109485876,850000.0,839000.0,554.52463567
2022-03-01,Kitsap,2022,3,Mar,395,250.0,495.0,476.0,0.6,6.0,0.224,0.6379746835,1.045020679,540000.0,550000.0,301.623266046
2022-03-01,Kittitas,2022,3,Mar,55,52.0,80.0,70.0,0.9,6.0,0.1346153846,0.4545454545,1.025328677,627000.0,592500.0,324.242424242
2022-03-01,Klickitat,2022,3,Mar,11,29.0,25.0,27.0,2.6,66.0,0.06896551724,0.3636363636,0.971682479,316500.0,455000.0,160.659898477
2022-03-01,Lewis,2022,3,Mar,112,103.0,132.0,123.0,0.9,10.0,0.3300970874,0.5089285714,1.0207422,404000.0,411450.0,276.683435612
2022-03-01,Lincoln,2022,3,Mar,8,26.0,16.0,13.0,3.3,23.0,0.03846153846,0.375,1.00663741,253825.0,344450.0,191.604914491
2022-03-01,Mason,2022,3,Mar,93,66.0,97.0,89.0,0.7,6.0,0.3484848485,0.5806451613,1.042827182,430300.0,449990.0,297.945205479
2022-03-01,Okanogan,2022,3,Mar,30,68.0,50.0,48.0,2.3,59.0,0.05882352941,0.2666666667,0.9997391831,408000.0,412500.0,249.907368751
2022-03-01,Pacific,2022,3,Mar,35,54.0,40.0,41.0,1.5,11.0,0.1851851852,0.4,0.9812731388,325000.0,347000.0,243.445692884
2022-03-01,Pend Oreille,2022,3,Mar,15,20.0,16.0,17.0,1.3,36.0,0.25,0.3333333333,0.9890459894,449000.0,525000.0,192.711836699
2022-03-01,Pierce,2022,3,Mar,1359,824.0,1762.0,1677.0,0.6,5.0,0.1699029126,0.7181751288,1.054525044,560000.0,550000.0,311.46179402
2022-03-01,San Juan,2022,3,Mar,20,46.0,29.0,26.0,2.3,29.0,0.1739130435,0.35,1.00642802,1225000.0,829000.0,526.829769737
2022-03-01,Skagit,2022,3,Mar,165,138.0,227.0,195.0,0.8,6.0,0.1956521739,0.5757575758,1.032920568,550000.0,580000.0,324.739359158
2022-03-01,Skamania,2022,3,Mar,12,21.0,19.0,14.0,1.8,34.0,0.2857142857,0.08333333333,0.9619238416,559975.0,629000.0,304.435680203
2022-03-01,Snohomish,2022,3,Mar,1260,620.0,1643.0,1463.0,0.5,5.0,0.1564516129,0.7674603175,1.115296565,765000.0,749950.0,427.807486631
2022-03-01,Spokane,2022,3,Mar,655,405.0,757.0,671.0,0.6,5.0,0.1580246914,0.5679389313,1.041250994,437000.0,446000.0,221.252536021
2022-03-01,Stevens,2022,3,Mar,28,68.0,51.0,35.0,2.4,23.0,0.1470588235,0.4285714286,1.007239846,510000.0,399950.0,231.25
2022-03-01,Thurston,2022,3,Mar,459,225.0,530.0,496.0,0.5,5.0,0.1333333333,0.6949891068,1.048592325,510000.0,499250.0,282.738095238
2022-03-01,Wahkiakum,2022,3,Mar,3,7.0,2.0,5.0,2.3,37.0,0.2857142857,0.3333333333,0.9703024929,308000.0,469500.0,225.684079602
2022-03-01,Walla Walla,2022,3,Mar,60,50.0,74.0,66.0,0.8,19.0,0.16,0.4166666667,1.003556786,410000.0,447475.0,212.315624162
2022-03-01,Whatcom,2022,3,Mar,290,212.0,358.0,319.0,0.7,6.0,0.179245283,0.6137931034,1.045148851,625000.0,585000.0,350.29058418
2022-03-01,Whitman,2022,3,Mar,43,106.0,56.0,44.0,2.5,54.0,,0.3720930233,1.009834056,352500.0,384750.0,189.828080229
2022-03-01,Yakima,2022,3,Mar,159,475.0,199.0,156.0,3.0,71.0,,0.3710691824,1.005195324,350000.0,369000.0,213.068181818
2022-04-01,Adams,2022,4,Apr,10,29.0,19.0,22.0,2.9,62.0,0.1034482759,0.5,1.056441156,302258.0,299900.0,218.994060804
2022-04-01,Asotin,2022,4,Apr,37,35.0,37.0,30.0,0.9,6.0,0.2571428571,0.5945945946,1.007896709,303300.0,350000.0,173.333333333
2022-04-01,Benton,2022,4,Apr,297,787.0,333.0,304.0,2.6,44.0,,0.4814814815,1.016872723,450000.0,439900.0,237.168424904
2022-04-01,Chelan,2022,4,Apr,94,124.0,122.0,93.0,1.3,7.0,0.1290322581,0.4255319149,1.016862699,600950.0,654500.0,320.22044935
2022-04-01,Clallam,2022,4,Apr,108,93.0,88.0,159.0,0.9,7.0,0.2365591398,0.4351851852,1.007782636,450000.0,495000.0,306.249926544
2022-04-01,Clark,2022,4,Apr,831,750.0,919.0,823.0,0.9,6.0,0.1906666667,0.6173285199,1.032805498,534550.0,549900.0,293.298059965
2022-04-01,Columbia,2022,4,Apr,8,12.0,11.0,11.0,1.5,19.0,0.1666666667,0.25,0.9868504801,238500.0,250000.0,115.01482712
2022-04-01,Cowlitz,2022,4,Apr,143,150.0,176.0,187.0,1.0,7.0,0.2933333333,0.6433566434,1.03129686,395000.0,409500.0,263.838370026
2022-04-01,Douglas,2022,4,Apr,46,55.0,55.0,53.0,1.2,6.0,0.1090909091,0.652173913,1.027314581,452450.0,449900.0,281.94927291
2022-04-01,Ferry,2022,4,Apr,8,31.0,20.0,10.0,3.9,4.0,0.03225806452,0.125,0.9989641625,224500.0,369950.0,166.506724485
2022-04-01,Franklin,2022,4,Apr,94,182.0,92.0,95.0,1.9,40.0,,0.585106383,1.029958445,407500.0,425000.0,246.631962458
2022-04-01,Garfield,2022,4,Apr,3,6.0,4.0,3.0,2.0,52.0,,0.3333333333,0.9864730502,500000.0,124500.0,255.623721881
2022-04-01,Grant,2022,4,Apr,108,111.0,123.0,114.0,1.0,16.0,0.1981981982,0.3518518519,0.9966298965,360098.5,389900.0,217.374589486
2022-04-01,Grays Harbor,2022,4,Apr,139,206.0,167.0,161.0,1.5,11.0,0.3058252427,0.3669064748,1.008298726,355000.0,375000.0,244.791666667
2022-04-01,Island,2022,4,Apr,124,104.0,179.0,148.0,0.8,6.0,0.2596153846,0.6774193548,1.044832867,607500.0,599000.0,328.106852497
2022-04-01,Jefferson,2022,4,Apr,41,47.0,63.0,49.0,1.1,8.0,0.1276595745,0.7073170732,1.077703752,599500.0,620000.0,381.656039377
2022-04-01,King,2022,4,Apr,3305,2370.0,4090.0,3386.0,0.7,5.0,0.1877637131,0.7316187595,1.100416287,884990.0,874950.0,545.454545455
2022-04-01,Kitsap,2022,4,Apr,436,335.0,527.0,455.0,0.8,6.0,0.1940298507,0.7087155963,1.05771529,575000.0,559000.0,303.867403315
2022-04-01,Kittitas,2022,4,Apr,60,82.0,119.0,91.0,1.4,6.0,0.2682926829,0.3166666667,1.009601491,614500.0,625000.0,326.557044276
2022-04-01,Klickitat,2022,4,Apr,17,38.0,34.0,21.0,2.2,7.0,0.1578947368,0.5294117647,1.016063839,675000.0,595000.0,396.551724138
2022-04-01,Lewis,2022,4,Apr,114,116.0,133.0,118.0,1.0,9.0,0.3965517241,0.5964912281,1.016630938,398500.0,449900.0,272.239696068
2022-04-01,Lincoln,2022,4,Apr,12,31.0,17.0,15.0,2.6,27.0,0.1935483871,0.6666666667,1.028717787,319250.0,385000.0,181.436243936
2022-04-01,Mason,2022,4,Apr,78,88.0,127.0,114.0,1.1,7.0,0.2954545455,0.5128205128,1.029257876,442500.0,450000.0,292.052049329
2022-04-01,Okanogan,2022,4,Apr,37,85.0,65.0,49.0,2.3,22.0,0.1411764706,0.2972972973,1.010944653,388000.0,499000.0,245.091164095
2022-04-01,Pacific,2022,4,Apr,38,71.0,59.0,48.0,1.9,13.0,0.1830985915,0.2894736842,0.99222954,369500.0,379000.0,267.930756784
2022-04-01,Pend Oreille,2022,4,Apr,13,25.0,26.0,28.0,1.9,27.0,0.32,0.3846153846,1.002614034,475000.0,462000.0,221.843003413
2022-04-01,Pierce,2022,4,Apr,1470,1089.0,1734.0,1535.0,0.7,5.0,0.1983471074,0.719047619,1.053257099,579050.0,569999.0,315.12605042
2022-04-01,San Juan,2022,4,Apr,18,61.0,42.0,29.0,3.4,10.0,0.262295082,0.3888888889,1.005817993,962500.0,982500.0,582.182575604
2022-04-01,Skagit,2022,4,Apr,157,156.0,213.0,200.0,1.0,6.0,0.2692307692,0.6242038217,1.035234823,598500.0,550000.0,332.780541736
2022-04-01,Skamania,2022,4,Apr,11,21.0,18.0,16.0,1.9,13.0,0.4285714286,0.4545454545,1.010087088,599000.0,592000.0,302.536653479
2022-04-01,Snohomish,2022,4,Apr,1280,936.0,1663.0,1385.0,0.7,5.0,0.2094017094,0.76015625,1.103948791,800000.0,769800.0,437.1078693
2022-04-01,Spokane,2022,4,Apr,680,562.0,881.0,763.0,0.8,5.0,0.1743772242,0.6161764706,1.048329367,438970.0,449900.0,232.61065944
2022-04-01,Stevens,2022,4,Apr,36,93.0,76.0,45.0,2.6,49.0,0.1612903226,0.2777777778,0.989466838,332230.0,437500.0,188.472054803
2022-04-01,Thurston,2022,4,Apr,419,307.0,567.0,501.0,0.7,5.0,0.2149837134,0.7589498807,1.053346191,515000.0,515000.0,295.275590551
2022-04-01,Wahkiakum,2022,4,Apr,5,10.0,6.0,4.0,2.0,87.0,0.2,0.2,0.9875491816,470000.0,478500.0,200.0625
2022-04-01,Walla Walla,2022,4,Apr,53,73.0,87.0,74.0,1.4,6.0,0.1917808219,0.5471698113,1.018542203,435000.0,439900.0,209.003215434
2022-04-01,Whatcom,2022,4,Apr,274,296.0,427.0,343.0,1.1,6.0,0.1418918919,0.5912408759,1.054950559,615000.0,625000.0,369.581351981
2022-04-01,Whitman,2022,4,Apr,44,124.0,64.0,44.0,2.8,47.0,,0.3863636364,1.010610119,384750.0,390000.0,197.297057876
2022-04-01,Yakima,2022,4,Apr,164,497.0,212.0,168.0,3.0,47.0,,0.506097561,1.013689564,359100.0,385132.5,214.864864865
2022-05-01,Adams,2022,5,May,15,30.0,16.0,17.0,2.0,12.0,0.3666666667,0.4,1.003112398,344000.0,274499.5,206.627155172
2022-05-01,Asotin,2022,5,May,23,46.0,33.0,28.0,2.0,10.0,0.2173913043,0.4782608696,1.010078899,300000.0,310000.0,203.808180536
2022-05-01,Benton,2022,5,May,338,791.0,354.0,334.0,2.3,47.0,,0.4615384615,1.016139414,449950.0,439458.0,243.523144892
2022-05-01,Chelan,2022,5,May,101,179.0,175.0,123.0,1.8,7.0,0.251396648,0.4752475248,1.021488026,570900.0,637500.0,320.741150442
2022-05-01,Clallam,2022,5,May,107,121.0,121.0,184.0,1.1,10.0,0.3305785124,0.3738317757,1.013145904,500000.0,509900.0,307.422046552
2022-05-01,Clark,2022,5,May,835,966.0,1098.0,960.0,1.2,6.0,0.317805383,0.5952095808,1.027439682,550000.0,550000.0,297.586730695
2022-05-01,Columbia,2022,5,May,9,23.0,15.0,8.0,2.6,22.0,0.1304347826,0.2222222222,0.9869641612,320000.0,299900.0,161.65560328
2022-05-01,Cowlitz,2022,5,May,152,213.0,205.0,169.0,1.4,9.0,0.3333333333,0.5855263158,1.013311199,410000.0,399900.0,259.450171821
2022-05-01,Douglas,2022,5,May,63,75.0,74.0,55.0,1.2,5.0,0.2,0.5238095238,1.024713823,426000.0,529000.0,294.708994709
2022-05-01,Ferry,2022,5,May,6,40.0,16.0,8.0,6.7,45.0,0.15,0.3333333333,0.9185661889,203912.5,414750.0,133.928571429
2022-05-01,Franklin,2022,5,May,90,183.0,101.0,90.0,2.0,42.0,,0.4888888889,1.019170644,430000.0,400000.0,239.639805082
2022-05-01,Garfield,2022,5,May,2,6.0,2.0,2.0,3.0,28.0,,0.5,0.9027063084,175500.0,297450.0,129.687863965
2022-05-01,Grant,2022,5,May,111,152.0,137.0,104.0,1.4,12.0,0.2894736842,0.4234234234,1.001154316,385694.5,380000.0,218.253968254
2022-05-01,Grays Harbor,2022,5,May,153,294.0,227.0,171.0,1.9,13.0,0.2517006803,0.4183006536,1.007584128,357000.0,354900.0,254.310344828
2022-05-01,Island,2022,5,May,144,174.0,238.0,191.0,1.2,5.0,0.3563218391,0.5902777778,1.045963932,610000.0,615000.0,347.851876806
2022-05-01,Jefferson,2022,5,May,38,75.0,72.0,56.0,2.0,7.0,0.28,0.5789473684,1.050455273,625000.0,675000.0,397.446721311
2022-05-01,King,2022,5,May,3471,2966.0,4320.0,3588.0,0.9,6.0,0.3159136885,0.6686833765,1.075186185,890000.0,850000.0,540.324796275
2022-05-01,Kitsap,2022,5,May,434,396.0,558.0,516.0,0.9,6.0,0.3333333333,0.6589861751,1.053514067,572500.0,584997.5,308.320211497
2022-05-01,Kittitas,2022,5,May,86,137.0,151.0,101.0,1.6,8.0,0.2700729927,0.511627907,1.020098525,592500.0,654900.0,348.23199839
2022-05-01,Klickitat,2022,5,May,19,54.0,46.0,32.0,2.8,28.0,0.2777777778,0.4210526316,0.9883154734,550500.0,529450.0,287.99249531
2022-05-01,Lewis,2022,5,May,103,187.0,177.0,128.0,1.8,9.0,0.3368983957,0.4951456311,1.009220374,415000.0,420000.0,271.348762969
2022-05-01,Lincoln,2022,5,May,11,39.0,26.0,21.0,3.5,12.0,0.358974359,0.4545454545,1.008586769,273000.0,312450.0,152.568870523
2022-05-01,Mason,2022,5,May,93,130.0,141.0,115.0,1.4,6.0,0.3692307692,0.6559139785,1.033436357,440000.0,469000.0,294.157398826
2022-05-01,Okanogan,2022,5,May,39,127.0,104.0,69.0,3.3,10.0,0.2283464567,0.3846153846,1.000157423,341000.0,525000.0,201.612903226
2022-05-01,Pacific,2022,5,May,33,91.0,70.0,47.0,2.8,9.0,0.2087912088,0.2121212121,0.9868676344,350000.0,399000.0,255.102040816
2022-05-01,Pend Oreille,2022,5,May,23,48.0,45.0,21.0,2.1,8.0,0.1875,0.2173913043,0.9853045294,498000.0,485000.0,261.041666667
2022-05-01,Pierce,2022,5,May,1527,1455.0,1941.0,1696.0,1.0,5.0,0.3828178694,0.6764898494,1.043838317,585000.0,574950.0,315.459105571
2022-05-01,San Juan,2022,5,May,18,87.0,53.0,23.0,4.8,11.0,0.2183908046,0.3888888889,1.020099916,972500.0,1100000.0,567.11737234
2022-05-01,Skagit,2022,5,May,177,197.0,239.0,216.0,1.1,6.0,0.3908629442,0.5593220339,1.030807196,560000.0,575000.0,333.827879219
2022-05-01,Skamania,2022,5,May,15,26.0,21.0,20.0,1.7,31.0,0.4615384615,0.4666666667,1.028867895,700000.0,599900.0,294.666216216
2022-05-01,Snohomish,2022,5,May,1386,1252.0,1756.0,1426.0,0.9,5.0,0.4249201278,0.6926406926,1.062369737,790000.0,769000.0,426.391382406
2022-05-01,Spokane,2022,5,May,777,775.0,1044.0,892.0,1.0,5.0,0.3277419355,0.6512226512,1.042492992,460000.0,462497.5,225.24636321
2022-05-01,Stevens,2022,5,May,64,115.0,91.0,69.0,1.8,15.0,0.1652173913,0.359375,0.9919124474,360500.0,425000.0,197.269400718
2022-05-01,Thurston,2022,5,May,469,391.0,603.0,557.0,0.8,5.0,0.347826087,0.7782515991,1.046487954,525000.0,515000.0,288.461538462
2022-05-01,Wahkiakum,2022,5,May,4,22.0,14.0,2.0,5.5,29.0,0.2272727273,0.75,0.987837005,441500.0,449999.0,265.342046213
2022-05-01,Walla Walla,2022,5,May,70,90.0,99.0,81.0,1.3,8.0,0.2222222222,0.5285714286,1.018015388,451000.0,459000.0,261.97009664
2022-05-01,Whatcom,2022,5,May,346,359.0,441.0,381.0,1.0,6.0,0.2228412256,0.6502890173,1.046873834,646500.0,659000.0,375.166889186
2022-05-01,Whitman,2022,5,May,41,145.0,65.0,41.0,3.5,53.0,,0.4390243902,1.015713155,405000.0,389000.0,205.910852713
2022-05-01,Yakima,2022,5,May,182,515.0,219.0,180.0,2.8,48.0,,0.5604395604,1.022108343,365000.0,370000.0,213.063565392
2022-06-01,Adams,2022,6,Jun,19,47.0,31.0,15.0,2.5,45.0,0.2553191489,0.2105263158,0.9893385074,326387.5,295000.0,212.030085046
2022-06-01,Asotin,2022,6,Jun,23,54.0,39.0,31.0,2.3,11.0,0.3148148148,0.3043478261,0.9908140346,325000.0,395000.0,194.444444444
2022-06-01,Benton,2022,6,Jun,338,776.0,375.0,542.0,2.3,46.0,0.02190721649,0.4378698225,1.011230516,449950.0,475000.0,239.301801802
2022-06-01,Chelan,2022,6,Jun,106,235.0,178.0,125.0,2.2,8.0,0.3531914894,0.4905660377,1.019228923,640000.0,649000.0,323.917124977
2022-06-01,Clallam,2022,6,Jun,112,160.0,131.0,172.0,1.4,8.0,0.36875,0.3571428571,0.9959994823,485000.0,499950.0,312.949640288
2022-06-01,Clark,2022,6,Jun,812,1317.0,1080.0,726.0,1.6,7.0,0.4039483675,0.5049261084,1.018378089,544500.0,559700.0,295.649222776
2022-06-01,Columbia,2022,6,Jun,6,25.0,8.0,12.0,4.2,12.0,0.4,0.1666666667,0.9329312481,180500.0,266475.0,154.964856051
2022-06-01,Cowlitz,2022,6,Jun,126,262.0,220.0,199.0,2.1,11.0,0.4236641221,0.4920634921,1.004162328,396450.0,399950.0,259.257619183
2022-06-01,Douglas,2022,6,Jun,42,102.0,79.0,50.0,2.4,10.0,0.362745098,0.3571428571,0.9945214504,519950.0,489900.0,283.757152269
2022-06-01,Ferry,2022,6,Jun,10,42.0,13.0,7.0,4.2,18.0,0.3333333333,0.2,0.9826643014,490000.0,389900.0,224.756944444
2022-06-01,Franklin,2022,6,Jun,82,194.0,105.0,115.0,2.4,42.0,0.0206185567,0.5365853659,1.011875515,421250.0,412070.0,259.444705897
2022-06-01,Garfield,2022,6,Jun,3,4.0,2.0,3.0,1.3,65.0,,0.3333333333,0.9013617636,139000.0,269450.0,158.857142857
2022-06-01,Grant,2022,6,Jun,103,210.0,150.0,116.0,2.0,10.0,0.2952380952,0.3300970874,0.9933295465,365000.0,329000.0,231.885663152
2022-06-01,Grays Harbor,2022,6,Jun,141,370.0,227.0,163.0,2.6,11.0,0.3675675676,0.3333333333,1.000586664,380000.0,379000.0,265.775251672
2022-06-01,Island,2022,6,Jun,162,251.0,234.0,169.0,1.5,6.0,0.3625498008,0.4814814815,1.024101631,591000.0,599900.0,331.561168425
2022-06-01,Jefferson,2022,6,Jun,57,87.0,77.0,75.0,1.5,9.0,0.3563218391,0.4035087719,1.037018874,715000.0,621915.0,371.09375
2022-06-01,King,2022,6,Jun,3285,4299.0,4488.0,2819.0,1.3,6.0,0.4098627588,0.5111111111,1.031255232,850000.0,835000.0,516.279069767
2022-06-01,Kitsap,2022,6,Jun,486,624.0,641.0,446.0,1.3,7.0,0.4294871795,0.5637860082,1.033290778,615390.0,548000.0,323.303716593
2022-06-01,Kittitas,2022,6,Jun,99,184.0,144.0,103.0,1.9,7.0,0.3369565217,0.4444444444,1.013654048,533000.0,609950.0,340.289608177
2022-06-01,Klickitat,2022,6,Jun,33,79.0,42.0,25.0,2.4,23.0,0.3037974684,0.2727272727,1.00607347,475000.0,607450.0,303.320561941
2022-06-01,Lewis,2022,6,Jun,97,264.0,171.0,112.0,2.7,9.0,0.4431818182,0.4639175258,0.9985472744,455000.0,440000.0,260.061919505
2022-06-01,Lincoln,2022,6,Jun,18,50.0,28.0,14.0,2.8,21.0,0.24,0.3888888889,1.048951462,302500.0,340450.0,203.225806452
2022-06-01,Mason,2022,6,Jun,105,200.0,175.0,108.0,1.9,10.0,0.42,0.5047619048,1.015924086,476500.0,475000.0,298.80952381
2022-06-01,Okanogan,2022,6,Jun,73,143.0,78.0,62.0,2.0,14.0,0.3216783217,0.4383561644,1.028235373,413500.0,437500.0,293.47826087
2022-06-01,Pacific,2022,6,Jun,40,125.0,80.0,50.0,3.1,10.0,0.32,0.4,1.005544739,314000.0,351000.0,269.27672089
2022-06-01,Pend Oreille,2022,6,Jun,26,64.0,39.0,23.0,2.5,7.0,0.390625,0.4615384615,0.9753374906,457500.0,549500.0,275.91107234
2022-06-01,Pierce,2022,6,Jun,1531,2154.0,2082.0,1450.0,1.4,6.0,0.4466109564,0.5793598955,1.023851789,575000.0,550000.0,309.426097333
2022-06-01,San Juan,2022,6,Jun,34,102.0,45.0,32.0,3.0,12.0,0.2745098039,0.2647058824,0.9972760468,940000.0,999999.0,549.818200317
2022-06-01,Skagit,2022,6,Jun,197,293.0,255.0,173.0,1.5,7.0,0.4061433447,0.5076142132,1.014086045,570000.0,550000.0,353.260869565
2022-06-01,Skamania,2022,6,Jun,18,30.0,23.0,19.0,1.7,14.0,0.4666666667,0.2777777778,0.9703315427,501000.0,539000.0,287.782351214
2022-06-01,Snohomish,2022,6,Jun,1331,1837.0,1793.0,1147.0,1.4,6.0,0.5122482308,0.5289256198,1.023728633,757500.0,729900.0,410.186448386
2022-06-01,Spokane,2022,6,Jun,862,1108.0,1079.0,779.0,1.3,6.0,0.4359205776,0.5649651972,1.02903356,450000.0,449900.0,226.935476699
2022-06-01,Stevens,2022,6,Jun,58,175.0,118.0,51.0,3.0,10.0,0.2171428571,0.4310344828,1.001441399,462500.0,415000.0,245.390388973
2022-06-01,Thurston,2022,6,Jun,517,628.0,723.0,522.0,1.2,6.0,0.4394904459,0.6286266925,1.025875502,530000.0,500000.0,290.28436019
2022-06-01,Wahkiakum,2022,6,Jun,2,28.0,11.0,6.0,14.0,113.0,0.25,0.0,0.9490796337,387500.0,435000.0,217.710867802
2022-06-01,Walla Walla,2022,6,Jun,78,115.0,98.0,81.0,1.5,7.0,0.347826087,0.5,1.002827111,447771.0,444500.0,219.669399193
2022-06-01,Whatcom,2022,6,Jun,335,577.0,546.0,322.0,1.7,7.0,0.3535528596,0.4686567164,1.021668715,660000.0,599000.0,367.467016189
2022-06-01,Whitman,2022,6,Jun,60,145.0,69.0,91.0,2.4,53.0,0.006896551724,0.45,1.011128478,403375.0,385000.0,203.286787375
2022-06-01,Yakima,2022,6,Jun,204,526.0,241.0,380.0,2.6,50.0,0.01901140684,0.4411764706,1.012440232,372500.0,385000.0,216.305437922
2022-07-01,Adams,2022,7,Jul,17,48.0,19.0,19.0,2.8,17.0,0.2916666667,0.3529411765,0.9961267198,298605.0,330000.0,185.845213849
2022-07-01,Asotin,2022,7,Jul,31,72.0,42.0,34.0,2.3,16.0,0.3194444444,0.09677419355,0.9825710358,370000.0,355000.0,198.426885949
2022-07-01,Benton,2022,7,Jul,299,746.0,372.0,293.0,2.5,48.0,0.226541555,0.3879598662,1.007792359,464540.0,437750.0,242.157402312
2022-07-01,Chelan,2022,7,Jul,110,265.0,154.0,120.0,2.4,10.0,0.3962264151,0.3818181818,1.004862231,644975.0,646000.0,330.675450831
2022-07-01,Clallam,2022,7,Jul,104,180.0,105.0,169.0,1.7,15.0,0.45,0.2403846154,0.9873276102,499500.0,499000.0,294.918330309
2022-07-01,Clark,2022,7,Jul,696,1396.0,870.0,780.0,2.0,13.0,0.4691977077,0.3778735632,1.002258229,533900.0,530500.0,290.023201856
2022-07-01,Columbia,2022,7,Jul,3,27.0,12.0,9.0,9.0,70.0,0.2592592593,0.3333333333,0.9830598053,635000.0,238000.0,231.413994169
2022-07-01,Cowlitz,2022,7,Jul,159,283.0,187.0,166.0,1.8,10.0,0.4593639576,0.534591195,1.009677401,383750.0,425000.0,262.380589028
2022-07-01,Douglas,2022,7,Jul,44,103.0,52.0,50.0,2.3,18.0,0.3883495146,0.3181818182,0.9960156503,467500.0,517450.0,288.735317694
2022-07-01,Ferry,2022,7,Jul,9,43.0,9.0,10.0,4.8,57.0,0.3953488372,0.1111111111,0.9708868435,255000.0,319925.0,173.418209877
2022-07-01,Franklin,2022,7,Jul,60,201.0,99.0,87.0,3.4,45.0,0.3184079602,0.3666666667,1.006475535,415000.0,412499.0,257.474356982
2022-07-01,Grant,2022,7,Jul,98,213.0,116.0,109.0,2.2,11.0,0.3192488263,0.4285714286,1.002052536,392500.0,372450.0,231.429623619
2022-07-01,Grays Harbor,2022,7,Jul,121,425.0,213.0,168.0,3.5,20.0,0.4,0.2727272727,0.9901622855,370000.0,355999.0,257.02811245
2022-07-01,Island,2022,7,Jul,123,254.0,195.0,191.0,2.1,10.0,0.4606299213,0.325203252,0.9948805777,570900.0,599000.0,326.501429933
2022-07-01,Jefferson,2022,7,Jul,56,100.0,69.0,62.0,1.8,15.0,0.47,0.375,0.9975269009,648000.0,697000.0,351.19047619
2022-07-01,King,2022,7,Jul,2540,4703.0,3470.0,2671.0,1.9,8.0,0.4375930257,0.3440944882,1.002764099,820000.0,819950.0,492.341356674
2022-07-01,Kitsap,2022,7,Jul,356,742.0,515.0,428.0,2.1,7.0,0.4339622642,0.4775280899,1.015622043,534975.0,549000.0,298.810932455
2022-07-01,Kittitas,2022,7,Jul,80,208.0,114.0,86.0,2.6,10.0,0.3701923077,0.2875,0.9947236938,649997.5,594000.0,327.122493954
2022-07-01,Klickitat,2022,7,Jul,19,96.0,36.0,23.0,5.1,21.0,0.4166666667,0.1578947368,0.9751216697,340000.0,599450.0,206.52892562
2022-07-01,Lewis,2022,7,Jul,81,316.0,160.0,114.0,3.9,13.0,0.4810126582,0.3703703704,0.991769249,432500.0,447000.0,294.002397197
2022-07-01,Lincoln,2022,7,Jul,13,47.0,9.0,17.0,3.6,19.0,0.4680851064,0.3846153846,1.057541917,300000.0,282695.0,170.401853383
2022-07-01,Mason,2022,7,Jul,89,229.0,145.0,124.0,2.6,9.0,0.4192139738,0.3707865169,1.000307022,448500.0,455000.0,305.964052288
2022-07-01,Okanogan,2022,7,Jul,39,152.0,55.0,46.0,3.9,29.0,0.25,0.1282051282,0.9712797447,415000.0,389900.0,258.620689655
2022-07-01,Pacific,2022,7,Jul,39,141.0,55.0,44.0,3.6,16.0,0.3404255319,0.1794871795,0.9908837148,359000.0,375000.0,258.413461538
2022-07-01,Pend Oreille,2022,7,Jul,15,79.0,38.0,18.0,5.3,13.0,0.2784810127,0.4666666667,1.004234771,470000.0,385450.0,298.245614035
2022-07-01,Pierce,2022,7,Jul,1224,2492.0,1683.0,1396.0,2.0,10.0,0.5176565008,0.4387254902,1.006856468,575000.0,549000.0,309.304703476
2022-07-01,San Juan,2022,7,Jul,22,115.0,44.0,27.0,5.2,10.0,0.3217391304,0.3636363636,1.009334587,1125000.0,990000.0,493.41094471
2022-07-01,Skagit,2022,7,Jul,145,317.0,228.0,207.0,2.2,10.0,0.38170347,0.3310344828,1.000995953,560000.0,575000.0,320.139697322
2022-07-01,Skamania,2022,7,Jul,12,34.0,21.0,20.0,2.8,39.0,0.2352941176,0.3333333333,0.9872139126,612500.0,595000.0,369.051511189
2022-07-01,Snohomish,2022,7,Jul,1058,2076.0,1551.0,1214.0,2.0,11.0,0.524566474,0.3345935728,1.001982963,745000.0,724950.0,393.095238095
2022-07-01,Spokane,2022,7,Jul,692,1366.0,1020.0,774.0,2.0,8.0,0.4465592972,0.4335260116,1.009562269,432748.5,430000.0,218.353204173
2022-07-01,Stevens,2022,7,Jul,54,197.0,82.0,65.0,3.6,40.0,0.3197969543,0.1481481481,0.9843144085,404499.5,395000.0,221.439178541
2022-07-01,Thurston,2022,7,Jul,429,703.0,534.0,473.0,1.6,9.0,0.5220483642,0.4778554779,1.011246125,510000.0,499972.5,284.337860781
2022-07-01,Wahkiakum,2022,7,Jul,2,29.0,7.0,5.0,14.5,5.0,0.3103448276,0.5,0.9789509135,347500.0,489000.0,181.55407138
2022-07-01,Walla Walla,2022,7,Jul,62,104.0,75.0,70.0,1.7,9.0,0.375,0.3870967742,0.9964487247,416000.0,440000.0,231.348328417
2022-07-01,Whatcom,2022,7,Jul,280,678.0,459.0,340.0,2.4,8.0,0.389380531,0.3607142857,1.003369674,603500.0,599000.0,356.818181818
2022-07-01,Whitman,2022,7,Jul,56,121.0,54.0,53.0,2.2,56.0,0.2727272727,0.2142857143,0.9910320854,397000.0,395000.0,211.904761905
2022-07-01,Yakima,2022,7,Jul,166,531.0,221.0,219.0,3.2,52.0,0.1883239171,0.4578313253,1.012345026,382500.0,375000.0,220.214712379
2022-08-01,Adams,2022,8,Aug,14,63.0,27.0,11.0,4.5,70.0,0.2857142857,0.2142857143,0.9462787722,267500.5,338800.0,204.000424448
2022-08-01,Asotin,2022,8,Aug,26,68.0,26.0,36.0,2.6,26.0,0.3676470588,0.3461538462,0.9959262818,313250.0,439500.0,172.413793103
2022-08-01,Benton,2022,8,Aug,293,706.0,274.0,355.0,2.4,40.0,0.335694051,0.2901023891,0.9976219683,439000.0,445000.0,234.070221066
2022-08-01,Chelan,2022,8,Aug,108,277.0,125.0,112.0,2.6,14.0,0.3682310469,0.2685185185,0.9847541148,570500.0,580000.0,311.481450692
2022-08-01,Clallam,2022,8,Aug,93,176.0,98.0,165.0,1.9,18.0,0.3863636364,0.247311828,0.9848497449,475000.0,463911.5,273.287172012
2022-08-01,Clark,2022,8,Aug,737,1341.0,705.0,818.0,1.8,18.0,0.4071588367,0.3310719132,0.9968383667,540000.0,529000.0,288.932419197
2022-08-01,Columbia,2022,8,Aug,10,26.0,10.0,9.0,2.6,49.0,0.3076923077,0.2,0.9836286085,415000.0,307750.0,195.945945946
2022-08-01,Cowlitz,2022,8,Aug,137,286.0,152.0,164.0,2.1,18.0,0.479020979,0.4160583942,0.9910045298,387250.0,399000.0,249.907407407
2022-08-01,Douglas,2022,8,Aug,51,102.0,56.0,47.0,2.0,17.0,0.4215686275,0.1764705882,0.9981075197,489900.0,484750.0,283.405422853
2022-08-01,Ferry,2022,8,Aug,13,43.0,13.0,12.0,3.3,68.0,0.3023255814,0.07692307692,0.9210112562,165000.0,219000.0,142.857142857
2022-08-01,Franklin,2022,8,Aug,85,202.0,100.0,99.0,2.4,41.0,0.2524752475,0.3647058824,1.002707753,395000.0,415000.0,257.274119449
2022-08-01,Garfield,2022,8,Aug,4,7.0,4.0,3.0,1.8,25.0,0.2857142857,0.0,0.7910909474,138250.0,211950.0,72.685395046
2022-08-01,Grant,2022,8,Aug,105,214.0,106.0,98.0,2.0,22.0,0.3317757009,0.3238095238,0.9876067923,370000.0,370500.0,225.653206651
2022-08-01,Grays Harbor,2022,8,Aug,143,428.0,176.0,169.0,3.0,22.0,0.3761682243,0.2587412587,0.9864755365,325000.0,359950.0,231.983805668
2022-08-01,Island,2022,8,Aug,185,241.0,146.0,154.0,1.3,18.0,0.4356846473,0.2756756757,0.9915907677,569000.0,649975.0,335.4890865
2022-08-01,Jefferson,2022,8,Aug,57,117.0,81.0,73.0,2.1,11.0,0.4444444444,0.3684210526,0.9883654619,605500.0,649000.0,327.017320086
2022-08-01,King,2022,8,Aug,2732,4340.0,2821.0,2853.0,1.6,16.0,0.4334101382,0.2492679356,0.9899303271,825000.0,799000.0,481.25
2022-08-01,Kitsap,2022,8,Aug,455,714.0,466.0,473.0,1.6,15.0,0.4887955182,0.3714285714,0.9992733236,550000.0,529999.5,295.566502463
2022-08-01,Kittitas,2022,8,Aug,84,202.0,90.0,99.0,2.4,12.0,0.3910891089,0.1785714286,0.9809184146,570000.0,540000.0,369.769721947
2022-08-01,Klickitat,2022,8,Aug,21,94.0,39.0,34.0,4.5,30.0,0.3936170213,0.1904761905,0.9931654096,515000.0,425000.0,272.884811417
2022-08-01,Lewis,2022,8,Aug,100,347.0,156.0,134.0,3.5,18.0,0.4524495677,0.34,0.9946589299,400000.0,443000.0,269.241954532
2022-08-01,Lincoln,2022,8,Aug,15,52.0,17.0,6.0,3.5,47.0,0.1346153846,0.1333333333,0.9580927424,335000.0,325000.0,190.527065527
2022-08-01,Mason,2022,8,Aug,111,228.0,118.0,104.0,2.1,22.0,0.5614035088,0.2972972973,0.989953293,460000.0,445000.0,295.3125
2022-08-01,Okanogan,2022,8,Aug,44,169.0,50.0,34.0,3.8,33.0,0.3136094675,0.2727272727,0.9922993482,420000.0,376000.0,226.191721771
2022-08-01,Pacific,2022,8,Aug,35,155.0,61.0,45.0,4.4,35.0,0.3548387097,0.1428571429,0.9898608237,289500.0,365000.0,266.666666667
2022-08-01,Pend Oreille,2022,8,Aug,24,81.0,33.0,33.0,3.4,21.0,0.3456790123,0.2083333333,0.9487148501,365000.0,375000.0,172.129948688
2022-08-01,Pierce,2022,8,Aug,1324,2356.0,1385.0,1469.0,1.8,17.0,0.5377758913,0.3421450151,0.9976861688,550000.0,545000.0,300.480769231
2022-08-01,San Juan,2022,8,Aug,20,111.0,32.0,32.0,5.6,18.0,0.2612612613,0.35,0.9847165136,879500.0,847000.0,492.557524078
2022-08-01,Skagit,2022,8,Aug,176,340.0,210.0,191.0,1.9,15.0,0.4529411765,0.2784090909,0.9962144852,532500.0,549974.5,324.81962482
2022-08-01,Skamania,2022,8,Aug,21,35.0,15.0,14.0,1.7,11.0,0.4,0.1904761905,0.9827368607,425000.0,625000.0,326.438848921
2022-08-01,Snohomish,2022,8,Aug,1088,1862.0,1202.0,1322.0,1.7,15.0,0.5429645542,0.2435661765,0.9891716438,695500.0,699425.0,385.755076689
2022-08-01,Spokane,2022,8,Aug,747,1375.0,839.0,794.0,1.8,14.0,0.4945454545,0.3373493976,0.9961124125,435000.0,408900.0,214.28591906
2022-08-01,Stevens,2022,8,Aug,59,196.0,78.0,72.0,3.3,34.0,0.2857142857,0.1525423729,0.9813457539,380000.0,400000.0,202.005730659
2022-08-01,Thurston,2022,8,Aug,453,669.0,477.0,500.0,1.5,15.0,0.5366218236,0.3951434879,1.001353835,499900.0,495000.0,274.846625767
2022-08-01,Wahkiakum,2022,8,Aug,5,33.0,10.0,8.0,6.6,28.0,0.3333333333,0.0,0.986990223,590000.0,466000.0,402.013422819
2022-08-01,Walla Walla,2022,8,Aug,65,107.0,65.0,71.0,1.6,11.0,0.3831775701,0.1384615385,0.9762917942,425000.0,439900.0,245.57956778
2022-08-01,Whatcom,2022,8,Aug,335,694.0,374.0,340.0,2.1,15.0,0.4293948127,0.2597014925,0.9931181366,599000.0,617000.0,350.0
2022-08-01,Whitman,2022,8,Aug,52,112.0,43.0,45.0,2.2,49.0,0.3303571429,0.1153846154,0.9830975824,381000.0,410000.0,200.292397661
2022-08-01,Yakima,2022,8,Aug,209,521.0,239.0,206.0,2.5,46.0,0.2380038388,0.4066985646,1.003751139,365000.0,350000.0,216.053108027
2022-09-01,Adams,2022,9,Sep,12,66.0,15.0,10.0,5.5,38.0,0.2878787879,0.1666666667,0.981447781,358859.5,272000.0,239.017502185
2022-09-01,Asotin,2022,9,Sep,30,64.0,31.0,34.0,2.1,35.0,0.328125,0.06666666667,0.9721962141,385500.0,337900.0,177.74102766
2022-09-01,Benton,2022,9,Sep,268,713.0,288.0,221.0,2.7,50.0,0.2692847125,0.2611940299,0.9964956062,457000.0,459950.0,231.734663308
2022-09-01,Chelan,2022,9,Sep,100,260.0,101.0,108.0,2.6,15.0,0.3692307692,0.21,0.9743861439,580000.0,599900.0,291.897777961
2022-09-01,Clallam,2022,9,Sep,105,173.0,71.0,152.0,1.6,28.0,0.4161849711,0.1714285714,0.9864355039,485000.0,499888.0,294.871794872
2022-09-01,Clark,2022,9,Sep,665,1327.0,651.0,627.0,2.0,27.0,0.4280331575,0.2270676692,0.9946054711,530000.0,524000.0,283.786283186
2022-09-01,Columbia,2022,9,Sep,4,25.0,5.0,6.0,6.3,64.0,0.36,0.0,0.9403900942,135000.0,175000.0,117.539628606
2022-09-01,Cowlitz,2022,9,Sep,126,309.0,150.0,131.0,2.5,26.0,0.427184466,0.380952381,0.9955144413,399450.0,399450.0,241.504523136
2022-09-01,Douglas,2022,9,Sep,51,99.0,50.0,47.0,1.9,23.0,0.4141414141,0.1960784314,0.9896584726,500000.0,500000.0,279.535864979
2022-09-01,Ferry,2022,9,Sep,5,43.0,10.0,6.0,8.6,76.0,0.1627906977,0.2,0.9244219419,206900.0,291950.0,226.666666667
2022-09-01,Franklin,2022,9,Sep,82,201.0,79.0,72.0,2.5,43.0,0.2736318408,0.2317073171,0.9940721293,402700.0,415000.0,234.75436419
2022-09-01,Grant,2022,9,Sep,97,213.0,95.0,76.0,2.2,25.0,0.323943662,0.3298969072,0.9892709397,350000.0,340000.0,229.349758454
2022-09-01,Grays Harbor,2022,9,Sep,136,407.0,142.0,148.0,3.0,37.0,0.3808353808,0.1764705882,0.976138949,355000.0,349950.0,236.111111111
2022-09-01,Island,2022,9,Sep,133,260.0,160.0,147.0,2.0,18.0,0.3461538462,0.2631578947,0.9917499738,570000.0,568500.0,343.324250681
2022-09-01,Jefferson,2022,9,Sep,51,105.0,42.0,58.0,2.1,18.0,0.3904761905,0.2156862745,0.976415893,600000.0,680000.0,368.650577513
2022-09-01,King,2022,9,Sep,2494,4611.0,2968.0,2275.0,1.8,20.0,0.4380828454,0.2105052125,0.9877820275,810000.0,799950.0,478.432740379
2022-09-01,Kitsap,2022,9,Sep,438,716.0,394.0,398.0,1.6,22.0,0.4650837989,0.2785388128,0.9956383513,541500.0,525000.0,290.395476267
2022-09-01,Kittitas,2022,9,Sep,87,194.0,83.0,74.0,2.2,29.0,0.3556701031,0.1724137931,0.9820758383,550000.0,675950.0,339.029768467
2022-09-01,Klickitat,2022,9,Sep,24,82.0,19.0,32.0,3.4,32.0,0.4024390244,0.25,0.9746784066,515000.0,439000.0,299.121528193
2022-09-01,Lewis,2022,9,Sep,103,334.0,126.0,133.0,3.2,28.0,0.4341317365,0.2815533981,0.9831269825,384000.0,399000.0,253.814553991
2022-09-01,Lincoln,2022,9,Sep,3,56.0,19.0,8.0,18.7,53.0,0.25,0.3333333333,0.9720039683,404500.0,299000.0,128.517316017
2022-09-01,Mason,2022,9,Sep,91,243.0,119.0,114.0,2.7,26.0,0.5144032922,0.2747252747,0.9877283806,447900.0,410000.0,289.22675934
2022-09-01,Okanogan,2022,9,Sep,37,164.0,51.0,44.0,4.4,38.0,0.237804878,0.1621621622,0.9655706247,338000.0,350000.0,224.698380159
2022-09-01,Pacific,2022,9,Sep,44,155.0,48.0,42.0,3.5,23.0,0.2709677419,0.1590909091,0.9636613181,347500.0,372000.0,282.925407925
2022-09-01,Pend Oreille,2022,9,Sep,22,73.0,21.0,17.0,3.3,40.0,0.4246575342,0.04545454545,0.9712560078,440000.0,350000.0,205.850810296
2022-09-01,Pierce,2022,9,Sep,1268,2336.0,1272.0,1244.0,1.8,27.0,0.5072773973,0.2839116719,0.9933148872,546500.0,525000.0,293.760492445
2022-09-01,San Juan,2022,9,Sep,27,107.0,29.0,27.0,4.0,21.0,0.1495327103,0.2222222222,0.9832461322,850000.0,850000.0,478.971962617
2022-09-01,Skagit,2022,9,Sep,179,333.0,186.0,175.0,1.9,22.0,0.4204204204,0.2234636872,0.9890132827,560000.0,549950.0,328.615622583
2022-09-01,Skamania,2022,9,Sep,9,32.0,8.0,9.0,3.6,57.0,0.40625,0.0,0.981375131,495000.0,729999.5,279.349363508
2022-09-01,Snohomish,2022,9,Sep,1154,1793.0,1087.0,1017.0,1.6,23.0,0.5225878416,0.2166377816,0.9866452168,710000.0,724950.0,380.347651825
2022-09-01,Spokane,2022,9,Sep,727,1374.0,755.0,642.0,1.9,20.0,0.4868995633,0.2943603851,0.9930838423,425000.0,419700.0,216.197812587
2022-09-01,Stevens,2022,9,Sep,64,173.0,47.0,63.0,2.7,46.0,0.2774566474,0.28125,0.9868104718,387500.0,364000.0,210.714163735
2022-09-01,Thurston,2022,9,Sep,425,647.0,391.0,392.0,1.5,24.0,0.5193199382,0.3035294118,0.9969493893,495000.0,505000.0,273.670886076
2022-09-01,Wahkiakum,2022,9,Sep,4,34.0,7.0,10.0,8.5,34.0,0.4705882353,0.5,0.9815405895,337500.0,425000.0,272.869532428
2022-09-01,Walla Walla,2022,9,Sep,67,126.0,81.0,64.0,1.9,19.0,0.3253968254,0.2537313433,0.9818007846,423000.0,425000.0,220.47399605
2022-09-01,Whatcom,2022,9,Sep,291,664.0,334.0,311.0,2.3,26.0,0.3870481928,0.1924398625,0.9852712097,586000.0,578950.0,362.653499049
2022-09-01,Whitman,2022,9,Sep,30,119.0,37.0,33.0,4.0,42.0,0.2857142857,0.2666666667,0.9942848572,385000.0,270000.0,211.452823624
2022-09-01,Yakima,2022,9,Sep,175,499.0,170.0,189.0,2.9,48.0,0.3046092184,0.32,0.9921087562,370000.0,349450.0,207.179930796
2022-10-01,Adams,2022,10,Oct,6,58.0,11.0,15.0,9.7,44.0,0.1896551724,0.0,0.9867718383,384554.0,369900.0,247.608090484
2022-10-01,Asotin,2022,10,Oct,25,62.0,20.0,22.0,2.5,30.0,0.3387096774,0.12,0.9742384657,375000.0,384900.0,199.262295082
2022-10-01,Benton,2022,10,Oct,204,715.0,236.0,185.0,3.5,44.0,0.2853146853,0.2352941176,0.990165643,440000.0,435000.0,236.229952975
2022-10-01,Chelan,2022,10,Oct,78,241.0,89.0,75.0,3.1,27.0,0.3692946058,0.2179487179,0.9828044925,599495.0,555000.0,317.540322581
2022-10-01,Clallam,2022,10,Oct,89,169.0,71.0,132.0,1.9,34.0,0.426035503,0.1685393258,0.9765913509,444500.0,444950.0,287.682333874
2022-10-01,Clark,2022,10,Oct,553,1263.0,547.0,539.0,2.3,31.0,0.4481393508,0.2350813743,0.9921657377,540000.0,499990.0,283.662530433
2022-10-01,Columbia,2022,10,Oct,6,32.0,13.0,4.0,5.3,127.0,0.21875,0.1666666667,0.9720545646,280000.0,260000.0,176.935522938
2022-10-01,Cowlitz,2022,10,Oct,116,313.0,114.0,119.0,2.7,19.0,0.357827476,0.2068965517,0.9848120956,414250.0,375950.0,234.750370737
2022-10-01,Douglas,2022,10,Oct,32,103.0,45.0,40.0,3.2,20.0,0.359223301,0.1875,0.9741043284,475000.0,440000.0,295.087317607
2022-10-01,Ferry,2022,10,Oct,10,39.0,6.0,10.0,3.9,133.0,0.1025641026,0.0,0.8904723893,270000.0,367499.5,152.777777778
2022-10-01,Franklin,2022,10,Oct,79,218.0,93.0,72.0,2.8,45.0,0.247706422,0.2405063291,1.00107032,410000.0,399900.0,243.544600939
2022-10-01,Garfield,2022,10,Oct,1,5.0,,3.0,5.0,42.0,0.4,0.0,0.9159626501,206000.0,,91.637010676
2022-10-01,Grant,2022,10,Oct,80,235.0,101.0,72.0,2.9,39.0,0.3361702128,0.25,0.9761244076,331950.0,345000.0,213.934334871
2022-10-01,Grays Harbor,2022,10,Oct,119,386.0,120.0,118.0,3.2,37.0,0.3212435233,0.1512605042,0.9686830251,316500.0,330000.0,238.836329234
2022-10-01,Island,2022,10,Oct,125,263.0,110.0,91.0,2.1,21.0,0.3688212928,0.208,0.9801299686,580000.0,525000.0,337.152209493
2022-10-01,Jefferson,2022,10,Oct,48,84.0,37.0,56.0,1.8,20.0,0.3928571429,0.2083333333,0.959152618,633000.0,643988.0,347.211553234
2022-10-01,King,2022,10,Oct,2096,4184.0,2059.0,2067.0,2.0,19.0,0.4858986616,0.2142175573,0.9856617483,825000.0,771000.0,479.365115503
2022-10-01,Kitsap,2022,10,Oct,325,677.0,306.0,317.0,2.1,25.0,0.4549483013,0.2769230769,0.9949532918,511000.0,506470.0,298.798798799
2022-10-01,Kittitas,2022,10,Oct,55,204.0,73.0,47.0,3.7,39.0,0.3382352941,0.1454545455,0.9815648976,614950.0,634995.0,378.652355397
2022-10-01,Klickitat,2022,10,Oct,18,85.0,21.0,17.0,4.7,63.0,0.2823529412,0.1666666667,0.9450346642,372500.0,599000.0,244.485294118
2022-10-01,Lewis,2022,10,Oct,106,311.0,107.0,110.0,2.9,32.0,0.4726688103,0.2547169811,0.9808670124,425000.0,424000.0,257.424755455
2022-10-01,Lincoln,2022,10,Oct,10,48.0,9.0,12.0,4.8,49.0,0.3125,0.1,0.9575545368,245000.0,245500.0,172.91945859
2022-10-01,Mason,2022,10,Oct,96,217.0,81.0,101.0,2.3,30.0,0.4976958525,0.2291666667,0.9827557647,409500.0,409900.0,263.725490196
2022-10-01,Okanogan,2022,10,Oct,35,152.0,38.0,31.0,4.3,67.0,0.2434210526,0.1142857143,0.9599425933,379500.0,370000.0,212.026781129
2022-10-01,Pacific,2022,10,Oct,31,140.0,35.0,43.0,4.5,31.0,0.3285714286,0.09677419355,0.9618257054,310000.0,368000.0,291.170634921
2022-10-01,Pend Oreille,2022,10,Oct,19,60.0,10.0,15.0,3.2,25.0,0.25,0.1052631579,0.964771203,350000.0,424950.0,167.797494781
2022-10-01,Pierce,2022,10,Oct,1037,2193.0,963.0,954.0,2.1,25.0,0.512995896,0.3114754098,0.993205758,530000.0,525000.0,292.067768595
2022-10-01,San Juan,2022,10,Oct,20,103.0,22.0,15.0,5.2,50.0,0.1747572816,0.05,0.9482126881,931000.0,897000.0,611.111111111
2022-10-01,Skagit,2022,10,Oct,135,305.0,109.0,127.0,2.3,29.0,0.4393442623,0.2222222222,0.9833518181,501000.0,520000.0,320.670942279
2022-10-01,Skamania,2022,10,Oct,5,31.0,8.0,6.0,6.2,43.0,0.2903225806,0.0,0.9371443014,520000.0,644999.5,288.929440389
2022-10-01,Snohomish,2022,10,Oct,896,1640.0,818.0,821.0,1.8,24.0,0.5237804878,0.1796875,0.9845404229,700000.0,689495.0,379.083922755
2022-10-01,Spokane,2022,10,Oct,582,1310.0,593.0,559.0,2.3,24.0,0.5114503817,0.2800687285,0.9914709581,405000.0,415000.0,203.094777563
2022-10-01,Stevens,2022,10,Oct,44,161.0,39.0,35.0,3.7,66.0,0.2546583851,0.1818181818,0.9852401226,422450.0,412500.0,221.532846715
2022-10-01,Thurston,2022,10,Oct,352,621.0,333.0,320.0,1.8,24.0,0.5088566828,0.3153409091,0.9908279215,500000.0,495000.0,281.126625639
2022-10-01,Wahkiakum,2022,10,Oct,5,29.0,4.0,7.0,5.8,69.0,0.2413793103,0.2,0.9125416322,387500.0,489450.0,187.948717949
2022-10-01,Walla Walla,2022,10,Oct,50,132.0,54.0,48.0,2.6,30.0,0.3787878788,0.18,0.9797224936,420000.0,399000.0,249.19549425
2022-10-01,Whatcom,2022,10,Oct,251,613.0,231.0,232.0,2.4,32.0,0.3442088091,0.187250996,0.9855331279,549000.0,585000.0,340.670859539
2022-10-01,Whitman,2022,10,Oct,29,116.0,34.0,44.0,4.0,39.0,0.1982758621,0.1724137931,0.9644531159,272000.0,349500.0,164.335664336
2022-10-01,Yakima,2022,10,Oct,157,385.0,154.0,157.0,2.5,56.0,0.3714285714,0.2802547771,0.9889032581,369000.0,355000.0,220.1027146
2022-11-01,Adams,2022,11,Nov,8,57.0,7.0,5.0,7.1,121.0,0.1578947368,0.375,0.998828451,242497.5,239000.0,116.422417712
2022-11-01,Asotin,2022,11,Nov,26,66.0,22.0,17.0,2.5,61.0,0.303030303,0.1153846154,0.9698438086,319500.0,289000.0,220.940721649
2022-11-01,Benton,2022,11,Nov,160,678.0,164.0,189.0,4.2,43.0,0.2949852507,0.2,0.9904926155,396000.0,430000.0,234.928724188
2022-11-01,Chelan,2022,11,Nov,74,192.0,49.0,64.0,2.6,38.0,0.2291666667,0.2297297297,0.9753825009,603950.0,499000.0,295.737861787
2022-11-01,Clallam,2022,11,Nov,69,154.0,58.0,107.0,2.2,43.0,0.2922077922,0.1304347826,0.9641710266,491000.0,494000.0,289.841131113
2022-11-01,Clark,2022,11,Nov,465,1101.0,398.0,485.0,2.4,31.0,0.4141689373,0.1827956989,0.9866993011,521000.0,510000.0,280.615220866
2022-11-01,Columbia,2022,11,Nov,3,29.0,5.0,5.0,9.7,136.0,0.2068965517,0.0,0.8918789188,200000.0,269000.0,163.265306122
2022-11-01,Cowlitz,2022,11,Nov,85,280.0,80.0,84.0,3.3,31.0,0.3678571429,0.2470588235,0.9897106346,375000.0,407450.0,231.768077601
2022-11-01,Douglas,2022,11,Nov,34,97.0,25.0,23.0,2.9,43.0,0.2268041237,0.2352941176,0.9699937556,451950.0,419900.0,291.607142857
2022-11-01,Ferry,2022,11,Nov,5,34.0,6.0,7.0,6.8,42.0,0.05882352941,0.0,0.9491549582,225900.0,212500.0,160.678571429
2022-11-01,Franklin,2022,11,Nov,70,226.0,77.0,72.0,3.2,43.0,0.3053097345,0.2714285714,0.9986378537,393250.0,415000.0,236.312076895
2022-11-01,Garfield,2022,11,Nov,2,5.0,1.0,2.0,2.5,49.0,0.2,0.0,0.9550526182,162500.0,299000.0,118.995273989
2022-11-01,Grant,2022,11,Nov,67,207.0,51.0,50.0,3.1,37.0,0.2028985507,0.2089552239,0.9797730683,309883.0,349900.0,211.308238636
2022-11-01,Grays Harbor,2022,11,Nov,86,329.0,72.0,110.0,3.8,27.0,0.3525835866,0.1627906977,0.9720801015,335000.0,330700.0,228.944246738
2022-11-01,Island,2022,11,Nov,71,225.0,64.0,82.0,3.2,19.0,0.3733333333,0.1971830986,0.9788630792,540000.0,544500.0,311.771561772
2022-11-01,Jefferson,2022,11,Nov,44,72.0,27.0,34.0,1.6,32.0,0.2361111111,0.2045454545,0.9540393736,674719.0,575000.0,344.727682597
2022-11-01,King,2022,11,Nov,1742,3426.0,1355.0,1566.0,2.0,25.0,0.4036777583,0.1750861079,0.9792900798,765000.0,730000.0,444.029850746
2022-11-01,Kitsap,2022,11,Nov,288,587.0,235.0,288.0,2.0,28.0,0.3713798978,0.2326388889,0.9897381688,523445.0,498500.0,287.5350498
2022-11-01,Kittitas,2022,11,Nov,44,189.0,43.0,45.0,4.3,57.0,0.2592592593,0.25,0.9899536266,601125.0,575000.0,360.023041475
2022-11-01,Klickitat,2022,11,Nov,18,75.0,15.0,22.0,4.2,36.0,0.24,0.1111111111,0.9577432484,537500.0,395000.0,255.295317941
2022-11-01,Lewis,2022,11,Nov,78,256.0,50.0,87.0,3.3,49.0,0.4453125,0.2179487179,0.9710544582,375000.0,379975.0,253.164556962
2022-11-01,Lincoln,2022,11,Nov,8,44.0,7.0,6.0,5.5,68.0,0.2272727273,0.25,0.9759241283,265825.0,252000.0,140.237324703
2022-11-01,Mason,2022,11,Nov,72,186.0,46.0,66.0,2.6,47.0,0.3655913978,0.2222222222,0.987300469,413942.5,406000.0,284.368824111
2022-11-01,Okanogan,2022,11,Nov,24,131.0,11.0,20.0,5.5,35.0,0.2061068702,0.08333333333,0.9523239183,325000.0,260000.0,186.320012587
2022-11-01,Pacific,2022,11,Nov,31,127.0,23.0,27.0,4.1,64.0,0.2204724409,0.09677419355,0.9614965499,325000.0,325000.0,233.843537415
2022-11-01,Pend Oreille,2022,11,Nov,13,53.0,8.0,11.0,4.1,56.0,0.2452830189,0.1538461538,0.9432279764,275000.0,240000.0,181.15942029
2022-11-01,Pierce,2022,11,Nov,879,1911.0,650.0,789.0,2.2,31.0,0.4133961277,0.2935153584,0.9905081721,525715.0,518497.5,286.908177905
2022-11-01,San Juan,2022,11,Nov,11,90.0,12.0,16.0,8.2,95.0,0.1444444444,0.09090909091,0.9575161855,1250000.0,704500.0,472.115668339
2022-11-01,Skagit,2022,11,Nov,113,265.0,90.0,104.0,2.3,30.0,0.3396226415,0.1592920354,0.980469548,490000.0,550000.0,310.434219054
2022-11-01,Skamania,2022,11,Nov,7,32.0,7.0,3.0,4.6,43.0,0.1875,0.0,0.962703642,660000.0,449500.0,344.528387585
2022-11-01,Snohomish,2022,11,Nov,780,1346.0,561.0,687.0,1.7,26.0,0.4138187221,0.2,0.9822472423,687495.0,675000.0,363.296976172
2022-11-01,Spokane,2022,11,Nov,493,1121.0,395.0,457.0,2.3,27.0,0.404103479,0.200811359,0.9832842868,411458.0,390000.0,209.059233449
2022-11-01,Stevens,2022,11,Nov,38,131.0,18.0,28.0,3.4,57.0,0.1832061069,0.1315789474,0.9630593034,320000.0,304500.0,186.579686924
2022-11-01,Thurston,2022,11,Nov,247,551.0,207.0,240.0,2.2,24.0,0.44646098,0.2307692308,0.9871547214,468000.0,479999.0,260.559517279
2022-11-01,Wahkiakum,2022,11,Nov,4,28.0,6.0,8.0,7.0,47.0,0.1071428571,0.0,0.9587612928,430000.0,439975.0,280.963913136
2022-11-01,Walla Walla,2022,11,Nov,46,130.0,62.0,52.0,2.8,26.0,0.3230769231,0.347826087,0.9891523555,408500.0,385980.0,246.27918318
2022-11-01,Whatcom,2022,11,Nov,208,510.0,167.0,203.0,2.5,30.0,0.3058823529,0.1490384615,0.9790972321,563500.0,600000.0,349.008060139
2022-11-01,Whitman,2022,11,Nov,35,104.0,30.0,31.0,3.0,44.0,0.2115384615,0.2857142857,0.9712099525,330000.0,340000.0,190.769230769
2022-11-01,Yakima,2022,11,Nov,129,329.0,103.0,138.0,2.6,45.0,0.3130699088,0.2403100775,0.9901226361,375000.0,345000.0,211.86440678
2022-12-01,Adams,2022,12,Dec,9,51.0,5.0,6.0,5.7,45.0,0.09803921569,0.1111111111,0.9777266058,225000.0,350000.0,178.947368421
2022-12-01,Asotin,2022,12,Dec,14,62.0,18.0,25.0,4.4,52.0,0.1129032258,0.07142857143,0.9602830491,265000.0,331000.0,175.028611342
2022-12-01,Benton,2022,12,Dec,151,581.0,100.0,117.0,3.8,57.0,0.1394148021,0.1655629139,0.9890720193,425000.0,410000.0,227.534562212
2022-12-01,Chelan,2022,12,Dec,60,159.0,27.0,32.0,2.7,54.0,0.08805031447,0.15,0.9691331799,565000.0,575000.0,291.210523125
2022-12-01,Clallam,2022,12,Dec,68,134.0,31.0,94.0,2.0,20.0,0.1268656716,0.1764705882,0.9835244891,430000.0,425000.0,275.464124436
2022-12-01,Clark,2022,12,Dec,459,918.0,277.0,393.0,2.0,36.0,0.2483660131,0.1960784314,0.9853459205,480000.0,529990.0,271.829268293
2022-12-01,Columbia,2022,12,Dec,4,26.0,2.0,2.0,6.5,30.0,0.1153846154,0.0,0.9658055152,279500.0,422000.0,178.536815123
2022-12-01,Cowlitz,2022,12,Dec,73,266.0,76.0,79.0,3.6,35.0,0.2368421053,0.301369863,0.9925538068,367500.0,399450.0,232.511858513
2022-12-01,Douglas,2022,12,Dec,21,73.0,9.0,22.0,3.5,47.0,0.2328767123,0.2380952381,0.9940765087,399000.0,550000.0,261.558996263
2022-12-01,Ferry,2022,12,Dec,3,29.0,1.0,2.0,9.7,86.0,,0.0,0.9661086158,250000.0,349900.0,219.103503915
2022-12-01,Franklin,2022,12,Dec,46,198.0,28.0,49.0,4.3,51.0,0.2171717172,0.152173913,0.9992953499,397450.0,389450.0,241.558621331
2022-12-01,Grant,2022,12,Dec,45,175.0,42.0,55.0,3.9,50.0,0.1371428571,0.1777777778,0.9850219152,330000.0,352495.0,221.179624665
2022-12-01,Grays Harbor,2022,12,Dec,95,292.0,69.0,102.0,3.1,62.0,0.1438356164,0.1578947368,0.9732040129,345000.0,389000.0,244.909502262
2022-12-01,Island,2022,12,Dec,63,180.0,38.0,62.0,2.9,39.0,0.2611111111,0.1428571429,0.9749084689,565000.0,472299.5,306.062389641
2022-12-01,Jefferson,2022,12,Dec,31,63.0,11.0,18.0,2.0,44.0,0.07936507937,0.2580645161,0.9536351254,534719.0,645000.0,327.083333333
2022-12-01,King,2022,12,Dec,1488,2557.0,741.0,1213.0,1.7,33.0,0.2420805632,0.1586021505,0.9768510042,735000.0,749950.0,455.034271284
2022-12-01,Kitsap,2022,12,Dec,249,501.0,155.0,214.0,2.0,34.0,0.3153692615,0.1526104418,0.9841719378,500000.0,509950.0,272.734567901
2022-12-01,Kittitas,2022,12,Dec,43,159.0,30.0,30.0,3.7,60.0,0.1446540881,0.1627906977,0.9858722044,615000.0,630000.0,312.5
2022-12-01,Klickitat,2022,12,Dec,12,66.0,8.0,10.0,5.5,46.0,0.07575757576,0.08333333333,0.9480717045,294950.0,529000.0,246.67205704
2022-12-01,Lewis,2022,12,Dec,74,223.0,51.0,74.0,3.0,65.0,0.1659192825,0.2702702703,0.986849338,385000.0,381500.0,228.036485838
2022-12-01,Lincoln,2022,12,Dec,7,41.0,8.0,10.0,5.9,36.0,0.1219512195,0.0,0.9406364516,200000.0,352000.0,147.997032641
2022-12-01,Mason,2022,12,Dec,59,155.0,36.0,52.0,2.6,44.0,0.2,0.2203389831,0.9857648762,389900.0,392000.0,260.416666667
2022-12-01,Okanogan,2022,12,Dec,22,103.0,15.0,16.0,4.7,78.0,0.05825242718,0.0,0.9535974886,479500.0,220000.0,196.894543249
2022-12-01,Pacific,2022,12,Dec,22,102.0,20.0,37.0,4.6,48.0,0.2058823529,0.09090909091,0.9667192035,365000.0,384500.0,291.156819208
2022-12-01,Pend Oreille,2022,12,Dec,9,45.0,4.0,5.0,5.0,45.0,,0.2222222222,1.0060049,400000.0,204750.0,195.623342175
2022-12-01,Pierce,2022,12,Dec,704,1565.0,439.0,690.0,2.2,41.0,0.3015974441,0.2514204545,0.988533563,505000.0,516999.5,276.548672566
2022-12-01,San Juan,2022,12,Dec,17,67.0,8.0,15.0,3.9,83.0,0.1194029851,0.1764705882,0.9595152551,800000.0,1274500.0,464.409722222
2022-12-01,Skagit,2022,12,Dec,92,222.0,65.0,83.0,2.4,47.0,0.2297297297,0.1413043478,0.9716373007,528500.0,495000.0,292.18391217
2022-12-01,Skamania,2022,12,Dec,2,22.0,2.0,8.0,11.0,13.0,0.2272727273,0.5,0.9839000366,444000.0,379750.0,207.435278087
2022-12-01,Snohomish,2022,12,Dec,683,1012.0,334.0,568.0,1.5,31.0,0.3013833992,0.1932650073,0.9825031277,670000.0,664995.0,362.164465275
2022-12-01,Spokane,2022,12,Dec,453,903.0,222.0,344.0,2.0,36.0,0.2547065338,0.2163355408,0.9839656374,390000.0,390330.5,200.250312891
2022-12-01,Stevens,2022,12,Dec,26,100.0,26.0,28.0,3.8,67.0,0.07,0.1538461538,0.9637365196,391250.0,384500.0,200.13568521
2022-12-01,Thurston,2022,12,Dec,233,485.0,147.0,201.0,2.1,39.0,0.2412371134,0.2274678112,0.9880024475,499950.0,480000.0,265.71735626
2022-12-01,Wahkiakum,2022,12,Dec,5,23.0,3.0,2.0,4.6,107.0,0.08695652174,0.2,0.9649870016,435000.0,349500.0,220.694645441
2022-12-01,Walla Walla,2022,12,Dec,33,114.0,33.0,36.0,3.5,21.0,0.2456140351,0.2121212121,0.9860256592,370000.0,351885.0,253.496503497
2022-12-01,Whatcom,2022,12,Dec,160,422.0,98.0,148.0,2.6,35.0,0.144549763,0.16875,0.9826953633,593450.0,579000.0,356.351546211
2022-12-01,Whitman,2022,12,Dec,23,95.0,18.0,22.0,4.1,49.0,0.09473684211,0.0,0.9543974966,370000.0,446950.0,175.799086758
2022-12-01,Yakima,2022,12,Dec,118,276.0,76.0,82.0,2.3,38.0,0.2065217391,0.2372881356,0.9911748359,349975.0,337500.0,202.724358974
2023-01-01,Adams,2023,1,Jan,5,51.0,9.0,7.0,10.2,95.0,0.09803921569,0.2,0.993966897,330000.0,254995.0,137.511722413
2023-01-01,Asotin,2023,1,Jan,20,54.0,14.0,20.0,2.7,44.0,0.2222222222,0.05,0.9776315414,330450.0,346950.0,189.25443134
2023-01-01,Benton,2023,1,Jan,119,599.0,199.0,170.0,5.0,70.0,0.225375626,0.1764705882,0.9873608578,413131.0,465000.0,233.265720081
2023-01-01,Chelan,2023,1,Jan,37,144.0,34.0,42.0,3.9,31.0,0.1736111111,0.02702702703,0.9745762994,530000.0,456200.0,274.876305662
2023-01-01,Clallam,2023,1,Jan,43,123.0,49.0,80.0,2.9,43.0,0.2682926829,0.1395348837,0.9545272165,400000.0,469950.0,260.247234873
2023-01-01,Clark,2023,1,Jan,317,837.0,458.0,545.0,2.6,42.0,0.3369175627,0.2018927445,0.9892903521,500000.0,548950.0,271.142109852
2023-01-01,Columbia,2023,1,Jan,4,25.0,7.0,8.0,6.3,18.0,0.08,0.25,0.9566717046,233750.0,279900.0,121.103723404
2023-01-01,Cowlitz,2023,1,Jan,56,246.0,91.0,115.0,4.4,58.0,0.3130081301,0.1607142857,0.9668027025,386000.0,419900.0,233.349910627
2023-01-01,Douglas,2023,1,Jan,18,61.0,17.0,27.0,3.4,62.0,0.3114754098,0.2222222222,0.9814875518,487450.0,433800.0,273.041814405
2023-01-01,Ferry,2023,1,Jan,4,25.0,,3.0,6.3,160.0,0.04,0.0,0.937337986,229500.0,,124.205118379
2023-01-01,Franklin,2023,1,Jan,57,182.0,51.0,65.0,3.2,78.0,0.2032967033,0.1754385965,0.988356098,422000.0,385000.0,245.176848875
2023-01-01,Garfield,2023,1,Jan,2,4.0,1.0,1.0,2.0,1569.0,,0.0,0.8441260745,205000.0,460000.0,120.733649905
2023-01-01,Grant,2023,1,Jan,46,194.0,75.0,44.0,4.2,67.0,0.1649484536,0.2173913043,0.9883848681,325500.0,328000.0,211.538461538
2023-01-01,Grays Harbor,2023,1,Jan,51,277.0,83.0,87.0,5.4,73.0,0.2490974729,0.05882352941,0.9437006736,315000.0,369500.0,210.526315789
2023-01-01,Island,2023,1,Jan,72,145.0,81.0,110.0,2.0,30.0,0.3103448276,0.2083333333,0.9879240885,460000.0,535000.0,284.560798029
2023-01-01,Jefferson,2023,1,Jan,14,62.0,20.0,17.0,4.4,81.0,0.1935483871,0.2142857143,0.9694461466,512000.0,560000.0,290.961394391
2023-01-01,King,2023,1,Jan,1069,2245.0,1499.0,1734.0,2.1,44.0,0.3095768374,0.1580916745,0.9781970538,735000.0,785000.0,449.367088608
2023-01-01,Kitsap,2023,1,Jan,184,446.0,246.0,297.0,2.4,43.0,0.3744394619,0.2336956522,0.9833285053,497000.0,549250.0,269.70633694
2023-01-01,Kittitas,2023,1,Jan,25,140.0,40.0,43.0,5.6,59.0,0.1928571429,0.08,0.9694875817,439000.0,547472.5,289.682539683
2023-01-01,Klickitat,2023,1,Jan,15,53.0,10.0,19.0,3.5,83.0,0.1698113208,0.1333333333,0.9498791447,400000.0,379950.0,222.222222222
2023-01-01,Lewis,2023,1,Jan,55,189.0,61.0,100.0,3.4,67.0,0.3703703704,0.1636363636,0.9486178496,399999.0,399900.0,267.591674926
2023-01-01,Lincoln,2023,1,Jan,5,37.0,5.0,8.0,7.4,137.0,0.1891891892,0.0,0.925685633,175000.0,275000.0,113.06042885
2023-01-01,Mason,2023,1,Jan,41,124.0,41.0,67.0,3.0,55.0,0.3064516129,0.1951219512,0.9821339793,382000.0,415000.0,254.020467836
2023-01-01,Okanogan,2023,1,Jan,12,97.0,20.0,23.0,8.1,57.0,0.1546391753,0.1666666667,0.968874328,337500.0,379950.0,160.017421603
2023-01-01,Pacific,2023,1,Jan,29,89.0,18.0,28.0,3.1,61.0,0.2471910112,0.1379310345,0.9557764637,330000.0,399450.0,247.933884298
2023-01-01,Pend Oreille,2023,1,Jan,7,35.0,4.0,10.0,5.0,118.0,0.08571428571,0.0,0.9871503046,435000.0,339900.0,189.964525363
2023-01-01,Pierce,2023,1,Jan,583,1261.0,700.0,992.0,2.2,53.0,0.4115781126,0.2161234991,0.9865386052,525000.0,515000.0,272.727272727
2023-01-01,San Juan,2023,1,Jan,9,60.0,8.0,12.0,6.7,55.0,0.1666666667,0.0,0.9653490786,1292500.0,735000.0,591.726008817
2023-01-01,Skagit,2023,1,Jan,77,193.0,88.0,116.0,2.5,34.0,0.3264248705,0.2077922078,0.9761299201,486000.0,520000.0,311.890838207
2023-01-01,Skamania,2023,1,Jan,6,21.0,8.0,10.0,3.5,35.0,0.1428571429,0.3333333333,0.9572420947,600000.0,445000.0,279.069767442
2023-01-01,Snohomish,2023,1,Jan,496,817.0,585.0,736.0,1.6,41.0,0.3525091799,0.2137096774,0.9841822835,674975.0,679990.0,362.763446921
2023-01-01,Spokane,2023,1,Jan,341,745.0,358.0,473.0,2.2,52.0,0.3275167785,0.1994134897,0.9850694622,385000.0,419949.5,198.671630013
2023-01-01,Stevens,2023,1,Jan,16,94.0,26.0,20.0,5.9,56.0,0.09574468085,0.125,0.963361767,305000.0,310000.0,176.804349598
2023-01-01,Thurston,2023,1,Jan,166,399.0,223.0,315.0,2.4,44.0,0.3684210526,0.234939759,0.9914149851,477250.0,495000.0,258.589083918
2023-01-01,Wahkiakum,2023,1,Jan,4,14.0,,8.0,3.5,169.0,0.2142857143,0.25,0.9943305647,399250.0,,250.852082954
2023-01-01,Walla Walla,2023,1,Jan,23,99.0,32.0,48.0,4.3,72.0,0.2828282828,0.04347826087,0.9530732334,335000.0,382000.0,200.119474313
2023-01-01,Whatcom,2023,1,Jan,116,380.0,153.0,177.0,3.3,48.0,0.2447368421,0.1551724138,0.9797515321,560000.0,579000.0,318.862305556
2023-01-01,Whitman,2023,1,Jan,17,96.0,31.0,38.0,5.6,46.0,0.2083333333,0.1176470588,0.958938211,250000.0,329900.0,164.728682171
2023-01-01,Yakima,2023,1,Jan,74,265.0,94.0,97.0,3.6,63.0,0.2075471698,0.1891891892,0.981606056,339500.0,357304.5,207.298927887
2023-02-01,Adams,2023,2,Feb,12,49.0,12.0,14.0,4.1,60.0,0.1020408163,0.25,0.9789844727,310650.0,467837.5,206.603534181
2023-02-01,Asotin,2023,2,Feb,20,51.0,12.0,21.0,2.6,34.0,0.07843137255,0.35,0.978170148,302500.0,395450.0,206.464027367
2023-02-01,Benton,2023,2,Feb,150,633.0,222.0,205.0,4.2,71.0,0.1563981043,0.22,0.9950104812,441771.5,439259.5,239.553140097
2023-02-01,Chelan,2023,2,Feb,28,141.0,49.0,48.0,5.0,49.0,0.2056737589,0.1071428571,0.979375937,452500.0,469900.0,319.769950101
2023-02-01,Clallam,2023,2,Feb,55,119.0,57.0,107.0,2.2,39.0,0.1848739496,0.2363636364,0.9705611823,480000.0,445000.0,280.542986425
2023-02-01,Clark,2023,2,Feb,418,769.0,420.0,503.0,1.8,47.0,0.2119635891,0.2583732057,0.994901225,500000.0,571170.0,279.153094463
2023-02-01,Columbia,2023,2,Feb,6,24.0,6.0,9.0,4.0,38.0,0.125,0.0,0.9203411906,205950.0,254925.0,118.330623253
2023-02-01,Cowlitz,2023,2,Feb,94,229.0,85.0,114.0,2.4,54.0,0.2183406114,0.2446808511,0.9889417567,402000.0,399900.0,229.841008725
2023-02-01,Douglas,2023,2,Feb,22,62.0,22.0,22.0,2.8,87.0,0.2258064516,0.2727272727,0.9953406847,418450.0,475125.0,291.685056713
2023-02-01,Ferry,2023,2,Feb,3,29.0,9.0,2.0,9.7,86.0,0.03448275862,0.0,0.9394316731,140000.0,350000.0,116.666666667
2023-02-01,Franklin,2023,2,Feb,48,195.0,73.0,64.0,4.1,76.0,0.1538461538,0.2291666667,0.9945077749,395000.0,419468.0,272.979749737
2023-02-01,Garfield,2023,2,Feb,2,5.0,4.0,3.0,2.5,207.0,,0.0,0.9815390307,287500.0,255000.0,152.81124498
2023-02-01,Grant,2023,2,Feb,42,176.0,42.0,60.0,4.2,64.0,0.1420454545,0.07142857143,0.9757959047,325773.0,328950.0,206.716746915
2023-02-01,Grays Harbor,2023,2,Feb,84,257.0,105.0,129.0,3.1,74.0,0.233463035,0.1071428571,0.9659780089,329450.0,340000.0,243.803071364
2023-02-01,Island,2023,2,Feb,75,143.0,94.0,99.0,1.9,65.0,0.2797202797,0.1866666667,0.982078601,540000.0,657500.0,326.494910941
2023-02-01,Jefferson,2023,2,Feb,18,53.0,23.0,33.0,2.9,29.0,0.2830188679,0.1111111111,0.9384910447,553595.5,715000.0,384.675775679
2023-02-01,King,2023,2,Feb,1565,2052.0,1721.0,1905.0,1.3,32.0,0.2685185185,0.2600638978,0.9926781259,734325.0,799000.0,466.226177913
2023-02-01,Kitsap,2023,2,Feb,244,385.0,225.0,304.0,1.6,45.0,0.2961038961,0.2909836066,0.9917758702,509950.0,539950.0,270.27027027
2023-02-01,Kittitas,2023,2,Feb,38,129.0,48.0,48.0,3.4,76.0,0.1860465116,0.1052631579,0.9779310476,547500.0,492450.0,286.09651144
2023-02-01,Klickitat,2023,2,Feb,17,55.0,12.0,14.0,3.2,69.0,0.1272727273,0.2352941176,0.9657893042,550000.0,462000.0,292.331055429
2023-02-01,Lewis,2023,2,Feb,57,179.0,79.0,90.0,3.1,75.0,0.2458100559,0.2456140351,0.9816688852,395000.0,420000.0,250.0
2023-02-01,Lincoln,2023,2,Feb,3,35.0,8.0,11.0,11.7,57.0,0.2285714286,0.0,0.8607022607,200000.0,244925.0,126.82462413
2023-02-01,Mason,2023,2,Feb,53,111.0,54.0,65.0,2.1,61.0,0.1891891892,0.2264150943,0.9881127556,395000.0,484975.0,271.551724138
2023-02-01,Okanogan,2023,2,Feb,13,94.0,14.0,16.0,7.2,118.0,0.1170212766,0.1538461538,0.9550528641,213000.0,591137.5,138.401559454
2023-02-01,Pacific,2023,2,Feb,19,93.0,39.0,35.0,4.9,70.0,0.09677419355,0.1052631579,0.9700497352,368000.0,350000.0,247.489239598
2023-02-01,Pend Oreille,2023,2,Feb,4,33.0,9.0,11.0,8.3,68.0,0.1515151515,0.25,0.9348572607,179000.0,389000.0,183.423913043
2023-02-01,Pierce,2023,2,Feb,763,1070.0,809.0,1043.0,1.4,48.0,0.2953271028,0.3106159895,0.9941402282,525000.0,539950.0,278.192681105
2023-02-01,San Juan,2023,2,Feb,17,47.0,7.0,17.0,2.8,93.0,0.170212766,0.05882352941,0.9542966903,700000.0,1190000.0,464.463840399
2023-02-01,Skagit,2023,2,Feb,94,153.0,87.0,124.0,1.6,35.0,0.2549019608,0.1808510638,0.984299738,525000.0,650000.0,304.974920942
2023-02-01,Skamania,2023,2,Feb,8,21.0,10.0,11.0,2.6,71.0,0.1428571429,0.0,0.9564349226,582500.0,615000.0,313.50425777
2023-02-01,Snohomish,2023,2,Feb,650,645.0,640.0,843.0,1.0,34.0,0.2341085271,0.2584615385,0.9931069512,675000.0,699925.0,378.082422048
2023-02-01,Spokane,2023,2,Feb,340,685.0,405.0,458.0,2.0,55.0,0.2452554745,0.2529411765,0.9874666102,387000.0,439000.0,203.883495146
2023-02-01,Stevens,2023,2,Feb,30,102.0,32.0,28.0,3.4,48.0,0.09803921569,0.1,0.9516984896,285000.0,482000.0,166.491412548
2023-02-01,Thurston,2023,2,Feb,234,326.0,220.0,313.0,1.4,50.0,0.273006135,0.2692307692,0.9930049474,475858.0,499250.0,270.577899198
2023-02-01,Wahkiakum,2023,2,Feb,4,12.0,3.0,5.0,3.0,69.0,0.08333333333,0.0,0.9754660694,425000.0,425000.0,317.899101589
2023-02-01,Walla Walla,2023,2,Feb,24,101.0,48.0,49.0,4.2,36.0,0.2178217822,0.2916666667,0.9827283988,386000.0,410525.0,224.635390726
2023-02-01,Whatcom,2023,2,Feb,141,392.0,215.0,211.0,2.8,61.0,0.137755102,0.1843971631,0.9854242752,585000.0,598000.0,347.222222222
2023-02-01,Whitman,2023,2,Feb,21,91.0,32.0,37.0,4.3,26.0,0.2307692308,0.2380952381,0.9895980236,324000.0,399500.0,215.801886792
2023-02-01,Yakima,2023,2,Feb,77,274.0,122.0,119.0,3.6,90.0,0.1861313869,0.1948051948,0.991017913,368701.0,338500.0,206.808781419
2023-03-01,Adams,2023,3,Mar,7,47.0,14.0,13.0,6.7,22.0,0.1489361702,0.2857142857,0.9837133349,261800.0,318500.0,157.114624506
2023-03-01,Asotin,2023,3,Mar,22,50.0,23.0,28.0,2.3,70.0,0.26,0.1363636364,0.9647291977,363750.0,342900.0,168.426120448
2023-03-01,Benton,2023,3,Mar,210,636.0,259.0,264.0,3.0,49.0,0.1933962264,0.2714285714,0.9926839451,434600.0,432500.0,233.639197586
2023-03-01,Chelan,2023,3,Mar,59,170.0,114.0,81.0,2.9,51.0,0.2058823529,0.2033898305,0.9876752765,490000.0,550000.0,290.628706999
2023-03-01,Clallam,2023,3,Mar,91,148.0,80.0,141.0,1.6,48.0,0.1689189189,0.1758241758,0.9822310835,458750.0,525250.0,286.355475763
2023-03-01,Clark,2023,3,Mar,500,799.0,630.0,591.0,1.6,32.0,0.2377972466,0.322,0.9974415902,518400.0,531950.0,283.943200437
2023-03-01,Columbia,2023,3,Mar,6,15.0,3.0,11.0,2.5,51.0,0.4666666667,0.0,0.9438591407,347500.0,194900.0,177.529648569
2023-03-01,Cowlitz,2023,3,Mar,105,187.0,111.0,126.0,1.8,33.0,0.320855615,0.3333333333,0.9955253896,405000.0,440000.0,245.543859649
2023-03-01,Douglas,2023,3,Mar,28,68.0,50.0,46.0,2.4,20.0,0.2352941176,0.1785714286,0.9911720601,449500.0,497200.0,267.63117284
2023-03-01,Ferry,2023,3,Mar,6,24.0,5.0,7.0,4.0,74.0,0.08333333333,0.1666666667,0.994348821,312500.0,450000.0,152.460753532
2023-03-01,Franklin,2023,3,Mar,75,201.0,92.0,78.0,2.7,58.0,0.1343283582,0.24,0.9961270889,384063.0,439000.0,244.215938303
2023-03-01,Garfield,2023,3,Mar,4,6.0,2.0,1.0,1.5,8.0,0.1666666667,0.0,0.95658867,244500.0,287500.0,105.33813346
2023-03-01,Grant,2023,3,Mar,62,194.0,114.0,86.0,3.1,73.0,0.1804123711,0.1935483871,0.9831669469,325500.0,349900.0,222.156494177
2023-03-01,Grays Harbor,2023,3,Mar,117,268.0,132.0,132.0,2.3,47.0,0.2611940299,0.1794871795,0.9840998749,348000.0,389900.0,244.680851064
2023-03-01,Island,2023,3,Mar,106,164.0,133.0,119.0,1.5,25.0,0.256097561,0.2358490566,0.9953574604,638250.0,625000.0,329.815367677
2023-03-01,Jefferson,2023,3,Mar,30,58.0,33.0,32.0,1.9,40.0,0.3103448276,0.1333333333,0.9247404486,624691.0,615000.0,325.725705984
2023-03-01,King,2023,3,Mar,2072,2470.0,2767.0,2306.0,1.2,12.0,0.2668016194,0.3272200772,1.00108071,765000.0,832000.0,478.950296736
2023-03-01,Kitsap,2023,3,Mar,293,444.0,398.0,357.0,1.5,22.0,0.3018018018,0.3105802048,0.9962131295,520000.0,554972.5,274.078478002
2023-03-01,Kittitas,2023,3,Mar,67,138.0,79.0,69.0,2.1,46.0,0.1956521739,0.1343283582,0.9831083503,591975.0,609995.0,271.967671707
2023-03-01,Klickitat,2023,3,Mar,10,55.0,15.0,14.0,5.5,100.0,0.1636363636,0.2,0.9184738109,507500.0,499000.0,242.401859346
2023-03-01,Lewis,2023,3,Mar,93,185.0,89.0,86.0,2.0,62.0,0.2918918919,0.2150537634,0.9885667511,380000.0,429650.0,253.804310618
2023-03-01,Lincoln,2023,3,Mar,6,41.0,13.0,8.0,6.8,139.0,0.1463414634,0.1666666667,0.9662490567,235500.0,425000.0,158.719880728
2023-03-01,Mason,2023,3,Mar,68,120.0,84.0,77.0,1.8,34.0,0.2916666667,0.3235294118,0.9825686627,436000.0,442500.0,257.909215956
2023-03-01,Okanogan,2023,3,Mar,20,95.0,36.0,32.0,4.8,73.0,0.1473684211,0.1,0.9591287894,402000.0,404750.0,229.561781609
2023-03-01,Pacific,2023,3,Mar,33,111.0,54.0,36.0,3.4,110.0,0.1711711712,0.2121212121,0.9695937423,321100.0,377500.0,271.777003484
2023-03-01,Pend Oreille,2023,3,Mar,14,40.0,19.0,11.0,2.9,110.0,0.075,0.2142857143,0.966747286,320000.0,420000.0,213.634506833
2023-03-01,Pierce,2023,3,Mar,1041,1079.0,1089.0,1174.0,1.0,22.0,0.2882298424,0.3823246878,0.9997470427,530000.0,539999.0,288.722826087
2023-03-01,San Juan,2023,3,Mar,17,64.0,42.0,26.0,3.8,118.0,0.203125,0.05882352941,0.9747253931,907600.0,900000.0,579.710144928
2023-03-01,Skagit,2023,3,Mar,111,163.0,132.0,124.0,1.5,24.0,0.3006134969,0.3153153153,0.9970385126,561000.0,572472.5,327.62490242
2023-03-01,Skamania,2023,3,Mar,9,25.0,14.0,11.0,2.8,16.0,0.04,0.1111111111,0.9650381112,655000.0,665950.0,374.493927126
2023-03-01,Snohomish,2023,3,Mar,833,745.0,924.0,846.0,0.9,17.0,0.2604026846,0.3457382953,1.0000569,684950.0,699997.0,371.539940828
2023-03-01,Spokane,2023,3,Mar,531,811.0,673.0,580.0,1.5,24.0,0.2083847102,0.3201506591,0.993127988,409995.0,449000.0,208.323218573
2023-03-01,Stevens,2023,3,Mar,26,113.0,56.0,45.0,4.3,96.0,0.1150442478,0.07692307692,0.9570485955,403000.0,455000.0,192.116013072
2023-03-01,Thurston,2023,3,Mar,312,327.0,370.0,387.0,1.0,23.0,0.2691131498,0.3397435897,0.9996394296,499990.0,499950.0,270.268862646
2023-03-01,Wahkiakum,2023,3,Mar,10,18.0,9.0,4.0,1.8,76.0,0.2222222222,0.1,0.9770997818,425000.0,499000.0,231.223074272
2023-03-01,Walla Walla,2023,3,Mar,61,97.0,70.0,81.0,1.6,60.0,0.2989690722,0.1967213115,0.9633484539,444700.0,449276.5,225.031605563
2023-03-01,Whatcom,2023,3,Mar,226,405.0,286.0,259.0,1.8,21.0,0.187654321,0.2787610619,0.9934535576,579500.0,601475.0,337.40954821
2023-03-01,Whitman,2023,3,Mar,39,88.0,42.0,46.0,2.3,37.0,0.2045454545,0.1794871795,0.9847612889,329900.0,413500.0,187.785388128
2023-03-01,Yakima,2023,3,Mar,125,270.0,158.0,168.0,2.2,39.0,0.2148148148,0.288,0.9907074444,335000.0,357000.0,211.86440678
2023-04-01,Adams,2023,4,Apr,16,45.0,14.0,18.0,2.8,32.0,0.1777777778,0.25,0.9942249855,326375.0,400000.0,234.069964376
2023-04-01,Asotin,2023,4,Apr,23,48.0,27.0,28.0,2.1,53.0,0.1666666667,0.1739130435,0.9839697879,349900.0,290000.0,219.387755102
2023-04-01,Benton,2023,4,Apr,191,679.0,281.0,232.0,3.6,46.0,0.1620029455,0.277486911,0.9925850916,435000.0,449900.0,236.055090999
2023-04-01,Chelan,2023,4,Apr,53,180.0,92.0,80.0,3.4,17.0,0.2666666667,0.358490566,0.9972699403,530000.0,624250.0,296.918767507
2023-04-01,Clallam,2023,4,Apr,79,174.0,154.0,129.0,2.2,28.0,0.1379310345,0.253164557,0.9875901413,463823.0,547000.0,275.675675676
2023-04-01,Clark,2023,4,Apr,494,794.0,598.0,610.0,1.6,15.0,0.185138539,0.3299595142,0.9998137046,535000.0,549450.0,289.302625554
2023-04-01,Columbia,2023,4,Apr,4,15.0,3.0,2.0,3.8,95.0,0.1333333333,0.25,0.9688455548,257500.0,295000.0,167.225950783
2023-04-01,Cowlitz,2023,4,Apr,96,187.0,104.0,116.0,1.9,16.0,0.2299465241,0.5,1.00113831,383750.0,428450.0,256.464982069
2023-04-01,Douglas,2023,4,Apr,30,68.0,34.0,39.0,2.3,21.0,0.2941176471,0.3333333333,0.999268971,470000.0,494950.0,289.379431206
2023-04-01,Ferry,2023,4,Apr,9,31.0,14.0,28.0,3.4,43.0,0.09677419355,0.0,0.9278338048,350000.0,330000.0,165.71969697
2023-04-01,Franklin,2023,4,Apr,57,226.0,87.0,77.0,4.0,41.0,0.1637168142,0.2280701754,0.9967484513,440000.0,415000.0,244.006849315
2023-04-01,Garfield,2023,4,Apr,1,4.0,2.0,6.0,4.0,26.0,,1.0,1.022727273,225000.0,265000.0,166.420118343
2023-04-01,Grant,2023,4,Apr,57,233.0,116.0,71.0,4.1,34.0,0.1502145923,0.3684210526,0.982268792,312000.0,375000.0,228.077074322
2023-04-01,Grays Harbor,2023,4,Apr,89,285.0,141.0,135.0,3.2,46.0,0.2280701754,0.1685393258,0.977980443,375000.0,389900.0,256.227758007
2023-04-01,Island,2023,4,Apr,98,170.0,135.0,131.0,1.7,13.0,0.2705882353,0.306122449,0.9963493827,556500.0,589000.0,328.326455296
2023-04-01,Jefferson,2023,4,Apr,28,60.0,54.0,56.0,2.1,13.0,0.35,0.3571428571,1.008132409,629900.0,585000.0,340.149965917
2023-04-01,King,2023,4,Apr,1993,2559.0,2461.0,2386.0,1.3,7.0,0.2192262603,0.3958855996,1.010698533,799950.0,800000.0,489.30848017
2023-04-01,Kitsap,2023,4,Apr,246,416.0,330.0,372.0,1.7,12.0,0.25,0.3414634146,1.000763402,525000.0,564950.0,280.303030303
2023-04-01,Kittitas,2023,4,Apr,46,164.0,86.0,60.0,3.6,11.0,0.1890243902,0.2826086957,0.9923621074,509270.0,602447.5,295.384871152
2023-04-01,Klickitat,2023,4,Apr,7,55.0,19.0,19.0,7.9,14.0,0.2909090909,0.1428571429,0.970021977,382000.0,595000.0,298.688683827
2023-04-01,Lewis,2023,4,Apr,65,163.0,69.0,92.0,2.5,22.0,0.282208589,0.3538461538,1.004425369,415000.0,445500.0,253.142857143
2023-04-01,Lincoln,2023,4,Apr,11,44.0,16.0,15.0,4.0,166.0,0.1590909091,0.09090909091,0.9495835737,215000.0,259500.0,128.205128205
2023-04-01,Mason,2023,4,Apr,58,126.0,84.0,82.0,2.2,21.0,0.2777777778,0.3620689655,0.988934712,432000.0,489725.0,276.924036236
2023-04-01,Okanogan,2023,4,Apr,20,119.0,47.0,26.0,6.0,72.0,0.0756302521,0.0,0.9687820609,224750.0,445000.0,142.85637051
2023-04-01,Pacific,2023,4,Apr,31,136.0,62.0,42.0,4.4,60.0,0.1838235294,0.06451612903,0.9528042949,360000.0,399500.0,258.620689655
2023-04-01,Pend Oreille,2023,4,Apr,16,43.0,18.0,25.0,2.7,61.0,0.2325581395,0.25,0.9537634187,328000.0,572000.0,174.822837755
2023-04-01,Pierce,2023,4,Apr,887,989.0,956.0,1095.0,1.1,11.0,0.2305358948,0.4306651635,1.004969045,525000.0,550000.0,292.576419214
2023-04-01,San Juan,2023,4,Apr,18,84.0,47.0,26.0,4.7,106.0,0.09523809524,0.1111111111,0.958887271,897500.0,1295000.0,440.889485844
2023-04-01,Skagit,2023,4,Apr,109,184.0,143.0,130.0,1.7,18.0,0.2608695652,0.2935779817,0.996836106,544500.0,579950.0,315.422885572
2023-04-01,Skamania,2023,4,Apr,8,23.0,13.0,16.0,2.9,70.0,0.1739130435,0.0,0.9626288316,521500.0,587000.0,337.760416667
2023-04-01,Snohomish,2023,4,Apr,743,712.0,856.0,896.0,1.0,7.0,0.231741573,0.4145356662,1.006481938,695000.0,711225.0,384.559550562
2023-04-01,Spokane,2023,4,Apr,495,899.0,711.0,664.0,1.8,15.0,0.2736373749,0.3393939394,0.998239517,426500.0,449900.0,216.902497784
2023-04-01,Stevens,2023,4,Apr,40,142.0,66.0,134.0,3.6,38.0,0.0985915493,0.125,0.9540268983,322500.0,434750.0,231.505050107
2023-04-01,Thurston,2023,4,Apr,291,331.0,344.0,349.0,1.1,8.0,0.1873111782,0.439862543,1.004406616,500000.0,521250.0,270.546943551
2023-04-01,Walla Walla,2023,4,Apr,42,108.0,55.0,50.0,2.6,30.0,0.2037037037,0.3095238095,0.9854787397,380000.0,450000.0,236.29489603
2023-04-01,Whatcom,2023,4,Apr,221,408.0,259.0,251.0,1.8,17.0,0.25,0.2805429864,0.9941484136,599000.0,639000.0,344.129554656
2023-04-01,Whitman,2023,4,Apr,34,95.0,52.0,40.0,2.8,51.0,0.2736842105,0.2941176471,0.9957756037,383500.0,401000.0,196.695975762
2023-04-01,Yakima,2023,4,Apr,118,292.0,161.0,127.0,2.5,34.0,0.2226027397,0.2881355932,0.9907118772,359915.0,368500.0,219.921038544
2023-05-01,Adams,2023,5,May,13,45.0,15.0,14.0,3.5,173.0,0.3111111111,0.07692307692,0.975247025,270000.0,325000.0,198.412698413
2023-05-01,Asotin,2023,5,May,24,59.0,31.0,24.0,2.5,36.0,0.2711864407,0.04166666667,0.9764818604,339950.0,475000.0,214.930454721
2023-05-01,Benton,2023,5,May,217,702.0,292.0,256.0,3.2,44.0,0.198005698,0.2580645161,0.9974400816,429900.0,449950.0,239.948119326
2023-05-01,Chelan,2023,5,May,85,213.0,143.0,104.0,2.5,12.0,0.2816901408,0.2823529412,0.9986396392,550000.0,617350.0,300.343249428
2023-05-01,Clallam,2023,5,May,119,202.0,138.0,113.0,1.7,25.0,0.2574257426,0.3109243697,0.9978967324,528158.0,575000.0,284.756974403
2023-05-01,Clark,2023,5,May,553,955.0,792.0,644.0,1.7,11.0,0.2628272251,0.3996383363,1.003964621,546250.0,578500.0,291.077354706
2023-05-01,Columbia,2023,5,May,11,14.0,6.0,10.0,1.3,48.0,0.1428571429,0.0,0.9175791045,180000.0,133250.0,117.252931323
2023-05-01,Cowlitz,2023,5,May,110,209.0,158.0,140.0,1.9,14.0,0.3014354067,0.3636363636,1.000118824,417575.0,429500.0,253.27270076
2023-05-01,Douglas,2023,5,May,33,76.0,43.0,35.0,2.3,11.0,0.2368421053,0.303030303,0.9883042506,510000.0,625000.0,274.038461538
2023-05-01,Ferry,2023,5,May,8,30.0,14.0,8.0,3.8,117.0,0.2333333333,0.25,0.9982028894,205000.0,314450.0,173.365955473
2023-05-01,Franklin,2023,5,May,66,234.0,100.0,83.0,3.5,44.0,0.1709401709,0.303030303,0.998507254,390000.0,438650.0,243.324450816
2023-05-01,Garfield,2023,5,May,4,6.0,3.0,1.0,1.5,38.0,,0.0,0.9563496143,315000.0,395000.0,129.16040987
2023-05-01,Grant,2023,5,May,82,255.0,122.0,95.0,3.1,30.0,0.1882352941,0.243902439,0.9879250424,326750.0,350000.0,222.76529479
2023-05-01,Grays Harbor,2023,5,May,112,314.0,160.0,144.0,2.8,28.0,0.3280254777,0.2321428571,0.9907087406,375000.0,381500.0,245.575363006
2023-05-01,Island,2023,5,May,124,189.0,161.0,146.0,1.5,8.0,0.417989418,0.3629032258,1.005174383,562437.5,640000.0,340.934252512
2023-05-01,Jefferson,2023,5,May,56,93.0,86.0,57.0,1.7,19.0,0.2150537634,0.2321428571,0.9815108458,637162.5,699995.0,358.405172414
2023-05-01,King,2023,5,May,2360,2680.0,2866.0,2672.0,1.1,6.0,0.2940298507,0.4453389831,1.014727433,835000.0,835000.0,502.170274912
2023-05-01,Kitsap,2023,5,May,358,460.0,425.0,409.0,1.3,13.0,0.2913043478,0.4134078212,1.005470028,543037.5,580000.0,283.723099465
2023-05-01,Kittitas,2023,5,May,67,219.0,131.0,79.0,3.3,25.0,0.2146118721,0.223880597,0.9919800577,605000.0,679900.0,316.808675445
2023-05-01,Klickitat,2023,5,May,17,71.0,39.0,28.0,4.2,95.0,0.2112676056,0.1764705882,0.9614245383,422000.0,569000.0,282.608695652
2023-05-01,Lewis,2023,5,May,86,172.0,98.0,99.0,2.0,32.0,0.4186046512,0.2674418605,0.9950772927,398750.0,440000.0,250.769462941
2023-05-01,Lincoln,2023,5,May,11,52.0,24.0,19.0,4.7,12.0,0.2884615385,0.3636363636,0.9723816928,284000.0,352000.0,148.129374849
2023-05-01,Mason,2023,5,May,75,157.0,134.0,108.0,2.1,15.0,0.2675159236,0.3733333333,1.004222489,463000.0,475000.0,289.079229122
2023-05-01,Okanogan,2023,5,May,25,152.0,78.0,48.0,6.1,79.0,0.2302631579,0.2,0.9539051009,369000.0,440500.0,181.09540636
2023-05-01,Pacific,2023,5,May,32,145.0,51.0,36.0,4.5,16.0,0.2551724138,0.125,0.955116275,417500.0,389000.0,285.091174344
2023-05-01,Pend Oreille,2023,5,May,14,57.0,29.0,17.0,4.1,28.0,0.2105263158,0.2142857143,0.9569200868,392000.0,560000.0,212.264150943
2023-05-01,Pierce,2023,5,May,983,1105.0,1275.0,1236.0,1.1,8.0,0.2995475113,0.479145473,1.008358533,545000.0,559070.0,295.797413793
2023-05-01,San Juan,2023,5,May,23,105.0,47.0,26.0,4.6,15.0,0.1333333333,0.1739130435,0.9757985404,880000.0,1200000.0,615.079365079
2023-05-01,Skagit,2023,5,May,135,215.0,187.0,163.0,1.6,10.0,0.3069767442,0.3703703704,0.9949979188,605500.0,580000.0,327.751196172
2023-05-01,Skamania,2023,5,May,14,35.0,25.0,14.0,2.5,38.0,0.2,0.1428571429,1.00356717,552500.0,640000.0,334.286010657
2023-05-01,Snohomish,2023,5,May,896,789.0,1060.0,1017.0,0.9,7.0,0.288973384,0.4665178571,1.012542525,722000.0,734997.5,391.520175789
2023-05-01,Spokane,2023,5,May,643,1014.0,802.0,694.0,1.6,9.0,0.3520710059,0.3825816485,1.003529274,429000.0,449999.0,218.570552393
2023-05-01,Stevens,2023,5,May,56,190.0,120.0,72.0,3.4,42.0,0.2421052632,0.1071428571,0.9695707241,357250.0,427000.0,219.971234676
2023-05-01,Thurston,2023,5,May,333,374.0,449.0,423.0,1.1,8.0,0.2914438503,0.4984984985,1.010820867,500000.0,520000.0,275.016567263
2023-05-01,Wahkiakum,2023,5,May,6,23.0,14.0,4.0,3.8,31.0,0.1304347826,0.3333333333,0.9603971041,515000.0,567450.0,273.711300247
2023-05-01,Walla Walla,2023,5,May,63,117.0,82.0,72.0,1.9,24.0,0.3162393162,0.3015873016,0.9942070921,422000.0,493250.0,246.124031008
2023-05-01,Whatcom,2023,5,May,249,494.0,385.0,302.0,2.0,12.0,0.2530364372,0.3092369478,1.002257264,575000.0,619000.0,354.166666667
2023-05-01,Whitman,2023,5,May,42,114.0,67.0,45.0,2.7,42.0,0.2456140351,0.1904761905,0.9815293173,363500.0,417000.0,202.711557754
2023-05-01,Yakima,2023,5,May,136,318.0,190.0,162.0,2.3,26.0,0.2169811321,0.3161764706,0.9993184262,365000.0,379995.0,213.45937489
2023-06-01,Adams,2023,6,Jun,22,42.0,20.0,22.0,1.9,35.0,0.3333333333,0.2727272727,0.9842862175,371250.0,344500.0,231.155220326
2023-06-01,Asotin,2023,6,Jun,20,66.0,30.0,25.0,3.3,10.0,0.2878787879,0.25,0.9884096939,374750.0,367000.0,217.269351935
2023-06-01,Benton,2023,6,Jun,264,748.0,338.0,268.0,2.8,46.0,0.2232620321,0.3068181818,0.9939807409,442000.0,439900.0,241.576605213
2023-06-01,Chelan,2023,6,Jun,99,265.0,152.0,98.0,2.7,13.0,0.3018867925,0.2727272727,0.9924487976,580800.0,670000.0,320.512820513
2023-06-01,Clallam,2023,6,Jun,98,205.0,113.0,105.0,2.1,16.0,0.3268292683,0.3367346939,0.9942030893,500000.0,549800.0,305.738476011
2023-06-01,Clark,2023,6,Jun,567,1094.0,787.0,667.0,1.9,8.0,0.2861060329,0.405643739,1.003950755,555000.0,565000.0,296.539792388
2023-06-01,Columbia,2023,6,Jun,5,19.0,8.0,2.0,3.8,18.0,0.1052631579,0.2,0.9974514724,325000.0,279000.0,187.319884726
2023-06-01,Cowlitz,2023,6,Jun,118,244.0,147.0,124.0,2.1,9.0,0.3114754098,0.3728813559,0.9993997796,387000.0,410000.0,255.730402404
2023-06-01,Douglas,2023,6,Jun,42,84.0,61.0,58.0,2.0,31.0,0.2619047619,0.2380952381,0.9894991808,517000.0,474900.0,287.456174759
2023-06-01,Ferry,2023,6,Jun,9,42.0,16.0,7.0,4.7,15.0,0.1666666667,0.0,0.9769621368,330000.0,299900.0,184.895833333
2023-06-01,Franklin,2023,6,Jun,76,227.0,73.0,80.0,3.0,41.0,0.1850220264,0.3157894737,0.9975823091,410550.0,429990.0,263.26599516
2023-06-01,Garfield,2023,6,Jun,2,7.0,3.0,2.0,3.5,1490.0,0.4285714286,0.5,0.9967611336,327000.0,250000.0,159.470023901
2023-06-01,Grant,2023,6,Jun,89,269.0,97.0,80.0,3.0,28.0,0.2379182156,0.202247191,0.988240812,355000.0,352000.0,226.107502245
2023-06-01,Grays Harbor,2023,6,Jun,104,366.0,180.0,134.0,3.5,17.0,0.3169398907,0.2884615385,0.9876152488,351750.0,398950.0,244.723360656
2023-06-01,Island,2023,6,Jun,134,229.0,174.0,146.0,1.7,10.0,0.2969432314,0.3432835821,1.001291845,577500.0,673000.0,329.551942902
2023-06-01,Jefferson,2023,6,Jun,48,123.0,72.0,44.0,2.6,12.0,0.2032520325,0.2708333333,0.9826800105,641095.5,649495.0,383.912841567
2023-06-01,King,2023,6,Jun,2506,2948.0,2936.0,2542.0,1.2,7.0,0.328697422,0.4201915403,1.01230044,825000.0,849950.0,500.0
2023-06-01,Kitsap,2023,6,Jun,408,548.0,469.0,396.0,1.3,10.0,0.3193430657,0.4240196078,1.009857165,553313.5,565000.0,292.523913707
2023-06-01,Kittitas,2023,6,Jun,64,275.0,123.0,76.0,4.3,15.0,0.2909090909,0.203125,0.9892113413,570750.0,629900.0,296.989832304
2023-06-01,Klickitat,2023,6,Jun,21,77.0,30.0,29.0,3.7,37.0,0.3896103896,0.1904761905,0.98293301,687500.0,567500.0,349.347014925
2023-06-01,Lewis,2023,6,Jun,84,202.0,118.0,90.0,2.4,37.0,0.3217821782,0.3214285714,0.9938771618,420000.0,447000.0,252.259430666
2023-06-01,Lincoln,2023,6,Jun,13,61.0,23.0,14.0,4.7,19.0,0.1803278689,0.5384615385,0.9963884966,243000.0,479900.0,147.867950481
2023-06-01,Mason,2023,6,Jun,87,195.0,128.0,95.0,2.2,11.0,0.3692307692,0.4022988506,0.9932210094,432500.0,442500.0,295.497885269
2023-06-01,Okanogan,2023,6,Jun,42,164.0,70.0,52.0,3.9,17.0,0.237804878,0.2619047619,0.9892006645,540000.0,462500.0,270.804748745
2023-06-01,Pacific,2023,6,Jun,38,154.0,62.0,44.0,4.1,22.0,0.2987012987,0.2894736842,0.9769850158,313250.0,354500.0,233.442287375
2023-06-01,Pend Oreille,2023,6,Jun,12,66.0,34.0,24.0,5.5,14.0,0.3636363636,0.5833333333,1.012635768,457500.0,409450.0,318.187203988
2023-06-01,Pierce,2023,6,Jun,1066,1385.0,1328.0,1117.0,1.3,7.0,0.3537906137,0.521575985,1.014730607,545000.0,549950.0,299.564270153
2023-06-01,San Juan,2023,6,Jun,18,123.0,41.0,27.0,6.8,37.0,0.1951219512,0.1666666667,0.9993669186,750000.0,1300000.0,515.068389632
2023-06-01,Skagit,2023,6,Jun,148,214.0,149.0,155.0,1.4,9.0,0.3644859813,0.3648648649,1.002123783,560000.0,575000.0,333.101931039
2023-06-01,Skamania,2023,6,Jun,14,53.0,22.0,3.0,3.8,8.0,0.2452830189,0.4285714286,0.9958102086,573750.0,654000.0,376.625
2023-06-01,Snohomish,2023,6,Jun,914,926.0,1088.0,953.0,1.0,6.0,0.3423326134,0.4737417943,1.013188311,745000.0,749000.0,393.734041819
2023-06-01,Spokane,2023,6,Jun,695,1245.0,854.0,625.0,1.8,11.0,0.3333333333,0.3769784173,1.003797632,435000.0,450000.0,217.982360923
2023-06-01,Stevens,2023,6,Jun,66,220.0,101.0,72.0,3.3,29.0,0.3181818182,0.2121212121,0.9798693251,365000.0,422500.0,215.551948052
2023-06-01,Thurston,2023,6,Jun,396,468.0,485.0,408.0,1.2,6.0,0.3034188034,0.5075757576,1.010828419,520000.0,519000.0,274.628704027
2023-06-01,Wahkiakum,2023,6,Jun,6,26.0,9.0,9.0,4.3,34.0,0.3846153846,0.1666666667,0.9901943992,482500.0,450000.0,177.69469526
2023-06-01,Walla Walla,2023,6,Jun,66,122.0,58.0,43.0,1.8,18.0,0.4180327869,0.3181818182,0.9861940529,456000.0,493500.0,228.022153051
2023-06-01,Whatcom,2023,6,Jun,288,526.0,347.0,310.0,1.8,9.0,0.3346007605,0.3333333333,0.9991684657,605000.0,603000.0,343.757243325
2023-06-01,Whitman,2023,6,Jun,48,127.0,52.0,43.0,2.6,29.0,0.1968503937,0.1875,0.9810975813,410000.0,395000.0,206.666666667
2023-06-01,Yakima,2023,6,Jun,145,358.0,212.0,177.0,2.5,19.0,0.2737430168,0.3103448276,0.9980100525,364000.0,362250.0,223.116313094
2023-07-01,Adams,2023,7,Jul,12,36.0,14.0,16.0,3.0,56.0,0.25,0.08333333333,0.9580679117,312500.0,336500.0,237.224025974
2023-07-01,Asotin,2023,7,Jul,18,81.0,42.0,22.0,4.5,41.0,0.3086419753,0.4444444444,0.991750643,321700.0,322950.0,224.044438196
2023-07-01,Benton,2023,7,Jul,226,767.0,274.0,261.0,3.4,43.0,0.2177314211,0.2123893805,0.9945829111,425000.0,470955.0,236.650485437
2023-07-01,Chelan,2023,7,Jul,74,270.0,108.0,101.0,3.6,12.0,0.3592592593,0.2432432432,0.9928963471,577500.0,599475.0,344.971367215
2023-07-01,Clallam,2023,7,Jul,89,205.0,103.0,106.0,2.3,24.0,0.3268292683,0.1797752809,0.988528455,511750.0,540900.0,300.162400138
2023-07-01,Clark,2023,7,Jul,573,1152.0,702.0,635.0,2.0,14.0,0.3081597222,0.3438045375,1.000967826,559340.0,569995.0,298.454775993
2023-07-01,Columbia,2023,7,Jul,3,19.0,9.0,6.0,6.3,33.0,0.05263157895,0.0,0.9477602662,215000.0,248500.0,505.882352941
2023-07-01,Cowlitz,2023,7,Jul,98,247.0,143.0,140.0,2.5,22.0,0.3522267206,0.4489795918,0.9991894367,424950.0,439900.0,244.088715779
2023-07-01,Douglas,2023,7,Jul,29,79.0,43.0,51.0,2.7,8.0,0.2784810127,0.2068965517,0.9945428269,504000.0,525000.0,297.442799462
2023-07-01,Ferry,2023,7,Jul,6,45.0,10.0,7.0,7.5,138.0,0.2,0.0,0.9971269267,470000.0,397000.0,234.47606727
2023-07-01,Franklin,2023,7,Jul,80,233.0,91.0,88.0,2.9,60.0,0.1545064378,0.2,0.9949556527,440840.0,419000.0,251.196186622
2023-07-01,Garfield,2023,7,Jul,1,8.0,3.0,1.0,8.0,25.0,0.375,0.0,1.0,399000.0,525000.0,298.429319372
2023-07-01,Grant,2023,7,Jul,79,292.0,111.0,71.0,3.7,21.0,0.2465753425,0.253164557,0.9953458976,355000.0,359000.0,225.871687587
2023-07-01,Grays Harbor,2023,7,Jul,109,391.0,170.0,139.0,3.6,37.0,0.3375959079,0.2568807339,0.986126224,369000.0,355838.5,248.015873016
2023-07-01,Island,2023,7,Jul,107,217.0,131.0,150.0,2.0,17.0,0.4055299539,0.308411215,0.995544573,645000.0,600000.0,325.089686099
2023-07-01,Jefferson,2023,7,Jul,41,114.0,51.0,62.0,2.8,14.0,0.3157894737,0.1219512195,0.9503356723,647191.0,759999.0,335.173501577
2023-07-01,King,2023,7,Jul,2190,3075.0,2541.0,2273.0,1.4,8.0,0.3014634146,0.3757990868,1.006707307,812475.0,824995.0,486.95218639
2023-07-01,Kitsap,2023,7,Jul,312,536.0,358.0,383.0,1.7,10.0,0.3320895522,0.3846153846,1.00634669,535112.5,575000.0,289.884704708
2023-07-01,Kittitas,2023,7,Jul,53,292.0,91.0,68.0,5.5,25.0,0.3732876712,0.2452830189,0.9829867783,460000.0,515000.0,322.580645161
2023-07-01,Klickitat,2023,7,Jul,30,77.0,27.0,24.0,2.6,9.0,0.3896103896,0.3,0.9851019793,653000.0,469900.0,314.293368494
2023-07-01,Lewis,2023,7,Jul,69,200.0,83.0,89.0,2.9,27.0,0.42,0.2753623188,0.9876660676,403000.0,455000.0,265.700483092
2023-07-01,Lincoln,2023,7,Jul,8,55.0,15.0,14.0,6.9,23.0,0.4181818182,0.125,0.9641006752,295000.0,274900.0,160.706204747
2023-07-01,Mason,2023,7,Jul,79,178.0,107.0,121.0,2.3,12.0,0.4438202247,0.4303797468,1.007699229,435000.0,495000.0,299.479166667
2023-07-01,Okanogan,2023,7,Jul,41,167.0,54.0,45.0,4.1,35.0,0.2874251497,0.243902439,0.964078668,369900.0,465000.0,189.931350114
2023-07-01,Pacific,2023,7,Jul,34,165.0,55.0,39.0,4.9,17.0,0.3818181818,0.08823529412,0.9727000167,362250.0,359900.0,301.433404558
2023-07-01,Pend Oreille,2023,7,Jul,21,69.0,28.0,22.0,3.3,33.0,0.3913043478,0.09523809524,0.9771998343,420000.0,422500.0,268.841628553
2023-07-01,Pierce,2023,7,Jul,958,1457.0,1105.0,1077.0,1.5,10.0,0.3761153054,0.4446764092,1.005356679,541997.5,550000.0,306.317023896
2023-07-01,San Juan,2023,7,Jul,24,121.0,33.0,33.0,5.0,43.0,0.2892561983,0.125,0.9727524566,862500.0,1150000.0,447.037701975
2023-07-01,Skagit,2023,7,Jul,138,230.0,159.0,147.0,1.7,14.0,0.2782608696,0.3260869565,0.9879269439,542000.0,620000.0,333.210454208
2023-07-01,Skamania,2023,7,Jul,5,50.0,13.0,17.0,10.0,11.0,0.32,0.2,0.9977512546,568000.0,595000.0,286.868686869
2023-07-01,Snohomish,2023,7,Jul,840,938.0,973.0,967.0,1.1,9.0,0.3326226013,0.4464285714,1.011822447,719500.0,715000.0,390.517979452
2023-07-01,Spokane,2023,7,Jul,574,1346.0,750.0,649.0,2.3,13.0,0.4026745914,0.3275261324,0.9971166826,437247.5,435000.0,212.831276374
2023-07-01,Stevens,2023,7,Jul,56,226.0,75.0,66.0,4.0,41.0,0.3362831858,0.1785714286,0.984584609,392500.0,415000.0,243.167064001
2023-07-01,Thurston,2023,7,Jul,348,466.0,360.0,388.0,1.3,9.0,0.3884120172,0.4540229885,1.009725999,512500.0,520000.0,285.554999949
2023-07-01,Wahkiakum,2023,7,Jul,4,23.0,7.0,7.0,5.8,29.0,0.5217391304,0.25,0.9731046307,605000.0,420000.0,250.621032569
2023-07-01,Walla Walla,2023,7,Jul,50,124.0,58.0,56.0,2.5,13.0,0.314516129,0.3,0.9847027363,414950.0,480000.0,244.46228187
2023-07-01,Whatcom,2023,7,Jul,250,555.0,345.0,312.0,2.2,14.0,0.2612612613,0.272,1.001909488,560000.0,619950.0,349.070876448
2023-07-01,Whitman,2023,7,Jul,36,122.0,34.0,40.0,3.4,27.0,0.2868852459,0.3055555556,0.9829088137,385000.0,354500.0,217.60719033
2023-07-01,Yakima,2023,7,Jul,154,347.0,171.0,175.0,2.3,17.0,0.2478386167,0.4025974026,0.9985319026,342795.0,375179.0,212.918480993
2023-08-01,Adams,2023,8,Aug,21,41.0,19.0,11.0,2.0,32.0,0.2682926829,0.1904761905,0.9831227232,300000.0,295000.0,189.459930314
2023-08-01,Asotin,2023,8,Aug,27,86.0,21.0,17.0,3.2,28.0,0.4651162791,0.1851851852,0.9841135909,339900.0,379000.0,199.827487062
2023-08-01,Benton,2023,8,Aug,256,771.0,289.0,380.0,3.0,47.0,0.2438391699,0.28125,1.001109765,446700.5,459000.0,243.531191824
2023-08-01,Chelan,2023,8,Aug,88,300.0,126.0,97.0,3.4,23.0,0.38,0.2045454545,0.9821581749,606250.0,599000.0,323.621998642
2023-08-01,Clallam,2023,8,Aug,98,222.0,109.0,88.0,2.3,29.0,0.3468468468,0.2755102041,0.9893347256,487500.0,525000.0,300.668151448
2023-08-01,Clark,2023,8,Aug,605,1173.0,644.0,604.0,1.9,15.0,0.3384484228,0.3355371901,1.001685532,548000.0,554425.0,294.887525562
2023-08-01,Columbia,2023,8,Aug,4,16.0,7.0,8.0,4.0,10.0,0.6875,0.25,0.9436591767,197250.0,299000.0,163.251904387
2023-08-01,Cowlitz,2023,8,Aug,124,269.0,142.0,130.0,2.2,21.0,0.3271375465,0.3790322581,0.9977389175,411500.0,421500.0,268.727810913
2023-08-01,Douglas,2023,8,Aug,45,85.0,40.0,31.0,1.9,22.0,0.4,0.3777777778,1.003265995,515000.0,539950.0,263.731473409
2023-08-01,Ferry,2023,8,Aug,3,50.0,14.0,4.0,16.7,49.0,0.28,0.3333333333,0.96750899,249000.0,249500.0,148.214285714
2023-08-01,Franklin,2023,8,Aug,86,256.0,110.0,114.0,3.0,42.0,0.25,0.2325581395,0.9916590527,418000.0,439425.0,245.535714286
2023-08-01,Garfield,2023,8,Aug,1,10.0,3.0,2.0,10.0,53.0,0.6,0.0,0.9367088608,370000.0,289000.0,134.057971014
2023-08-01,Grant,2023,8,Aug,68,287.0,104.0,88.0,4.2,32.0,0.2822299652,0.2794117647,0.9843823712,342000.0,407995.0,221.653750227
2023-08-01,Grays Harbor,2023,8,Aug,130,369.0,138.0,149.0,2.8,36.0,0.4092140921,0.2846153846,0.9838485296,349950.0,349450.0,227.502760397
2023-08-01,Island,2023,8,Aug,152,219.0,138.0,123.0,1.4,13.0,0.3744292237,0.2697368421,0.9909711848,659500.0,697000.0,342.491834684
2023-08-01,Jefferson,2023,8,Aug,50,114.0,47.0,44.0,2.3,22.0,0.4122807018,0.06,0.9482203557,647191.0,647000.0,352.718746973
2023-08-01,King,2023,8,Aug,2233,3134.0,2411.0,2232.0,1.4,8.0,0.3414167198,0.3640841917,1.003867829,835900.0,799000.0,506.289556962
2023-08-01,Kitsap,2023,8,Aug,357,566.0,393.0,376.0,1.6,15.0,0.4028268551,0.324929972,0.999160375,574950.0,559900.0,291.576673866
2023-08-01,Kittitas,2023,8,Aug,72,287.0,96.0,93.0,4.0,32.0,0.3763066202,0.2222222222,0.9824497586,516250.0,529975.0,324.482336483
2023-08-01,Klickitat,2023,8,Aug,19,87.0,31.0,17.0,4.6,41.0,0.3218390805,0.1578947368,0.9623323659,503000.0,554950.0,281.690140845
2023-08-01,Lewis,2023,8,Aug,72,218.0,110.0,85.0,3.0,32.0,0.3348623853,0.25,0.9853566119,422500.0,437400.0,280.625
2023-08-01,Lincoln,2023,8,Aug,13,54.0,12.0,8.0,4.2,57.0,0.3333333333,0.0,0.9877037318,465000.0,299000.0,200.001382969
2023-08-01,Mason,2023,8,Aug,101,191.0,117.0,95.0,1.9,19.0,0.3298429319,0.3663366337,1.001077051,445000.0,450000.0,296.803652968
2023-08-01,Okanogan,2023,8,Aug,40,184.0,53.0,40.0,4.6,25.0,0.2717391304,0.275,0.9851783571,477280.0,425000.0,241.659245008
2023-08-01,Pacific,2023,8,Aug,42,144.0,40.0,57.0,3.4,25.0,0.3333333333,0.119047619,0.968386525,349950.0,439000.0,303.313220265
2023-08-01,Pend Oreille,2023,8,Aug,25,69.0,26.0,24.0,2.8,15.0,0.4782608696,0.32,0.983018734,450000.0,350000.0,224.573372823
2023-08-01,Pierce,2023,8,Aug,1022,1587.0,1114.0,1014.0,1.6,12.0,0.3994959042,0.3894324853,1.00281406,547997.5,535000.0,304.615871798
2023-08-01,San Juan,2023,8,Aug,29,117.0,30.0,30.0,4.0,49.0,0.2051282051,0.1724137931,0.9771123674,880000.0,1165000.0,489.160644803
2023-08-01,Skagit,2023,8,Aug,137,229.0,155.0,152.0,1.7,16.0,0.384279476,0.2627737226,0.9916572418,590000.0,569950.0,330.275229358
2023-08-01,Skamania,2023,8,Aug,10,56.0,18.0,10.0,5.6,34.0,0.3035714286,0.1,0.9673813854,695000.0,609900.0,372.393908598
2023-08-01,Snohomish,2023,8,Aug,961,1020.0,992.0,870.0,1.1,9.0,0.3568627451,0.4401664932,1.006783246,700000.0,708984.5,393.852065322
2023-08-01,Spokane,2023,8,Aug,660,1374.0,714.0,633.0,2.1,20.0,0.4133915575,0.2909090909,0.9944088064,431250.0,425000.0,213.333333333
2023-08-01,Stevens,2023,8,Aug,67,221.0,74.0,72.0,3.3,37.0,0.407239819,0.1044776119,0.9590481357,380000.0,435000.0,219.879518072
2023-08-01,Thurston,2023,8,Aug,360,534.0,415.0,355.0,1.5,12.0,0.393258427,0.4222222222,1.005529269,526250.0,524950.0,284.151502857
2023-08-01,Wahkiakum,2023,8,Aug,9,15.0,2.0,11.0,1.7,78.0,0.6,0.0,0.977180594,315000.0,648250.0,255.430060817
2023-08-01,Walla Walla,2023,8,Aug,61,136.0,84.0,69.0,2.2,31.0,0.3970588235,0.1803278689,0.9884958661,410525.0,426250.0,254.558946867
2023-08-01,Whatcom,2023,8,Aug,303,565.0,331.0,300.0,1.9,15.0,0.3008849558,0.2772277228,0.9912855479,564000.0,629000.0,348.605577689
2023-08-01,Whitman,2023,8,Aug,36,118.0,39.0,47.0,3.3,55.0,0.3474576271,0.1111111111,0.9636609494,380750.0,385000.0,199.226804124
2023-08-01,Yakima,2023,8,Aug,162,392.0,198.0,194.0,2.4,27.0,0.2295918367,0.3024691358,0.9969224952,365000.0,389450.0,224.510838735
2023-09-01,Adams,2023,9,Sep,2,48.0,13.0,8.0,24.0,19.0,0.1666666667,0.0,0.947217488,189000.0,330000.0,101.505210343
2023-09-01,Asotin,2023,9,Sep,16,89.0,20.0,20.0,5.6,43.0,0.2696629213,0.0625,0.970773254,345000.0,359000.0,201.32975422
2023-09-01,Benton,2023,9,Sep,201,784.0,283.0,351.0,3.9,49.0,0.237244898,0.2587064677,0.992558347,435000.0,438834.5,248.385093168
2023-09-01,Chelan,2023,9,Sep,79,288.0,96.0,93.0,3.6,17.0,0.4270833333,0.253164557,0.9818954277,530000.0,604450.0,302.884615385
2023-09-01,Clallam,2023,9,Sep,102,209.0,99.0,135.0,2.0,29.0,0.3397129187,0.1666666667,0.9842541784,490000.0,535000.0,299.442896936
2023-09-01,Clark,2023,9,Sep,479,1252.0,577.0,459.0,2.6,18.0,0.3019169329,0.2818371608,0.9941530541,529900.0,550000.0,295.138888889
2023-09-01,Columbia,2023,9,Sep,9,19.0,8.0,7.0,2.1,40.0,0.4210526316,0.0,0.9826236532,295000.0,275000.0,158.088235294
2023-09-01,Cowlitz,2023,9,Sep,96,286.0,134.0,115.0,3.0,23.0,0.3811188811,0.3229166667,0.986105292,390000.0,394950.0,243.801229508
2023-09-01,Douglas,2023,9,Sep,35,92.0,38.0,32.0,2.6,20.0,0.3586956522,0.2,0.9861508153,455000.0,489450.0,279.052553664
2023-09-01,Ferry,2023,9,Sep,7,55.0,12.0,8.0,7.9,74.0,0.2181818182,0.2857142857,1.030385052,287500.0,274500.0,183.5
2023-09-01,Franklin,2023,9,Sep,62,234.0,70.0,106.0,3.8,47.0,0.2735042735,0.2580645161,0.9964629601,415175.0,446358.0,253.919026329
2023-09-01,Garfield,2023,9,Sep,2,10.0,2.0,2.0,5.0,79.0,0.5,0.0,0.9348739496,154000.0,133000.0,105.110331234
2023-09-01,Grant,2023,9,Sep,83,277.0,81.0,72.0,3.3,35.0,0.238267148,0.2409638554,0.9860697249,389000.0,327984.0,226.296958855
2023-09-01,Grays Harbor,2023,9,Sep,109,364.0,112.0,107.0,3.3,38.0,0.2912087912,0.1743119266,0.9739277923,339000.0,361425.0,247.035177866
2023-09-01,Island,2023,9,Sep,89,215.0,94.0,98.0,2.4,23.0,0.4325581395,0.2359550562,0.9832362557,650000.0,629950.0,364.685314685
2023-09-01,Jefferson,2023,9,Sep,40,110.0,36.0,41.0,2.8,19.0,0.3,0.225,0.9618847157,663095.5,649970.0,359.558962458
2023-09-01,King,2023,9,Sep,1941,3480.0,2543.0,2019.0,1.8,13.0,0.3132183908,0.315301391,0.9984325314,800000.0,835000.0,492.969514951
2023-09-01,Kitsap,2023,9,Sep,330,586.0,330.0,325.0,1.8,19.0,0.3924914676,0.3424242424,1.003318987,565000.0,549994.5,283.78010878
2023-09-01,Kittitas,2023,9,Sep,72,266.0,83.0,83.0,3.7,42.0,0.3045112782,0.1944444444,0.9769504833,500000.0,550000.0,291.967095255
2023-09-01,Klickitat,2023,9,Sep,16,82.0,14.0,15.0,5.1,52.0,0.3658536585,0.1875,0.959439743,401500.0,532000.0,325.040128411
2023-09-01,Lewis,2023,9,Sep,65,241.0,100.0,75.0,3.7,27.0,0.3692946058,0.2615384615,1.002622523,456750.0,472500.0,255.023183926
2023-09-01,Lincoln,2023,9,Sep,6,54.0,21.0,9.0,9.0,86.0,0.2777777778,0.6666666667,1.027286088,333750.0,389000.0,121.818181818
2023-09-01,Mason,2023,9,Sep,83,183.0,74.0,80.0,2.2,28.0,0.3606557377,0.2168674699,0.994162292,480000.0,459500.0,288.248337029
2023-09-01,Okanogan,2023,9,Sep,32,186.0,43.0,39.0,5.8,20.0,0.2795698925,0.1875,0.9869116067,398000.0,428750.0,213.034676993
2023-09-01,Pacific,2023,9,Sep,36,138.0,34.0,34.0,3.8,58.0,0.231884058,0.1666666667,0.9710643268,372750.0,334500.0,251.605876199
2023-09-01,Pend Oreille,2023,9,Sep,15,78.0,24.0,18.0,5.2,41.0,0.2564102564,0.1333333333,0.990218018,350000.0,408500.0,204.678362573
2023-09-01,Pierce,2023,9,Sep,840,1574.0,927.0,905.0,1.9,15.0,0.3640406607,0.3952380952,1.000976192,544925.0,560000.0,302.047241652
2023-09-01,San Juan,2023,9,Sep,24,104.0,21.0,29.0,4.3,46.0,0.2115384615,0.125,0.9613754381,960000.0,895000.0,550.300099695
2023-09-01,Skagit,2023,9,Sep,128,247.0,136.0,113.0,1.9,16.0,0.3481781377,0.3359375,0.9936922112,559000.0,662475.0,343.527288532
2023-09-01,Skamania,2023,9,Sep,12,45.0,7.0,15.0,3.8,43.0,0.2888888889,0.0,0.9801059804,582450.0,649000.0,351.245791246
2023-09-01,Snohomish,2023,9,Sep,822,1118.0,917.0,817.0,1.4,10.0,0.3711985689,0.3321167883,1.003065305,720000.0,699950.0,388.48487367
2023-09-01,Spokane,2023,9,Sep,578,1431.0,696.0,555.0,2.5,24.0,0.3759608665,0.2595155709,0.996227978,424700.0,430000.0,214.757505774
2023-09-01,Stevens,2023,9,Sep,50,211.0,52.0,64.0,4.2,61.0,0.3127962085,0.18,0.9652767838,350000.0,399999.5,204.851752022
2023-09-01,Thurston,2023,9,Sep,326,513.0,294.0,305.0,1.6,18.0,0.3157894737,0.3926380368,1.002385782,508495.0,512450.0,280.548628429
2023-09-01,Wahkiakum,2023,9,Sep,5,16.0,3.0,3.0,3.2,95.0,0.125,0.0,0.9004294487,354706.0,609000.0,162.858585859
2023-09-01,Walla Walla,2023,9,Sep,52,153.0,67.0,53.0,2.9,21.0,0.385620915,0.1538461538,0.980680323,397711.5,429900.0,260.916496286
2023-09-01,Whatcom,2023,9,Sep,240,518.0,257.0,260.0,2.2,20.0,0.2972972973,0.2666666667,0.9945206057,585000.0,639325.0,340.593434343
2023-09-01,Whitman,2023,9,Sep,20,115.0,27.0,32.0,5.8,34.0,0.3565217391,0.25,0.9892279847,294250.0,382500.0,180.833333333
2023-09-01,Yakima,2023,9,Sep,134,394.0,181.0,237.0,2.9,26.0,0.3121827411,0.2014925373,0.9882206548,357000.0,385000.0,226.109029501
2023-10-01,Adams,2023,10,Oct,2,52.0,19.0,11.0,26.0,150.0,0.1923076923,0.0,0.9479800907,372500.0,353300.0,166.217591197
2023-10-01,Asotin,2023,10,Oct,18,80.0,18.0,23.0,4.4,83.0,0.35,0.05555555556,0.9692576965,380000.0,307400.0,206.473829201
2023-10-01,Benton,2023,10,Oct,217,768.0,243.0,236.0,3.5,43.0,0.28125,0.2442396313,0.9968918544,413800.0,445000.0,231.707317073
2023-10-01,Chelan,2023,10,Oct,82,250.0,77.0,79.0,3.0,44.0,0.348,0.09756097561,0.9743955083,618000.0,599000.0,322.533480335
2023-10-01,Clallam,2023,10,Oct,72,186.0,65.0,82.0,2.6,10.0,0.3440860215,0.1944444444,0.9837770848,447500.0,539000.0,285.775309697
2023-10-01,Clark,2023,10,Oct,465,1273.0,518.0,466.0,2.7,26.0,0.3385703064,0.2731182796,0.9966190196,535000.0,538005.0,297.067901235
2023-10-01,Columbia,2023,10,Oct,2,21.0,7.0,6.0,10.5,31.0,0.4761904762,0.0,0.9652611217,216500.0,302000.0,146.628289474
2023-10-01,Cowlitz,2023,10,Oct,87,256.0,101.0,128.0,2.9,25.0,0.44921875,0.2528735632,0.990503664,375000.0,395000.0,242.527374963
2023-10-01,Douglas,2023,10,Oct,29,93.0,34.0,28.0,3.2,26.0,0.2688172043,0.3103448276,0.9834808615,464900.0,519450.0,291.954707986
2023-10-01,Ferry,2023,10,Oct,7,47.0,6.0,9.0,6.7,63.0,0.1914893617,0.0,0.914860514,245000.0,337000.0,271.701388889
2023-10-01,Franklin,2023,10,Oct,60,258.0,94.0,63.0,4.3,68.0,0.2984496124,0.1666666667,0.9956793882,417500.0,462850.0,260.758275985
2023-10-01,Garfield,2023,10,Oct,1,9.0,1.0,3.0,9.0,78.0,0.4444444444,0.0,1.0,345000.0,300000.0,136.363636364
2023-10-01,Grant,2023,10,Oct,66,240.0,64.0,72.0,3.6,65.0,0.2458333333,0.196969697,0.9862259125,328332.5,362500.0,227.605836237
2023-10-01,Grays Harbor,2023,10,Oct,101,330.0,102.0,105.0,3.3,40.0,0.3272727273,0.2277227723,0.978678103,340000.0,354500.0,231.104651163
2023-10-01,Island,2023,10,Oct,87,201.0,95.0,100.0,2.3,28.0,0.3781094527,0.1379310345,0.9805280984,650000.0,575000.0,336.787564767
2023-10-01,Jefferson,2023,10,Oct,42,102.0,38.0,41.0,2.4,26.0,0.362745098,0.1666666667,0.9417332756,599500.0,670000.0,352.395303689
2023-10-01,King,2023,10,Oct,1876,3223.0,1886.0,1847.0,1.7,12.0,0.3568104251,0.3390191898,1.000461197,805021.0,800000.0,490.163398693
2023-10-01,Kitsap,2023,10,Oct,285,541.0,274.0,309.0,1.9,27.0,0.4029574861,0.2842105263,0.9943703172,556000.0,549838.5,285.839164786
2023-10-01,Kittitas,2023,10,Oct,78,259.0,70.0,59.0,3.3,63.0,0.3166023166,0.07692307692,0.9757696179,517500.0,669750.0,301.836896809
2023-10-01,Klickitat,2023,10,Oct,12,83.0,19.0,18.0,6.9,25.0,0.265060241,0.08333333333,0.9468473014,485650.0,464900.0,284.01216321
2023-10-01,Lewis,2023,10,Oct,57,243.0,88.0,71.0,4.3,31.0,0.353909465,0.2456140351,1.001575837,389900.0,419450.0,262.172284644
2023-10-01,Lincoln,2023,10,Oct,10,55.0,10.0,6.0,5.5,35.0,0.2363636364,0.2,0.9732856803,289500.0,242000.0,136.395027624
2023-10-01,Mason,2023,10,Oct,69,182.0,77.0,66.0,2.6,22.0,0.4065934066,0.3188405797,0.9914192476,420000.0,434950.0,267.857142857
2023-10-01,Okanogan,2023,10,Oct,29,168.0,27.0,24.0,5.8,36.0,0.1785714286,0.2413793103,0.9592285638,479500.0,399900.0,236.111111111
2023-10-01,Pacific,2023,10,Oct,26,119.0,22.0,31.0,4.6,97.0,0.2521008403,0.1538461538,0.9648771894,340000.0,375000.0,291.802536232
2023-10-01,Pend Oreille,2023,10,Oct,16,65.0,17.0,13.0,4.1,64.0,0.3538461538,0.25,0.9814501764,384250.0,400000.0,257.051799723
2023-10-01,Pierce,2023,10,Oct,789,1537.0,772.0,756.0,1.9,20.0,0.3975276513,0.3422053232,0.9961309779,530000.0,535000.0,302.167113494
2023-10-01,San Juan,2023,10,Oct,26,94.0,16.0,14.0,3.6,60.0,0.1808510638,0.07692307692,0.9436177494,1150000.0,837500.0,562.548780709
2023-10-01,Skagit,2023,10,Oct,98,225.0,94.0,99.0,2.3,21.0,0.3955555556,0.2040816327,0.9770193353,590000.0,599000.0,329.287414315
2023-10-01,Skamania,2023,10,Oct,10,49.0,14.0,8.0,4.9,67.0,0.1836734694,0.2,1.010351288,542000.0,492000.0,263.44818112
2023-10-01,Snohomish,2023,10,Oct,751,1079.0,727.0,732.0,1.4,13.0,0.3883225209,0.3142476698,0.9996659701,699950.0,679950.0,387.8
2023-10-01,Spokane,2023,10,Oct,521,1344.0,536.0,513.0,2.6,25.0,0.4174107143,0.2380038388,0.9876132181,415000.0,405000.0,206.361197378
2023-10-01,Stevens,2023,10,Oct,51,176.0,44.0,38.0,3.5,60.0,0.2784090909,0.137254902,0.9586106077,345000.0,339500.0,196.649029982
2023-10-01,Thurston,2023,10,Oct,270,512.0,301.0,282.0,1.9,18.0,0.37109375,0.3296296296,0.995929962,490250.0,525000.0,275.746520085
2023-10-01,Wahkiakum,2023,10,Oct,2,15.0,6.0,6.0,7.5,220.0,0.3333333333,0.5,1.014285714,409500.0,382000.0,272.188328912
2023-10-01,Walla Walla,2023,10,Oct,50,149.0,62.0,58.0,3.0,38.0,0.389261745,0.2,0.9774121644,431500.0,397000.0,232.435149317
2023-10-01,Whatcom,2023,10,Oct,225,516.0,239.0,205.0,2.3,26.0,0.3081395349,0.2133333333,0.9852858721,575000.0,649000.0,343.137254902
2023-10-01,Whitman,2023,10,Oct,26,105.0,32.0,39.0,4.0,76.0,0.3619047619,0.1538461538,0.9756861491,412000.0,367450.0,180.405722326
2023-10-01,Yakima,2023,10,Oct,140,400.0,163.0,142.0,2.9,40.0,0.2775,0.2642857143,0.9899733331,347884.5,349900.0,221.49957025
2023-11-01,Adams,2023,11,Nov,11,48.0,7.0,8.0,4.4,9.0,0.08333333333,0.1818181818,0.9555481533,201000.0,329999.0,159.090909091
2023-11-01,Asotin,2023,11,Nov,18,69.0,11.0,21.0,3.8,61.0,0.1594202899,0.1666666667,0.9909451995,314950.0,399000.0,194.166811095
2023-11-01,Benton,2023,11,Nov,193,705.0,167.0,171.0,3.7,53.0,0.2,0.2383419689,0.9970172151,429900.0,420000.0,237.26176585
2023-11-01,Chelan,2023,11,Nov,64,214.0,63.0,70.0,3.3,52.0,0.2710280374,0.109375,0.977429311,554950.0,555000.0,295.535894334
2023-11-01,Clallam,2023,11,Nov,57,170.0,51.0,60.0,3.0,30.0,0.2529411765,0.2456140351,0.9917424342,542500.0,475000.0,293.463934819
2023-11-01,Clark,2023,11,Nov,338,1279.0,418.0,417.0,3.8,30.0,0.2658326818,0.2130177515,0.9900150752,515500.0,509998.0,289.903046079
2023-11-01,Columbia,2023,11,Nov,1,21.0,3.0,2.0,21.0,14.0,0.3333333333,0.0,1.0,825000.0,343900.0,516.917293233
2023-11-01,Cowlitz,2023,11,Nov,111,267.0,102.0,96.0,2.4,41.0,0.2734082397,0.3063063063,0.9955294487,410000.0,396888.5,266.393442623
2023-11-01,Douglas,2023,11,Nov,17,86.0,26.0,28.0,5.1,24.0,0.1395348837,0.2941176471,0.979753864,554000.0,483450.0,263.286201853
2023-11-01,Ferry,2023,11,Nov,9,38.0,2.0,4.0,4.2,64.0,0.07894736842,0.1111111111,0.9076583468,285000.0,382400.0,191.804853725
2023-11-01,Franklin,2023,11,Nov,58,251.0,62.0,53.0,4.3,60.0,0.1912350598,0.2413793103,0.9865389973,417000.0,427062.5,240.362196231
2023-11-01,Garfield,2023,11,Nov,2,6.0,1.0,3.0,3.0,207.0,0.3333333333,0.0,0.9773869347,239500.0,219000.0,141.859161247
2023-11-01,Grant,2023,11,Nov,76,232.0,65.0,50.0,3.1,41.0,0.1853448276,0.3026315789,0.9839343179,337500.0,328436.0,225.852581204
2023-11-01,Grays Harbor,2023,11,Nov,77,332.0,86.0,74.0,4.3,50.0,0.2620481928,0.1298701299,0.9541687532,389000.0,350000.0,211.262912363
2023-11-01,Island,2023,11,Nov,81,178.0,78.0,86.0,2.2,25.0,0.3314606742,0.2345679012,0.9853256818,570000.0,612000.0,318.252271513
2023-11-01,Jefferson,2023,11,Nov,39,87.0,36.0,42.0,2.2,9.0,0.2643678161,0.2307692308,0.9797677073,657000.0,647495.0,350.059737157
2023-11-01,King,2023,11,Nov,1594,2721.0,1290.0,1506.0,1.7,17.0,0.3054024256,0.2678795483,0.9946697726,811750.0,775000.0,484.615384615
2023-11-01,Kitsap,2023,11,Nov,272,513.0,219.0,220.0,1.9,27.0,0.3118908382,0.2463235294,0.994025778,549995.0,549000.0,287.245689594
2023-11-01,Kittitas,2023,11,Nov,51,196.0,38.0,59.0,3.8,33.0,0.2653061224,0.1568627451,0.9728812809,604600.0,580000.0,295.103957076
2023-11-01,Klickitat,2023,11,Nov,10,70.0,9.0,16.0,7.0,121.0,0.1428571429,0.0,0.9377098944,374500.0,289000.0,244.939630682
2023-11-01,Lewis,2023,11,Nov,71,245.0,73.0,68.0,3.5,31.0,0.2204081633,0.2394366197,0.9768265666,400000.0,439900.0,235.339506173
2023-11-01,Lincoln,2023,11,Nov,5,45.0,6.0,12.0,9.0,58.0,0.2666666667,0.0,0.9327611477,235000.0,639450.0,176.177471982
2023-11-01,Mason,2023,11,Nov,58,169.0,58.0,54.0,2.9,29.0,0.3372781065,0.1724137931,0.984192949,457450.0,437000.0,271.417025862
2023-11-01,Okanogan,2023,11,Nov,18,150.0,22.0,23.0,8.3,42.0,0.1,0.1666666667,0.9836682834,362500.0,338700.0,206.727370132
2023-11-01,Pacific,2023,11,Nov,30,116.0,34.0,24.0,3.9,81.0,0.1465517241,0.06666666667,0.9745485476,400000.0,389500.0,253.333333333
2023-11-01,Pend Oreille,2023,11,Nov,11,56.0,8.0,9.0,5.1,21.0,0.2142857143,0.09090909091,0.9480657996,349900.0,575000.0,263.668430335
2023-11-01,Pierce,2023,11,Nov,611,1494.0,684.0,683.0,2.4,23.0,0.3165997323,0.3044189853,0.9934212078,542000.0,521000.0,294.933655006
2023-11-01,San Juan,2023,11,Nov,16,81.0,10.0,13.0,5.1,70.0,0.2222222222,0.0625,0.9235459937,1100000.0,778500.0,594.891421915
2023-11-01,Skagit,2023,11,Nov,93,205.0,77.0,92.0,2.2,26.0,0.2048780488,0.2150537634,0.9837375923,580000.0,539990.0,331.695331695
2023-11-01,Skamania,2023,11,Nov,5,46.0,10.0,10.0,9.2,28.0,0.1739130435,0.2,0.9540685635,550000.0,559000.0,320.097244733
2023-11-01,Snohomish,2023,11,Nov,631,902.0,534.0,635.0,1.4,18.0,0.3392461197,0.2820919176,0.9961938572,709000.0,699000.0,385.143769968
2023-11-01,Spokane,2023,11,Nov,434,1230.0,437.0,444.0,2.8,34.0,0.312195122,0.2165898618,0.9855917775,418750.0,409450.0,208.333333333
2023-11-01,Stevens,2023,11,Nov,33,144.0,22.0,31.0,4.4,61.0,0.2430555556,0.1515151515,0.9685510673,354000.0,424950.0,198.438516591
2023-11-01,Thurston,2023,11,Nov,238,462.0,203.0,236.0,1.9,17.0,0.3095238095,0.3361344538,0.9989023967,519500.0,480000.0,277.445659624
2023-11-01,Wahkiakum,2023,11,Nov,3,15.0,6.0,2.0,5.0,141.0,0.2,0.6666666667,1.010474213,710000.0,525000.0,262.379896526
2023-11-01,Walla Walla,2023,11,Nov,50,135.0,53.0,52.0,2.7,26.0,0.362962963,0.22,0.9669991457,389975.0,404956.0,212.148017102
2023-11-01,Whatcom,2023,11,Nov,164,455.0,150.0,166.0,2.8,20.0,0.243956044,0.2256097561,0.9915647965,615000.0,597000.0,340.765671014
2023-11-01,Whitman,2023,11,Nov,27,96.0,29.0,26.0,3.6,89.0,0.1458333333,0.1481481481,0.9667517398,407000.0,415000.0,194.099378882
2023-11-01,Yakima,2023,11,Nov,129,387.0,121.0,112.0,3.0,33.0,0.2377260982,0.2093023256,0.9850353581,340000.0,339000.0,232.149835989
2023-12-01,Adams,2023,12,Dec,9,37.0,5.0,9.0,4.1,88.0,0.1081081081,0.1111111111,0.9824974359,329000.0,349900.0,254.176219512
2023-12-01,Asotin,2023,12,Dec,16,68.0,7.0,8.0,4.3,51.0,0.1470588235,0.1875,0.9707105826,272450.0,285900.0,152.526455374
2023-12-01,Benton,2023,12,Dec,160,686.0,172.0,157.0,4.3,67.0,0.1093294461,0.20625,0.9885906578,405000.0,437450.0,231.996187593
2023-12-01,Chelan,2023,12,Dec,49,172.0,31.0,43.0,3.5,63.0,0.1453488372,0.1224489796,0.9743107688,545000.0,499900.0,288.18443804
2023-12-01,Clallam,2023,12,Dec,67,150.0,43.0,47.0,2.2,29.0,0.1266666667,0.223880597,0.9930515777,459000.0,465000.0,287.150035894
2023-12-01,Clark,2023,12,Dec,405,1110.0,283.0,390.0,2.7,33.0,0.2018018018,0.2395061728,0.9912945487,523900.0,549950.0,285.55431131
2023-12-01,Columbia,2023,12,Dec,5,23.0,3.0,3.0,4.6,87.0,0.2173913043,0.2,0.8863555213,185000.0,499000.0,161.111111111
2023-12-01,Cowlitz,2023,12,Dec,72,229.0,51.0,87.0,3.2,36.0,0.2489082969,0.3055555556,0.9908829916,387000.0,365000.0,250.52337753
2023-12-01,Douglas,2023,12,Dec,24,81.0,25.0,27.0,3.4,44.0,0.0987654321,0.08333333333,0.9698146084,435000.0,549900.0,265.015691857
2023-12-01,Ferry,2023,12,Dec,1,35.0,2.0,2.0,35.0,155.0,0.08571428571,0.0,1.0,254900.0,212499.5,186.876832845
2023-12-01,Franklin,2023,12,Dec,51,230.0,43.0,44.0,4.5,77.0,0.1043478261,0.2352941176,0.993907837,425000.0,430000.0,253.114922813
2023-12-01,Garfield,2023,12,Dec,3,5.0,2.0,1.0,1.7,143.0,0.4,0.0,0.9556151645,296500.0,200000.0,162.912087912
2023-12-01,Grant,2023,12,Dec,55,206.0,45.0,47.0,3.7,76.0,0.1165048544,0.1636363636,0.9849535331,339133.0,333000.0,230.826720648
2023-12-01,Grays Harbor,2023,12,Dec,69,290.0,58.0,85.0,4.2,39.0,0.1827586207,0.1594202899,0.9776012276,300000.0,349000.0,248.696826149
2023-12-01,Island,2023,12,Dec,68,151.0,46.0,56.0,2.2,31.0,0.1721854305,0.1470588235,0.9807315081,559500.0,587400.0,324.146797569
2023-12-01,Jefferson,2023,12,Dec,36,64.0,13.0,27.0,1.8,63.0,0.171875,0.1111111111,0.9584208904,665000.0,700000.0,336.11912895
2023-12-01,King,2023,12,Dec,1375,1964.0,727.0,1235.0,1.4,29.0,0.1384928717,0.2232727273,0.9891232848,800000.0,781547.0,473.27621379
2023-12-01,Kitsap,2023,12,Dec,217,430.0,164.0,224.0,2.0,31.0,0.2023255814,0.2119815668,0.9876850251,549990.0,554995.0,275.73120915
2023-12-01,Kittitas,2023,12,Dec,51,174.0,50.0,40.0,3.4,84.0,0.1494252874,0.1568627451,0.9718669037,585000.0,554972.5,306.914678528
2023-12-01,Klickitat,2023,12,Dec,12,62.0,11.0,17.0,5.2,65.0,0.1451612903,0.08333333333,0.9569591231,314450.0,424000.0,306.76603781
2023-12-01,Lewis,2023,12,Dec,45,215.0,33.0,55.0,4.8,40.0,0.1674418605,0.2666666667,0.9941844368,395000.0,389000.0,264.705882353
2023-12-01,Lincoln,2023,12,Dec,8,38.0,4.0,3.0,4.8,128.0,0.1052631579,0.125,0.9752085654,435000.0,349475.0,133.033771553
2023-12-01,Mason,2023,12,Dec,44,149.0,40.0,46.0,3.4,37.0,0.2483221477,0.2045454545,0.9865758606,451250.0,427500.0,284.48570414
2023-12-01,Okanogan,2023,12,Dec,19,118.0,12.0,18.0,6.2,70.0,0.1016949153,0.1578947368,0.9700639434,275000.0,457000.0,201.327433628
2023-12-01,Pacific,2023,12,Dec,20,108.0,31.0,25.0,5.4,93.0,0.1203703704,0.25,0.985442736,372500.0,349000.0,310.659816928
2023-12-01,Pend Oreille,2023,12,Dec,6,42.0,9.0,7.0,7.0,68.0,0.1666666667,0.0,0.9667326996,162500.0,385000.0,92.521367521
2023-12-01,Pierce,2023,12,Dec,577,1224.0,449.0,657.0,2.1,26.0,0.2263071895,0.3500866551,0.9955625002,535000.0,530000.0,297.373544871
2023-12-01,San Juan,2023,12,Dec,11,70.0,10.0,9.0,6.4,77.0,0.04285714286,0.09090909091,0.9329334857,1400000.0,907500.0,537.634408602
2023-12-01,Skagit,2023,12,Dec,74,158.0,42.0,67.0,2.1,48.0,0.1139240506,0.1621621622,0.9778812557,556000.0,522000.0,335.557423727
2023-12-01,Skamania,2023,12,Dec,7,46.0,8.0,3.0,6.6,72.0,0.04347826087,0.1428571429,0.9337980397,515000.0,610450.0,311.583577713
2023-12-01,Snohomish,2023,12,Dec,601,593.0,329.0,602.0,1.0,27.0,0.2242833052,0.2479201331,0.9939925486,680000.0,675000.0,371.015936255
2023-12-01,Spokane,2023,12,Dec,405,994.0,212.0,334.0,2.5,32.0,0.2022132797,0.2271604938,0.9849241864,390000.0,411495.0,205.267007644
2023-12-01,Stevens,2023,12,Dec,30,127.0,18.0,19.0,4.2,100.0,0.157480315,0.2,0.96284903,377500.0,364950.0,193.181818182
2023-12-01,Thurston,2023,12,Dec,223,368.0,147.0,238.0,1.7,26.0,0.1793478261,0.2914798206,0.9938079408,495000.0,479900.0,272.991409278
2023-12-01,Wahkiakum,2023,12,Dec,2,14.0,3.0,4.0,7.0,31.0,0.1428571429,0.5,0.9653385077,376029.5,410000.0,226.325502673
2023-12-01,Walla Walla,2023,12,Dec,29,128.0,33.0,29.0,4.4,27.0,0.203125,0.1034482759,0.9504533798,375000.0,399000.0,190.437601297
2023-12-01,Whatcom,2023,12,Dec,155,367.0,89.0,145.0,2.4,48.0,0.1416893733,0.2064516129,0.9830827016,579000.0,650000.0,334.586466165
2023-12-01,Whitman,2023,12,Dec,25,80.0,21.0,20.0,3.2,45.0,0.075,0.12,0.9358461203,350000.0,359500.0,165.595650025
2023-12-01,Yakima,2023,12,Dec,110,366.0,100.0,103.0,3.3,41.0,0.1010928962,0.2727272727,0.9918182482,350609.0,346597.5,209.671992195
2024-01-01,Adams,2024,1,Jan,8,44.0,15.0,10.0,5.5,104.0,0.09090909091,0.0,0.9761376702,328700.0,351300.0,241.204141612
2024-01-01,Asotin,2024,1,Jan,6,62.0,12.0,17.0,10.3,108.0,0.1290322581,0.1666666667,0.9449510677,312450.0,367450.0,171.875
2024-01-01,Benton,2024,1,Jan,137,641.0,171.0,196.0,4.7,77.0,0.1716068643,0.1824817518,0.9985768136,430000.0,419000.0,239.958268127
2024-01-01,Chelan,2024,1,Jan,44,133.0,30.0,54.0,3.0,76.0,0.2781954887,0.09090909091,0.9787243824,566000.0,595950.0,305.229714364
2024-01-01,Clallam,2024,1,Jan,31,125.0,57.0,78.0,4.0,22.0,0.216,0.2903225806,0.9985239547,517000.0,550000.0,298.777381559
2024-01-01,Clark,2024,1,Jan,313,1086.0,471.0,456.0,3.5,41.0,0.2219152855,0.2108626198,0.9888875424,515000.0,540000.0,287.708940892
2024-01-01,Columbia,2024,1,Jan,2,24.0,6.0,8.0,12.0,104.0,0.25,0.0,0.9905660377,247500.0,187250.0,258.332656371
2024-01-01,Cowlitz,2024,1,Jan,59,219.0,77.0,96.0,3.7,48.0,0.3515981735,0.3389830508,0.9975680505,400000.0,387900.0,240.732905605
2024-01-01,Douglas,2024,1,Jan,22,72.0,28.0,32.0,3.3,48.0,0.1805555556,0.1363636364,0.9869895692,474200.0,507450.0,288.332674924
2024-01-01,Franklin,2024,1,Jan,44,250.0,85.0,72.0,5.7,84.0,0.144,0.2727272727,0.9822912612,405425.0,430000.0,248.417081611
2024-01-01,Garfield,2024,1,Jan,2,3.0,1.0,3.0,1.5,8.0,0.6666666667,0.0,1.0,229950.0,274900.0,107.634244926
2024-01-01,Grant,2024,1,Jan,38,209.0,62.0,45.0,5.5,64.0,0.1483253589,0.2894736842,0.9820686547,354000.0,341167.0,229.182582124
2024-01-01,Grays Harbor,2024,1,Jan,59,273.0,94.0,100.0,4.6,51.0,0.2673992674,0.186440678,0.969251064,330000.0,355000.0,213.891111948
2024-01-01,Island,2024,1,Jan,65,134.0,63.0,87.0,2.1,45.0,0.3059701493,0.3384615385,0.9921248652,520000.0,575000.0,296.23471223
2024-01-01,Jefferson,2024,1,Jan,20,57.0,32.0,34.0,2.9,67.0,0.2807017544,0.1,0.9479344793,595095.5,650000.0,387.722904808
2024-01-01,King,2024,1,Jan,1144,1886.0,1678.0,1686.0,1.6,39.0,0.2020148462,0.2325174825,0.9936642043,775000.0,800000.0,485.720241818
2024-01-01,Kitsap,2024,1,Jan,206,425.0,263.0,271.0,2.1,41.0,0.2776470588,0.2233009709,0.9964561693,550000.0,535950.0,284.57159976
2024-01-01,Kittitas,2024,1,Jan,38,145.0,36.0,53.0,3.8,117.0,0.2068965517,0.1315789474,0.9778685433,531732.5,514925.0,315.288059221
2024-01-01,Klickitat,2024,1,Jan,10,60.0,8.0,8.0,6.0,65.0,0.1,0.1,0.9382342532,304500.0,639450.0,289.784746015
2024-01-01,Lewis,2024,1,Jan,44,179.0,36.0,69.0,4.1,77.0,0.2458100559,0.2727272727,0.9751001982,395000.0,427449.5,265.98324515
2024-01-01,Lincoln,2024,1,Jan,4,37.0,11.0,12.0,9.3,75.0,0.1351351351,0.0,0.9527777778,369750.0,245000.0,153.658093577
2024-01-01,Mason,2024,1,Jan,42,115.0,42.0,62.0,2.7,65.0,0.3043478261,0.04761904762,0.9877215911,432475.0,434900.0,272.386956522
2024-01-01,Okanogan,2024,1,Jan,14,99.0,14.0,21.0,7.1,64.0,0.101010101,0.1428571429,1.03223941,354000.0,347000.0,166.374458429
2024-01-01,Pacific,2024,1,Jan,17,108.0,33.0,27.0,6.4,62.0,0.1759259259,0.1176470588,0.9526494518,250900.0,330000.0,275.109649123
2024-01-01,Pend Oreille,2024,1,Jan,8,37.0,5.0,12.0,4.6,37.0,0.1351351351,0.375,0.9546020634,270000.0,422000.0,186.91588785
2024-01-01,Pierce,2024,1,Jan,575,1092.0,674.0,830.0,1.9,33.0,0.2564102564,0.3391304348,0.9944488033,532500.0,550000.0,292.307692308
2024-01-01,San Juan,2024,1,Jan,7,65.0,7.0,9.0,9.3,148.0,0.07692307692,0.1428571429,0.9805416922,639000.0,1150000.0,433.665274655
2024-01-01,Skagit,2024,1,Jan,55,136.0,65.0,88.0,2.5,16.0,0.2352941176,0.2727272727,0.9938620171,510000.0,575000.0,347.896440129
2024-01-01,Skamania,2024,1,Jan,6,41.0,5.0,7.0,6.8,43.0,0.1707317073,0.0,0.9613124756,522500.0,594500.0,208.490310353
2024-01-01,Snohomish,2024,1,Jan,563,496.0,601.0,712.0,0.9,32.0,0.1935483871,0.2522202487,0.9957897811,699950.0,704995.0,391.067048861
2024-01-01,Spokane,2024,1,Jan,328,897.0,419.0,487.0,2.7,47.0,0.2419175028,0.25,0.9875026899,400000.0,425000.0,202.265372168
2024-01-01,Stevens,2024,1,Jan,17,132.0,28.0,26.0,7.8,104.0,0.2045454545,0.05882352941,0.9416035584,280000.0,365000.0,169.047619048
2024-01-01,Thurston,2024,1,Jan,196,348.0,235.0,258.0,1.8,48.0,0.3477011494,0.2551020408,0.9926812723,502000.0,516000.0,263.324942792
2024-01-01,Wahkiakum,2024,1,Jan,3,14.0,3.0,2.0,4.7,66.0,0.07142857143,0.0,0.9943864011,295000.0,570000.0,242.200328407
2024-01-01,Walla Walla,2024,1,Jan,28,126.0,32.0,33.0,4.5,42.0,0.1746031746,0.07142857143,0.9610393116,407000.0,419245.0,213.014232394
2024-01-01,Whatcom,2024,1,Jan,135,317.0,144.0,187.0,2.3,43.0,0.1861198738,0.2074074074,0.989070705,650000.0,628000.0,344.511217949
2024-01-01,Whitman,2024,1,Jan,16,87.0,32.0,19.0,5.4,61.0,0.1264367816,0.0625,0.9764504714,400500.0,424500.0,190.989225715
2024-01-01,Yakima,2024,1,Jan,88,346.0,113.0,126.0,3.9,56.0,0.2023121387,0.25,0.9827598879,335000.0,369000.0,212.576993331
2024-02-01,Adams,2024,2,Feb,7,37.0,11.0,16.0,5.3,34.0,0.1351351351,0.1428571429,0.9556968519,340000.0,253500.0,194.214876033
2024-02-01,Asotin,2024,2,Feb,10,58.0,18.0,24.0,5.8,107.0,0.1724137931,0.2,0.9784235085,297450.0,299900.0,195.392854904
2024-02-01,Benton,2024,2,Feb,148,705.0,242.0,209.0,4.8,76.0,0.1687943262,0.2162162162,0.9906105588,412500.0,427450.0,238.202415557
2024-02-01,Chelan,2024,2,Feb,45,128.0,55.0,63.0,2.8,63.0,0.1875,0.1333333333,0.9913456083,495000.0,650000.0,275.735294118
2024-02-01,Clallam,2024,2,Feb,66,116.0,63.0,75.0,1.8,42.0,0.2586206897,0.1818181818,0.9794197566,540000.0,499500.0,320.855614973
2024-02-01,Clark,2024,2,Feb,415,1068.0,562.0,568.0,2.6,44.0,0.2256554307,0.2578313253,0.9956527693,519935.0,549000.0,292.630057803
2024-02-01,Columbia,2024,2,Feb,5,20.0,1.0,10.0,4.0,35.0,0.2,0.0,0.9450628803,215000.0,150000.0,180.668473351
2024-02-01,Cowlitz,2024,2,Feb,84,222.0,102.0,103.0,2.6,37.0,0.2342342342,0.369047619,0.9870372161,383950.0,415000.0,255.983261419
2024-02-01,Douglas,2024,2,Feb,25,71.0,34.0,31.0,2.8,65.0,0.1408450704,0.12,0.968761363,531000.0,529450.0,278.823529412
2024-02-01,Ferry,2024,2,Feb,2,32.0,6.0,4.0,16.0,90.0,0.09375,0.0,1.0,537500.0,497000.0,296.800781834
2024-02-01,Franklin,2024,2,Feb,51,253.0,70.0,87.0,5.0,78.0,0.1225296443,0.2352941176,0.9944309561,403850.0,410000.0,272.662889518
2024-02-01,Garfield,2024,2,Feb,1,3.0,,,3.0,167.0,0.3333333333,1.0,1.019047619,535000.0,,120.278776978
2024-02-01,Grant,2024,2,Feb,38,213.0,79.0,76.0,5.6,62.0,0.2253521127,0.3157894737,0.9831720075,306500.0,340710.0,219.195926183
2024-02-01,Grays Harbor,2024,2,Feb,79,260.0,108.0,114.0,3.3,89.0,0.2461538462,0.1392405063,0.9754080344,350000.0,392499.0,240.168604923
2024-02-01,Island,2024,2,Feb,75,151.0,105.0,90.0,2.0,50.0,0.1324503311,0.1866666667,0.9853662152,500000.0,585000.0,317.740511915
2024-02-01,Jefferson,2024,2,Feb,30,61.0,35.0,31.0,2.0,38.0,0.262295082,0.2666666667,0.9683700952,659000.0,730000.0,292.214614287
2024-02-01,King,2024,2,Feb,1625,2222.0,2405.0,2035.0,1.4,13.0,0.1813681368,0.352,1.010881494,842000.0,850000.0,509.259259259
2024-02-01,Kitsap,2024,2,Feb,213,421.0,291.0,302.0,2.0,33.0,0.2446555819,0.2769953052,0.9975772114,529999.0,550000.0,266.467065868
2024-02-01,Kittitas,2024,2,Feb,45,128.0,52.0,63.0,2.8,46.0,0.203125,0.3111111111,0.9947913013,449500.0,725000.0,258.030805687
2024-02-01,Klickitat,2024,2,Feb,7,58.0,14.0,17.0,8.3,109.0,0.1551724138,0.0,0.9238336411,550000.0,447500.0,271.203155819
2024-02-01,Lewis,2024,2,Feb,53,200.0,75.0,60.0,3.8,67.0,0.235,0.1698113208,0.9804786006,404000.0,399999.0,274.403470716
2024-02-01,Lincoln,2024,2,Feb,8,45.0,18.0,9.0,5.6,67.0,0.1333333333,0.375,0.9820004481,249500.0,297450.0,161.450744698
2024-02-01,Mason,2024,2,Feb,47,125.0,68.0,58.0,2.7,43.0,0.288,0.2127659574,0.9827132797,415000.0,447363.5,267.857142857
2024-02-01,Okanogan,2024,2,Feb,19,100.0,30.0,22.0,5.3,104.0,0.14,0.0,0.9681839612,535000.0,339000.0,300.164473684
2024-02-01,Pacific,2024,2,Feb,19,105.0,25.0,26.0,5.5,119.0,0.2,0.1578947368,0.9666662275,262000.0,450000.0,290.867579909
2024-02-01,Pend Oreille,2024,2,Feb,7,36.0,9.0,8.0,5.1,95.0,0.1666666667,0.1428571429,0.961983034,450000.0,400000.0,204.892966361
2024-02-01,Pierce,2024,2,Feb,722,1173.0,951.0,929.0,1.6,26.0,0.2404092072,0.3421052632,0.9998821536,543340.0,550000.0,303.126686714
2024-02-01,San Juan,2024,2,Feb,9,68.0,23.0,12.0,7.6,80.0,0.08823529412,0.1111111111,0.9665024187,750000.0,999500.0,435.111615588
2024-02-01,Skagit,2024,2,Feb,79,155.0,108.0,93.0,2.0,50.0,0.1483870968,0.1898734177,0.9873522929,550000.0,547475.0,340.692124105
2024-02-01,Skamania,2024,2,Feb,7,37.0,9.0,10.0,5.3,47.0,0.1891891892,0.1428571429,1.002507316,669000.0,675000.0,329.362880886
2024-02-01,Snohomish,2024,2,Feb,638,574.0,812.0,753.0,0.9,12.0,0.1202090592,0.394984326,1.013664193,709992.5,749950.0,383.222021823
2024-02-01,Spokane,2024,2,Feb,393,927.0,531.0,510.0,2.4,55.0,0.213592233,0.3027989822,0.9947949322,413000.0,435950.0,207.270408163
2024-02-01,Stevens,2024,2,Feb,24,126.0,26.0,29.0,5.3,89.0,0.1587301587,0.2083333333,0.9673398023,407500.0,477475.0,212.810677222
2024-02-01,Thurston,2024,2,Feb,220,382.0,308.0,294.0,1.7,22.0,0.2356020942,0.3454545455,0.9984831958,498000.0,499970.0,270.118229228
2024-02-01,Wahkiakum,2024,2,Feb,5,13.0,3.0,3.0,2.6,47.0,0.07692307692,0.2,0.9835133108,490000.0,600000.0,288.461538462
2024-02-01,Walla Walla,2024,2,Feb,35,121.0,51.0,54.0,3.5,53.0,0.2148760331,0.1142857143,0.9757143537,450000.0,459000.0,244.633838384
2024-02-01,Whatcom,2024,2,Feb,160,327.0,208.0,186.0,2.0,56.0,0.1834862385,0.21875,0.9907243279,599900.0,659000.0,358.637178721
2024-02-01,Whitman,2024,2,Feb,20,102.0,44.0,31.0,5.1,49.0,0.1862745098,0.0,0.9585376289,415950.0,450000.0,227.674776381
2024-02-01,Yakima,2024,2,Feb,102,329.0,120.0,135.0,3.2,53.0,0.1458966565,0.1960784314,0.9837982742,355000.0,354500.0,215.1416122
2024-03-01,Adams,2024,3,Mar,12,42.0,23.0,21.0,3.5,11.0,0.119047619,0.08333333333,0.9511159306,356650.0,343400.0,227.263968205
2024-03-01,Asotin,2024,3,Mar,23,66.0,42.0,35.0,2.9,18.0,0.1363636364,0.2608695652,1.013232693,310000.0,332450.0,189.894319683
2024-03-01,Benton,2024,3,Mar,194,683.0,234.0,267.0,3.5,65.0,0.2093704246,0.2216494845,0.9904677756,440000.0,469950.0,240.324519231
2024-03-01,Chelan,2024,3,Mar,52,188.0,125.0,65.0,3.6,82.0,0.164893617,0.1346153846,0.9766981288,598950.0,635000.0,318.540862585
2024-03-01,Clallam,2024,3,Mar,77,134.0,113.0,109.0,1.7,25.0,0.2462686567,0.2857142857,0.9832826115,510375.0,525000.0,309.474575999
2024-03-01,Clark,2024,3,Mar,510,1151.0,711.0,641.0,2.3,31.0,0.2571676803,0.3019607843,0.9968152301,530000.0,553907.5,289.308176101
2024-03-01,Columbia,2024,3,Mar,7,15.0,3.0,6.0,2.1,71.0,0.2666666667,0.0,0.9456278727,325000.0,295000.0,154.861111111
2024-03-01,Cowlitz,2024,3,Mar,101,200.0,110.0,131.0,2.0,35.0,0.285,0.4059405941,0.9988012392,385000.0,419499.5,261.494299128
2024-03-01,Douglas,2024,3,Mar,27,83.0,50.0,42.0,3.1,34.0,0.1686746988,0.1481481481,0.9930352636,469000.0,564450.0,304.688546551
2024-03-01,Ferry,2024,3,Mar,6,39.0,12.0,5.0,6.5,131.0,0.07692307692,0.1666666667,0.9326335601,262500.0,334450.0,167.929817276
2024-03-01,Franklin,2024,3,Mar,82,263.0,102.0,108.0,3.2,75.0,0.1673003802,0.2682926829,0.9959467035,434999.0,425000.0,241.617599768
2024-03-01,Garfield,2024,3,Mar,3,4.0,6.0,7.0,1.3,152.0,0.25,0.0,0.9289264385,179000.0,179950.0,78.318219291
2024-03-01,Grant,2024,3,Mar,67,248.0,124.0,88.0,3.7,74.0,0.1975806452,0.1492537313,0.9833212539,328436.0,368500.0,238.514380725
2024-03-01,Grays Harbor,2024,3,Mar,99,296.0,142.0,101.0,3.0,45.0,0.2601351351,0.2525252525,0.9848902413,370000.0,374999.5,234.375
2024-03-01,Island,2024,3,Mar,68,172.0,126.0,106.0,2.5,17.0,0.1976744186,0.3235294118,0.9931281544,566000.0,649950.0,330.396475771
2024-03-01,Jefferson,2024,3,Mar,23,64.0,30.0,32.0,2.8,22.0,0.296875,0.1739130435,0.9841756613,650000.0,724750.0,373.142857143
2024-03-01,King,2024,3,Mar,2094,2425.0,2796.0,2575.0,1.2,7.0,0.2292783505,0.4097421203,1.020730375,865000.0,875000.0,531.146237535
2024-03-01,Kitsap,2024,3,Mar,297,441.0,363.0,356.0,1.5,17.0,0.2380952381,0.3198653199,0.9987398056,550000.0,579900.0,292.62086514
2024-03-01,Kittitas,2024,3,Mar,56,176.0,117.0,73.0,3.1,95.0,0.1647727273,0.1964285714,0.9869333048,642450.0,579000.0,319.846933196
2024-03-01,Klickitat,2024,3,Mar,15,59.0,21.0,19.0,3.9,66.0,0.2711864407,0.1333333333,0.9661853479,534000.0,685000.0,293.103448276
2024-03-01,Lewis,2024,3,Mar,50,200.0,108.0,103.0,4.0,46.0,0.295,0.24,0.9812735131,461950.0,430950.0,265.861565184
2024-03-01,Lincoln,2024,3,Mar,6,47.0,13.0,8.0,7.8,28.0,0.1914893617,0.1666666667,0.8923816951,205000.0,310000.0,146.801742424
2024-03-01,Mason,2024,3,Mar,52,159.0,95.0,71.0,3.1,25.0,0.213836478,0.3269230769,1.004108643,442388.5,457500.0,273.251729026
2024-03-01,Okanogan,2024,3,Mar,23,120.0,58.0,34.0,5.2,61.0,0.15,0.1304347826,0.9783972448,310000.0,372500.0,151.012145749
2024-03-01,Pacific,2024,3,Mar,24,127.0,64.0,38.0,5.3,36.0,0.2677165354,0.1666666667,0.9852452735,366500.0,352500.0,290.089302094
2024-03-01,Pend Oreille,2024,3,Mar,8,40.0,19.0,16.0,5.0,97.0,0.2,0.25,0.9715667442,522500.0,699000.0,209.892727729
2024-03-01,Pierce,2024,3,Mar,817,1224.0,1045.0,1060.0,1.5,12.0,0.272875817,0.4381884945,1.004680699,550000.0,555000.0,306.963329213
2024-03-01,San Juan,2024,3,Mar,14,76.0,28.0,19.0,5.4,56.0,0.1842105263,0.0,0.9667377887,965000.0,1137500.0,663.780173126
2024-03-01,Skagit,2024,3,Mar,92,180.0,153.0,128.0,2.0,22.0,0.1944444444,0.25,0.9913487842,567773.0,596950.0,357.187886081
2024-03-01,Skamania,2024,3,Mar,7,42.0,14.0,8.0,6.0,79.0,0.2380952381,0.1428571429,0.9460871992,665000.0,527450.0,230.946882217
2024-03-01,Snohomish,2024,3,Mar,716,609.0,983.0,974.0,0.9,6.0,0.2183908046,0.469273743,1.021072068,730000.0,769065.0,415.128907943
2024-03-01,Spokane,2024,3,Mar,524,959.0,614.0,594.0,1.8,28.0,0.2513034411,0.3377862595,0.9979734253,430000.0,435000.0,210.089258231
2024-03-01,Stevens,2024,3,Mar,22,139.0,55.0,46.0,6.3,111.0,0.2230215827,0.3181818182,0.9775803435,356000.0,495123.0,188.107542346
2024-03-01,Thurston,2024,3,Mar,247,387.0,321.0,335.0,1.6,25.0,0.2609819121,0.3684210526,0.9999209153,539950.0,514900.0,283.583341093
2024-03-01,Walla Walla,2024,3,Mar,31,130.0,76.0,68.0,4.2,71.0,0.1846153846,0.09677419355,0.9677046339,405000.0,442625.5,218.47690387
2024-03-01,Whatcom,2024,3,Mar,199,325.0,249.0,259.0,1.6,12.0,0.1846153846,0.3567839196,1.00663304,670000.0,625000.0,358.75331565
2024-03-01,Whitman,2024,3,Mar,21,126.0,58.0,37.0,6.0,72.0,0.2301587302,0.2380952381,0.9830612459,410000.0,397000.0,205.590622182
2024-03-01,Yakima,2024,3,Mar,127,350.0,162.0,143.0,2.8,51.0,0.18,0.2362204724,0.9838642976,335000.0,367227.5,228.384991843
2024-04-01,Adams,2024,4,Apr,12,46.0,17.0,8.0,3.8,20.0,0.2826086957,0.1666666667,0.9756953668,349500.0,310000.0,239.216771502
2024-04-01,Asotin,2024,4,Apr,31,63.0,19.0,27.0,2.0,19.0,0.2063492063,0.2258064516,0.9849251428,330000.0,414900.0,195.833333333
2024-04-01,Benton,2024,4,Apr,222,738.0,305.0,250.0,3.3,57.0,0.2059620596,0.3018018018,0.9964064598,435000.0,449500.0,240.843473797
2024-04-01,Chelan,2024,4,Apr,55,272.0,162.0,75.0,4.9,24.0,0.2316176471,0.2,0.9860618963,599000.0,699000.0,317.502872463
2024-04-01,Clallam,2024,4,Apr,90,145.0,128.0,121.0,1.6,13.0,0.3655172414,0.3333333333,1.009000776,554000.0,599975.0,296.835714745
2024-04-01,Clark,2024,4,Apr,568,1307.0,777.0,644.0,2.3,15.0,0.2746748279,0.323943662,0.9993594198,554980.0,569900.0,297.520661157
2024-04-01,Columbia,2024,4,Apr,3,14.0,4.0,6.0,4.7,108.0,0.1428571429,0.3333333333,0.970779032,307500.0,286450.0,176.724137931
2024-04-01,Cowlitz,2024,4,Apr,124,197.0,141.0,155.0,1.6,23.0,0.3096446701,0.3467741935,0.991697769,394000.0,445000.0,265.695077368
2024-04-01,Douglas,2024,4,Apr,42,99.0,63.0,45.0,2.4,20.0,0.2626262626,0.2619047619,0.9972058304,538450.0,615000.0,307.260520861
2024-04-01,Franklin,2024,4,Apr,89,266.0,101.0,83.0,3.0,66.0,0.1390977444,0.191011236,0.9966448367,415000.0,410000.0,253.229527105
2024-04-01,Garfield,2024,4,Apr,5,1.0,1.0,4.0,0.2,22.0,,0.2,0.9947162791,199000.0,225000.0,143.198090692
2024-04-01,Grant,2024,4,Apr,67,252.0,123.0,110.0,3.8,41.0,0.2579365079,0.2835820896,0.9963335221,340000.0,389900.0,220.838794233
2024-04-01,Grays Harbor,2024,4,Apr,66,347.0,158.0,104.0,5.3,29.0,0.2391930836,0.196969697,0.9849409878,357500.0,369900.0,228.450226244
2024-04-01,Island,2024,4,Apr,94,231.0,175.0,115.0,2.5,7.0,0.2727272727,0.3829787234,1.001744732,624975.0,695000.0,340.768335711
2024-04-01,Jefferson,2024,4,Apr,29,76.0,39.0,25.0,2.6,45.0,0.3026315789,0.1379310345,0.9679630431,649990.0,725000.0,345.800867888
2024-04-01,King,2024,4,Apr,2343,2861.0,3237.0,2749.0,1.2,6.0,0.242222999,0.4716175843,1.026185189,895000.0,864950.0,536.873156342
2024-04-01,Kitsap,2024,4,Apr,309,523.0,462.0,392.0,1.7,11.0,0.2370936902,0.3656957929,1.004513538,562500.0,598500.0,303.138273598
2024-04-01,Kittitas,2024,4,Apr,53,261.0,146.0,73.0,4.9,14.0,0.2222222222,0.1698113208,0.9930876779,545560.0,599974.5,313.75588697
2024-04-01,Klickitat,2024,4,Apr,14,73.0,32.0,21.0,5.2,106.0,0.2328767123,0.2142857143,0.9771640989,464250.0,607000.0,302.853659224
2024-04-01,Lewis,2024,4,Apr,81,205.0,104.0,105.0,2.5,28.0,0.3756097561,0.3086419753,0.9903804342,402100.0,439450.0,271.775751579
2024-04-01,Lincoln,2024,4,Apr,7,52.0,18.0,12.0,7.4,31.0,0.1346153846,0.4285714286,0.9966523141,412000.0,562450.0,238.378378378
2024-04-01,Mason,2024,4,Apr,63,189.0,119.0,91.0,3.0,18.0,0.2698412698,0.2222222222,0.9909158006,439949.0,490000.0,294.642857143
2024-04-01,Okanogan,2024,4,Apr,34,137.0,65.0,45.0,4.0,31.0,0.1532846715,0.2058823529,0.9763454138,330000.0,414900.0,220.588235294
2024-04-01,Pacific,2024,4,Apr,29,139.0,49.0,34.0,4.8,28.0,0.2589928058,0.1034482759,0.9778505025,482500.0,395000.0,307.716836735
2024-04-01,Pend Oreille,2024,4,Apr,14,39.0,18.0,14.0,2.8,43.0,0.2564102564,0.2142857143,0.982763214,360000.0,394975.0,222.671254802
2024-04-01,Pierce,2024,4,Apr,954,1448.0,1325.0,1185.0,1.5,9.0,0.2714088398,0.4329140461,1.006314348,562475.0,574950.0,318.153462258
2024-04-01,San Juan,2024,4,Apr,16,96.0,48.0,23.0,6.0,48.0,0.125,0.0,0.9481270598,977500.0,981500.0,568.232175376
2024-04-01,Skagit,2024,4,Apr,102,240.0,184.0,130.0,2.4,10.0,0.2458333333,0.2843137255,0.9881959146,620000.0,600875.0,343.652740256
2024-04-01,Skamania,2024,4,Apr,5,50.0,22.0,12.0,10.0,103.0,0.2,0.4,1.021860124,505000.0,739950.0,263.726635514
2024-04-01,Snohomish,2024,4,Apr,872,725.0,1080.0,987.0,0.8,6.0,0.2468965517,0.5275229358,1.02694184,750000.0,765000.0,410.867746934
2024-04-01,Spokane,2024,4,Apr,551,1126.0,890.0,713.0,2.0,19.0,0.2921847247,0.3393829401,0.9973954745,435750.0,440997.5,223.613595707
2024-04-01,Stevens,2024,4,Apr,38,181.0,83.0,48.0,4.8,50.0,0.1988950276,0.1315789474,0.9883267074,390000.0,460000.0,221.023181455
2024-04-01,Thurston,2024,4,Apr,305,443.0,421.0,402.0,1.5,11.0,0.2979683973,0.4393442623,1.001313718,510000.0,520000.0,290.742404124
2024-04-01,Wahkiakum,2024,4,Apr,3,20.0,6.0,4.0,6.7,91.0,0.3,0.3333333333,0.9962970782,475000.0,714000.0,220.170454545
2024-04-01,Walla Walla,2024,4,Apr,65,141.0,74.0,67.0,2.2,31.0,0.2907801418,0.2,0.9843712556,404956.0,465557.5,250.602409639
2024-04-01,Whatcom,2024,4,Apr,233,399.0,344.0,279.0,1.7,12.0,0.2030075188,0.347639485,1.003967925,635000.0,654500.0,367.647058824
2024-04-01,Whitman,2024,4,Apr,30,145.0,63.0,47.0,4.8,61.0,0.2206896552,0.1333333333,0.9829191805,409500.0,447000.0,200.344480994
2024-04-01,Yakima,2024,4,Apr,131,374.0,191.0,183.0,2.9,35.0,0.2165775401,0.2748091603,0.9906308741,380000.0,374900.0,230.930720784
2024-05-01,Adams,2024,5,May,9,39.0,11.0,14.0,4.3,49.0,0.2564102564,0.2222222222,0.9861876206,255000.0,309950.0,184.722222222
2024-05-01,Asotin,2024,5,May,30,70.0,31.0,24.0,2.3,34.0,0.2428571429,0.1,0.9844365439,404950.0,359000.0,224.972832649
2024-05-01,Benton,2024,5,May,241,773.0,329.0,278.0,3.2,53.0,0.2276843467,0.1991701245,0.9947009502,435000.0,464995.0,244.922341697
2024-05-01,Chelan,2024,5,May,79,344.0,186.0,121.0,4.4,12.0,0.2703488372,0.2784810127,0.9945960902,576500.0,722500.0,333.969465649
2024-05-01,Clallam,2024,5,May,90,181.0,130.0,102.0,2.0,15.0,0.3425414365,0.2333333333,0.9950091672,525000.0,517000.0,314.814814815
2024-05-01,Clark,2024,5,May,577,1488.0,880.0,697.0,2.6,16.0,0.2809139785,0.3275563258,1.000997132,550000.0,579000.0,300.659514107
2024-05-01,Columbia,2024,5,May,6,22.0,10.0,2.0,3.7,85.0,0.2727272727,0.0,0.9682865849,275000.0,294950.0,207.371688283
2024-05-01,Cowlitz,2024,5,May,113,254.0,175.0,124.0,2.2,26.0,0.3622047244,0.3362831858,0.9995667815,439000.0,439900.0,243.405797101
2024-05-01,Douglas,2024,5,May,47,119.0,84.0,61.0,2.5,18.0,0.3277310924,0.3404255319,0.9909748344,509000.0,515000.0,299.719887955
2024-05-01,Ferry,2024,5,May,10,49.0,15.0,9.0,4.9,56.0,0.2653061224,0.0,0.966697847,343450.0,399000.0,164.929627023
2024-05-01,Franklin,2024,5,May,89,280.0,112.0,94.0,3.1,70.0,0.2,0.1573033708,0.9971085669,433000.0,429947.5,257.672887699
2024-05-01,Grant,2024,5,May,106,285.0,146.0,107.0,2.7,34.0,0.2280701754,0.2735849057,0.9875372899,329999.5,381086.0,231.93126756
2024-05-01,Grays Harbor,2024,5,May,97,407.0,167.0,109.0,4.2,30.0,0.2727272727,0.2164948454,0.985422531,375000.0,399500.0,266.058532877
2024-05-01,Island,2024,5,May,117,258.0,183.0,163.0,2.2,13.0,0.3837209302,0.2564102564,0.990670945,623000.0,735000.0,355.263157895
2024-05-01,Jefferson,2024,5,May,27,100.0,66.0,39.0,3.7,24.0,0.29,0.1111111111,0.9834439574,674990.0,679000.0,367.469879518
2024-05-01,King,2024,5,May,2678,3876.0,3789.0,2687.0,1.4,6.0,0.2714138287,0.4611650485,1.02348305,900000.0,889950.0,538.80631594
2024-05-01,Kitsap,2024,5,May,350,630.0,555.0,455.0,1.8,13.0,0.3079365079,0.3828571429,1.006129006,581972.5,566950.0,298.787289636
2024-05-01,Kittitas,2024,5,May,63,316.0,176.0,107.0,5.0,17.0,0.3006329114,0.1428571429,0.981391533,650000.0,622500.0,316.487158244
2024-05-01,Klickitat,2024,5,May,23,80.0,35.0,32.0,3.5,32.0,0.25,0.1304347826,0.9810834869,625000.0,645000.0,292.96875
2024-05-01,Lewis,2024,5,May,104,252.0,142.0,103.0,2.4,33.0,0.3095238095,0.2307692308,0.9882425786,418500.0,475000.0,273.159164852
2024-05-01,Lincoln,2024,5,May,11,60.0,26.0,16.0,5.5,12.0,0.3166666667,0.09090909091,0.9734749873,299900.0,349450.0,143.75
2024-05-01,Mason,2024,5,May,87,221.0,135.0,109.0,2.5,20.0,0.3846153846,0.275862069,0.9943516639,425000.0,495000.0,292.372881356
2024-05-01,Okanogan,2024,5,May,44,168.0,80.0,51.0,3.8,30.0,0.2321428571,0.1818181818,0.9661369513,330450.0,476000.0,194.865560641
2024-05-01,Pacific,2024,5,May,38,171.0,73.0,44.0,4.5,40.0,0.2631578947,0.1315789474,0.9720476175,375000.0,385000.0,282.051282051
2024-05-01,Pend Oreille,2024,5,May,17,66.0,40.0,13.0,3.9,33.0,0.2424242424,0.1176470588,0.9777525014,535000.0,457500.0,277.407001929
2024-05-01,Pierce,2024,5,May,1048,1820.0,1540.0,1233.0,1.7,8.0,0.3554945055,0.4379770992,1.007596772,560000.0,582925.0,316.689497717
2024-05-01,San Juan,2024,5,May,17,121.0,46.0,20.0,7.1,11.0,0.1900826446,0.2352941176,1.000172587,735000.0,1250000.0,492.307692308
2024-05-01,Skagit,2024,5,May,129,322.0,239.0,172.0,2.5,13.0,0.2795031056,0.2868217054,0.9974976749,585000.0,612000.0,352.793471438
2024-05-01,Skamania,2024,5,May,11,64.0,31.0,17.0,5.8,41.0,0.296875,0.09090909091,0.9761526926,603578.0,645000.0,310.869565217
2024-05-01,Snohomish,2024,5,May,940,1084.0,1380.0,1042.0,1.2,6.0,0.3108856089,0.5095744681,1.021609075,780000.0,789995.0,415.629420013
2024-05-01,Spokane,2024,5,May,655,1478.0,988.0,629.0,2.3,13.0,0.3044654939,0.3755725191,0.9994578023,432900.0,459450.0,218.253968254
2024-05-01,Stevens,2024,5,May,46,210.0,91.0,52.0,4.6,47.0,0.2714285714,0.08695652174,0.9721485275,481500.0,414900.0,237.950937951
2024-05-01,Thurston,2024,5,May,351,541.0,502.0,412.0,1.5,9.0,0.3530499076,0.4102564103,1.003780669,505000.0,547000.0,288.910910604
2024-05-01,Wahkiakum,2024,5,May,4,20.0,6.0,6.0,5.0,89.0,0.25,0.0,0.9543897279,594500.0,634500.0,326.456884651
2024-05-01,Walla Walla,2024,5,May,52,171.0,94.0,68.0,3.3,21.0,0.298245614,0.1730769231,0.9827551798,387495.0,442499.5,252.496993272
2024-05-01,Whatcom,2024,5,May,273,513.0,417.0,292.0,1.9,8.0,0.1968810916,0.315018315,1.00116507,625000.0,635000.0,379.392971246
2024-05-01,Whitman,2024,5,May,47,151.0,52.0,50.0,3.2,40.0,0.357615894,0.1276595745,0.9808642792,375000.0,414500.0,193.641618497
2024-05-01,Yakima,2024,5,May,155,408.0,207.0,181.0,2.6,32.0,0.2401960784,0.2451612903,0.9900503943,350000.0,384900.0,228.331611264
2024-06-01,Adams,2024,6,Jun,11,51.0,24.0,12.0,4.6,68.0,0.2156862745,0.0,0.9662888282,327500.0,342500.0,228.064066852
2024-06-01,Asotin,2024,6,Jun,14,74.0,27.0,24.0,5.3,58.0,0.3513513514,0.2142857143,0.9734320958,284950.0,345000.0,224.038461538
2024-06-01,Benton,2024,6,Jun,246,830.0,327.0,262.0,3.4,47.0,0.1686746988,0.2642276423,0.9960801473,430000.0,449450.0,242.514964972
2024-06-01,Chelan,2024,6,Jun,90,361.0,119.0,101.0,4.0,18.0,0.3047091413,0.1555555556,0.9867449688,687500.0,675000.0,329.007011691
2024-06-01,Clallam,2024,6,Jun,90,225.0,135.0,100.0,2.5,9.0,0.3333333333,0.2,0.9937450656,516250.0,559950.0,307.864010989
2024-06-01,Clark,2024,6,Jun,583,1602.0,779.0,682.0,2.7,20.0,0.2802746567,0.2967409949,0.9967967474,542000.0,575000.0,300.925925926
2024-06-01,Columbia,2024,6,Jun,3,16.0,7.0,13.0,5.3,29.0,0.375,0.3333333333,1.129704676,274000.0,238000.0,117.094017094
2024-06-01,Cowlitz,2024,6,Jun,108,289.0,164.0,132.0,2.7,15.0,0.3667820069,0.4722222222,1.004237598,440000.0,450000.0,279.432086805
2024-06-01,Douglas,2024,6,Jun,49,141.0,61.0,36.0,2.9,11.0,0.3262411348,0.2857142857,0.9943296641,545000.0,584500.0,309.198542805
2024-06-01,Ferry,2024,6,Jun,12,48.0,11.0,8.0,4.0,85.0,0.2083333333,0.08333333333,0.9424736837,258500.0,315000.0,184.057250221
2024-06-01,Franklin,2024,6,Jun,77,305.0,135.0,89.0,4.0,50.0,0.2,0.2987012987,1.001322653,418000.0,440925.0,265.17222526
2024-06-01,Garfield,2024,6,Jun,4,3.0,3.0,2.0,0.8,10.0,,0.5,1.010184828,262500.0,229000.0,131.718178931
2024-06-01,Grant,2024,6,Jun,92,278.0,95.0,100.0,3.0,27.0,0.2482014388,0.2282608696,0.9850839522,371225.0,395000.0,240.729166667
2024-06-01,Grays Harbor,2024,6,Jun,102,447.0,182.0,129.0,4.4,29.0,0.2729306488,0.1470588235,0.9819217694,354975.0,394500.0,254.766279257
2024-06-01,Island,2024,6,Jun,125,277.0,144.0,114.0,2.2,16.0,0.2635379061,0.272,0.9917830577,669000.0,682000.0,362.554112554
2024-06-01,Jefferson,2024,6,Jun,38,125.0,73.0,52.0,3.3,21.0,0.272,0.2631578947,0.9893282295,643000.0,710000.0,354.329430606
2024-06-01,King,2024,6,Jun,2349,4227.0,3201.0,2617.0,1.8,7.0,0.3058907026,0.3878246062,1.014012003,888888.0,850000.0,526.178472666
2024-06-01,Kitsap,2024,6,Jun,376,670.0,419.0,390.0,1.8,11.0,0.3179104478,0.3670212766,1.001568516,569995.0,585000.0,297.736442356
2024-06-01,Kittitas,2024,6,Jun,94,338.0,128.0,102.0,3.6,26.0,0.298816568,0.1595744681,0.9889152578,549500.0,546500.0,298.852959255
2024-06-01,Klickitat,2024,6,Jun,19,106.0,49.0,18.0,5.6,26.0,0.1981132075,0.4210526316,0.9898264729,630000.0,570000.0,358.463562778
2024-06-01,Lewis,2024,6,Jun,72,286.0,124.0,91.0,4.0,27.0,0.3531468531,0.3055555556,0.9855714074,435570.0,452500.0,272.698787705
2024-06-01,Lincoln,2024,6,Jun,15,57.0,13.0,18.0,3.8,36.0,0.2631578947,0.06666666667,0.9696684636,368000.0,370000.0,175.702811245
2024-06-01,Mason,2024,6,Jun,77,254.0,129.0,99.0,3.3,14.0,0.3937007874,0.1688311688,0.9871445844,479673.0,479900.0,293.743536182
2024-06-01,Okanogan,2024,6,Jun,38,182.0,67.0,57.0,4.8,37.0,0.2252747253,0.1315789474,0.9649129112,439500.0,390000.0,269.832490518
2024-06-01,Pacific,2024,6,Jun,31,214.0,72.0,32.0,6.9,30.0,0.238317757,0.1290322581,0.9608842615,340000.0,395000.0,280.864197531
2024-06-01,Pend Oreille,2024,6,Jun,10,73.0,31.0,17.0,7.3,40.0,0.2876712329,0.5,0.9765796633,291050.0,455000.0,207.929316005
2024-06-01,Pierce,2024,6,Jun,976,2076.0,1337.0,1086.0,2.1,11.0,0.3487475915,0.3883196721,1.002429699,565000.0,584900.0,313.794986199
2024-06-01,San Juan,2024,6,Jun,19,131.0,37.0,18.0,6.9,44.0,0.2595419847,0.05263157895,0.9504565628,879000.0,980000.0,514.205682273
2024-06-01,Skagit,2024,6,Jun,131,308.0,169.0,184.0,2.4,12.0,0.262987013,0.2519083969,0.9934431197,590000.0,624950.0,329.281183932
2024-06-01,Skamania,2024,6,Jun,15,66.0,21.0,17.0,4.4,24.0,0.3636363636,0.3333333333,0.9997539172,640000.0,670000.0,308.407738095
2024-06-01,Snohomish,2024,6,Jun,913,1296.0,1169.0,960.0,1.4,7.0,0.3433641975,0.4556407448,1.013501513,775159.5,765000.0,422.257949337
2024-06-01,Spokane,2024,6,Jun,626,1597.0,828.0,646.0,2.6,14.0,0.3587977458,0.321086262,0.9983356876,439900.0,450000.0,224.358974359
2024-06-01,Stevens,2024,6,Jun,43,238.0,82.0,44.0,5.5,17.0,0.2268907563,0.2093023256,0.9786109762,440000.0,436000.0,230.774791747
2024-06-01,Thurston,2024,6,Jun,369,596.0,410.0,385.0,1.6,12.0,0.3506711409,0.3441734417,1.000731391,524990.0,549925.0,296.437659033
2024-06-01,Wahkiakum,2024,6,Jun,5,28.0,10.0,3.0,5.6,79.0,0.2857142857,0.2,0.9346352347,390000.0,529500.0,219.35483871
2024-06-01,Walla Walla,2024,6,Jun,63,181.0,83.0,81.0,2.9,41.0,0.3977900552,0.2063492063,0.9821914523,500000.0,444660.0,258.375922771
2024-06-01,Whatcom,2024,6,Jun,251,574.0,364.0,299.0,2.3,9.0,0.2595818815,0.3027888446,1.001941396,612000.0,649000.0,370.246831221
2024-06-01,Whitman,2024,6,Jun,53,155.0,50.0,43.0,2.9,44.0,0.335483871,0.1698113208,0.9798119935,425000.0,412500.0,224.090909091
2024-06-01,Yakima,2024,6,Jun,149,400.0,173.0,182.0,2.7,36.0,0.2575,0.2348993289,0.9965531381,369455.0,386250.0,227.225672878
2024-07-01,Adams,2024,7,Jul,11,49.0,17.0,20.0,4.5,32.0,0.2244897959,0.2727272727,1.01650979,275499.5,285000.0,202.57296544
2024-07-01,Asotin,2024,7,Jul,22,67.0,26.0,27.0,3.0,15.0,0.4626865672,0.2272727273,0.9831622642,349950.0,364900.0,191.256009615
2024-07-01,Benton,2024,7,Jul,241,856.0,310.0,268.0,3.6,49.0,0.2453271028,0.2738589212,0.9935831872,460000.0,455000.0,244.171696315
2024-07-01,Chelan,2024,7,Jul,87,373.0,124.0,93.0,4.3,23.0,0.2949061662,0.1379310345,0.9810859021,635000.0,675000.0,318.47826087
2024-07-01,Clallam,2024,7,Jul,92,238.0,125.0,116.0,2.6,12.0,0.4579831933,0.2282608696,0.9925082053,505000.0,599000.0,298.081907724
2024-07-01,Clark,2024,7,Jul,635,1636.0,691.0,646.0,2.6,20.0,0.3337408313,0.2598425197,0.9979699768,560000.0,575000.0,303.858404361
2024-07-01,Columbia,2024,7,Jul,12,18.0,7.0,3.0,1.5,21.0,0.5,0.25,1.003783017,254000.0,379900.0,184.396414683
2024-07-01,Cowlitz,2024,7,Jul,116,315.0,154.0,135.0,2.7,20.0,0.380952381,0.3706896552,0.996723615,405000.0,413900.0,256.792025877
2024-07-01,Douglas,2024,7,Jul,49,142.0,53.0,50.0,2.9,14.0,0.3873239437,0.2653061224,0.9873625759,515000.0,561800.0,290.255986788
2024-07-01,Ferry,2024,7,Jul,5,47.0,8.0,5.0,9.4,94.0,0.3191489362,0.0,0.9746128535,320000.0,499950.0,183.333333333
2024-07-01,Franklin,2024,7,Jul,96,316.0,122.0,92.0,3.3,58.0,0.2436708861,0.1770833333,0.9964890206,413500.0,425000.0,257.08962725
2024-07-01,Garfield,2024,7,Jul,2,3.0,1.0,1.0,1.5,20.0,,1.0,1.019005564,202500.0,325000.0,133.944596347
2024-07-01,Grant,2024,7,Jul,94,330.0,158.0,93.0,3.5,34.0,0.3151515152,0.2765957447,0.9893912986,348995.0,376420.0,226.461834759
2024-07-01,Grays Harbor,2024,7,Jul,98,469.0,152.0,119.0,4.8,39.0,0.3304904051,0.2244897959,0.991483165,359950.0,375491.0,252.615664521
2024-07-01,Island,2024,7,Jul,115,285.0,134.0,133.0,2.5,19.0,0.3298245614,0.2869565217,0.9901235654,629000.0,670000.0,341.964965727
2024-07-01,Jefferson,2024,7,Jul,44,126.0,52.0,58.0,2.9,25.0,0.3650793651,0.1818181818,0.9824988198,665000.0,696000.0,379.106992418
2024-07-01,King,2024,7,Jul,2431,4318.0,2793.0,2427.0,1.8,9.0,0.3263084761,0.3525298231,1.007697165,899950.0,855000.0,530.405405405
2024-07-01,Kitsap,2024,7,Jul,374,673.0,415.0,407.0,1.8,13.0,0.3833580981,0.3235294118,0.999670051,552500.0,579000.0,303.427443837
2024-07-01,Kittitas,2024,7,Jul,93,359.0,125.0,91.0,3.9,30.0,0.348189415,0.1827956989,0.9883489987,495000.0,645500.0,303.867403315
2024-07-01,Klickitat,2024,7,Jul,17,109.0,24.0,14.0,6.4,10.0,0.3394495413,0.1764705882,0.9667707965,485000.0,655000.0,315.462792443
2024-07-01,Lewis,2024,7,Jul,80,309.0,103.0,81.0,3.9,32.0,0.3851132686,0.25,0.9771941962,443626.5,482000.0,282.375643225
2024-07-01,Lincoln,2024,7,Jul,12,60.0,18.0,14.0,5.0,24.0,0.3333333333,0.1666666667,0.9769271413,347000.0,282450.0,235.910878113
2024-07-01,Mason,2024,7,Jul,87,283.0,133.0,110.0,3.3,37.0,0.3568904594,0.2413793103,0.9852081371,479950.0,445950.0,289.366515837
2024-07-01,Okanogan,2024,7,Jul,46,192.0,52.0,36.0,4.2,44.0,0.1979166667,0.1739130435,0.9708626245,391000.0,457500.0,237.631118881
2024-07-01,Pacific,2024,7,Jul,24,226.0,60.0,48.0,9.4,55.0,0.3274336283,0.0,0.9552017922,286500.0,439500.0,271.411265899
2024-07-01,Pend Oreille,2024,7,Jul,12,80.0,25.0,16.0,6.7,25.0,0.4,0.25,0.9985170541,421247.5,425000.0,229.39006558
2024-07-01,Pierce,2024,7,Jul,1031,2168.0,1213.0,1138.0,2.1,14.0,0.4188191882,0.3598448109,1.001085179,570000.0,589000.0,312.5
2024-07-01,San Juan,2024,7,Jul,14,145.0,48.0,34.0,10.4,66.0,0.2551724138,0.3571428571,0.9794043468,875000.0,1225000.0,565.856699618
2024-07-01,Skagit,2024,7,Jul,171,311.0,178.0,178.0,1.8,19.0,0.3504823151,0.2397660819,0.9867963521,575000.0,595975.0,348.330914369
2024-07-01,Skamania,2024,7,Jul,15,57.0,15.0,25.0,3.8,40.0,0.2456140351,0.06666666667,0.978857663,565000.0,819000.0,307.01754386
2024-07-01,Snohomish,2024,7,Jul,951,1361.0,1038.0,965.0,1.4,8.0,0.3791329904,0.3732912723,1.004907433,765000.0,750000.0,417.923958962
2024-07-01,Spokane,2024,7,Jul,615,1632.0,723.0,627.0,2.7,20.0,0.4221813725,0.3056910569,0.9922089972,430000.0,440700.0,228.471001757
2024-07-01,Stevens,2024,7,Jul,43,225.0,51.0,53.0,5.2,37.0,0.3022222222,0.2093023256,0.9840850496,375000.0,435000.0,237.171052632
2024-07-01,Thurston,2024,7,Jul,353,628.0,389.0,379.0,1.8,18.0,0.423566879,0.2889518414,0.9989191375,549000.0,525000.0,294.821925257
2024-07-01,Wahkiakum,2024,7,Jul,1,31.0,9.0,3.0,31.0,124.0,0.3548387097,0.0,1.0,850000.0,435000.0,167.685934109
2024-07-01,Walla Walla,2024,7,Jul,65,190.0,83.0,81.0,2.9,28.0,0.3947368421,0.2153846154,0.9770276771,425000.0,435000.0,231.707317073
2024-07-01,Whatcom,2024,7,Jul,260,642.0,366.0,292.0,2.5,15.0,0.277258567,0.2423076923,0.9960484292,675000.0,649900.0,368.227803577
2024-07-01,Whitman,2024,7,Jul,38,151.0,39.0,47.0,4.0,50.0,0.3443708609,0.05263157895,0.9735898963,389500.0,449900.0,202.07253886
2024-07-01,Yakima,2024,7,Jul,172,408.0,203.0,186.0,2.4,34.0,0.2965686275,0.1976744186,0.9894243012,375000.0,385000.0,217.449665995
2024-08-01,Adams,2024,8,Aug,13,55.0,16.0,7.0,4.2,63.0,0.2,0.07692307692,0.9604285371,309950.0,338900.0,222.431077694
2024-08-01,Asotin,2024,8,Aug,25,76.0,29.0,19.0,3.0,65.0,0.3026315789,0.24,0.9748380153,380000.0,375000.0,229.125528914
2024-08-01,Benton,2024,8,Aug,262,837.0,295.0,272.0,3.2,46.0,0.2437275986,0.2251908397,0.9938399017,445000.0,419900.0,238.976301476
2024-08-01,Chelan,2024,8,Aug,85,394.0,132.0,101.0,4.6,41.0,0.2639593909,0.1647058824,0.9760299755,595000.0,647350.0,328.733766234
2024-08-01,Clallam,2024,8,Aug,95,247.0,116.0,106.0,2.6,21.0,0.3198380567,0.1473684211,0.9863574526,535000.0,589000.0,316.901408451
2024-08-01,Clark,2024,8,Aug,602,1689.0,698.0,594.0,2.8,26.0,0.3510953227,0.2475083056,0.9914510557,550000.0,575000.0,298.994329634
2024-08-01,Columbia,2024,8,Aug,6,19.0,6.0,5.0,3.2,131.0,0.3684210526,0.0,0.9693614167,330950.0,254900.0,162.352776319
2024-08-01,Cowlitz,2024,8,Aug,118,335.0,153.0,134.0,2.8,21.0,0.3402985075,0.2796610169,0.9948953701,408000.0,434900.0,263.833167134
2024-08-01,Douglas,2024,8,Aug,45,151.0,61.0,51.0,3.4,15.0,0.3046357616,0.3333333333,0.9984208665,520000.0,549000.0,299.798212741
2024-08-01,Ferry,2024,8,Aug,9,49.0,14.0,9.0,5.4,93.0,0.1632653061,0.0,0.9558683792,350000.0,394950.0,256.41025641
2024-08-01,Franklin,2024,8,Aug,100,312.0,109.0,98.0,3.1,51.0,0.2211538462,0.25,0.9985750717,418450.0,427850.0,250.961361937
2024-08-01,Garfield,2024,8,Aug,1,3.0,2.0,2.0,3.0,19.0,,0.0,0.96,240000.0,336950.0,122.324159021
2024-08-01,Grant,2024,8,Aug,88,335.0,122.0,92.0,3.8,41.0,0.2746268657,0.1704545455,0.9835892614,361083.0,366250.0,228.065340909
2024-08-01,Grays Harbor,2024,8,Aug,103,498.0,161.0,124.0,4.8,46.0,0.3212851406,0.2233009709,0.98275212,370000.0,375000.0,280.103657673
2024-08-01,Island,2024,8,Aug,116,300.0,137.0,123.0,2.6,23.0,0.36,0.1896551724,0.9853484182,662500.0,615000.0,350.86176574
2024-08-01,Jefferson,2024,8,Aug,54,124.0,56.0,56.0,2.3,18.0,0.3467741935,0.2407407407,0.9816813558,731875.0,698000.0,350.747897615
2024-08-01,King,2024,8,Aug,2287,4427.0,2602.0,2219.0,1.9,13.0,0.2959114525,0.3108876257,1.00135003,879950.0,849950.0,507.03125
2024-08-01,Kitsap,2024,8,Aug,392,641.0,366.0,380.0,1.6,18.0,0.3900156006,0.3341836735,1.001027338,570000.0,552972.5,298.243774862
2024-08-01,Kittitas,2024,8,Aug,94,368.0,108.0,93.0,3.9,34.0,0.2826086957,0.1914893617,0.9849923973,541500.0,575000.0,328.078550265
2024-08-01,Klickitat,2024,8,Aug,19,110.0,23.0,15.0,5.8,62.0,0.2454545455,0.1052631579,0.9587829408,475000.0,475000.0,320.729237002
2024-08-01,Lewis,2024,8,Aug,72,329.0,123.0,87.0,4.6,29.0,0.4012158055,0.2916666667,0.9815366057,452500.0,449000.0,281.527682105
2024-08-01,Lincoln,2024,8,Aug,12,51.0,11.0,15.0,4.3,63.0,0.3529411765,0.3333333333,1.016374411,311500.0,449000.0,187.969924812
2024-08-01,Mason,2024,8,Aug,95,286.0,129.0,114.0,3.0,32.0,0.3671328671,0.2315789474,0.993064466,489950.0,449950.0,309.037900875
2024-08-01,Okanogan,2024,8,Aug,34,179.0,38.0,38.0,5.3,39.0,0.2737430168,0.02941176471,0.9795785919,387500.0,392450.0,226.002208743
2024-08-01,Pacific,2024,8,Aug,39,232.0,64.0,55.0,5.9,34.0,0.3189655172,0.1282051282,0.9707942947,450000.0,382500.0,274.122807018
2024-08-01,Pend Oreille,2024,8,Aug,22,72.0,18.0,26.0,3.3,36.0,0.5138888889,0.1818181818,0.9889789748,417500.0,432000.0,198.941580726
2024-08-01,Pierce,2024,8,Aug,1021,2212.0,1199.0,1136.0,2.2,21.0,0.3928571429,0.3290891283,0.9976062193,575000.0,575000.0,313.267813268
2024-08-01,San Juan,2024,8,Aug,32,153.0,38.0,25.0,4.8,32.0,0.2549019608,0.125,0.9650666376,880000.0,895000.0,577.557912612
2024-08-01,Skagit,2024,8,Aug,147,299.0,167.0,170.0,2.0,22.0,0.3712374582,0.2176870748,0.9873733851,599000.0,585000.0,356.32183908
2024-08-01,Skamania,2024,8,Aug,20,61.0,18.0,14.0,3.1,57.0,0.3770491803,0.1,0.9571804294,569500.0,567500.0,348.453134114
2024-08-01,Snohomish,2024,8,Aug,923,1361.0,1024.0,1013.0,1.5,12.0,0.4188096988,0.3434452871,1.00243279,759995.0,772442.0,418.762088975
2024-08-01,Spokane,2024,8,Aug,628,1607.0,723.0,657.0,2.6,26.0,0.3652769135,0.2929936306,0.9933675882,438580.5,435000.0,217.481358741
2024-08-01,Stevens,2024,8,Aug,51,241.0,85.0,48.0,4.7,65.0,0.2531120332,0.1176470588,0.9725572221,370000.0,437250.0,200.909090909
2024-08-01,Thurston,2024,8,Aug,348,628.0,364.0,375.0,1.8,21.0,0.3757961783,0.3103448276,0.9955943379,525000.0,522450.0,291.701284156
2024-08-01,Wahkiakum,2024,8,Aug,5,30.0,6.0,6.0,6.0,51.0,0.3,0.0,0.9488473997,581000.0,469450.0,310.218978102
2024-08-01,Walla Walla,2024,8,Aug,72,187.0,65.0,67.0,2.6,19.0,0.3155080214,0.3333333333,0.980115033,408007.5,435000.0,260.672184934
2024-08-01,Whatcom,2024,8,Aug,281,658.0,364.0,338.0,2.3,15.0,0.3313069909,0.2597864769,0.9957643843,670000.0,659000.0,385.594599865
2024-08-01,Whitman,2024,8,Aug,27,161.0,44.0,25.0,6.0,64.0,0.2608695652,0.03703703704,0.9661131876,420000.0,371200.0,206.195546951
2024-08-01,Yakima,2024,8,Aug,146,410.0,189.0,167.0,2.8,31.0,0.2853658537,0.2602739726,0.9912029706,375000.0,389000.0,227.890826873
2024-09-01,Adams,2024,9,Sep,8,54.0,13.0,12.0,6.8,85.0,0.2407407407,0.125,0.9718956257,290000.0,290000.0,201.940035273
2024-09-01,Asotin,2024,9,Sep,20,78.0,29.0,32.0,3.9,30.0,0.3717948718,0.1,0.9729942847,305000.0,365000.0,210.377281375
2024-09-01,Benton,2024,9,Sep,233,895.0,307.0,248.0,3.8,55.0,0.2569832402,0.2188841202,0.9875454801,430000.0,449900.0,241.73897549
2024-09-01,Chelan,2024,9,Sep,86,380.0,83.0,85.0,4.4,33.0,0.2578947368,0.1744186047,0.9833027012,651000.0,630000.0,322.783314338
2024-09-01,Clallam,2024,9,Sep,80,261.0,109.0,107.0,3.3,24.0,0.2950191571,0.15,0.9818456913,539975.0,525000.0,297.580645161
2024-09-01,Clark,2024,9,Sep,515,1636.0,596.0,624.0,3.2,35.0,0.3141809291,0.2116504854,0.9917353114,554315.0,554900.0,301.330286155
2024-09-01,Columbia,2024,9,Sep,1,18.0,5.0,4.0,18.0,13.0,0.5555555556,1.0,1.020408163,255000.0,300000.0,226.063829787
2024-09-01,Cowlitz,2024,9,Sep,93,317.0,116.0,126.0,3.4,28.0,0.3154574132,0.2688172043,0.9928002648,447000.0,444950.0,277.777777778
2024-09-01,Douglas,2024,9,Sep,36,145.0,57.0,49.0,4.0,39.0,0.2689655172,0.2222222222,0.9850766079,537500.0,503999.0,291.717572488
2024-09-01,Ferry,2024,9,Sep,9,43.0,9.0,10.0,4.8,127.0,0.09302325581,0.0,0.8978737192,333000.0,294900.0,145.820503092
2024-09-01,Franklin,2024,9,Sep,89,318.0,100.0,100.0,3.6,58.0,0.2295597484,0.1685393258,0.9945757404,414900.0,449495.0,256.073539068
2024-09-01,Garfield,2024,9,Sep,1,6.0,3.0,1.0,6.0,19.0,0.1666666667,0.0,0.9538461538,310000.0,199900.0,122.143420016
2024-09-01,Grant,2024,9,Sep,69,329.0,109.0,84.0,4.8,36.0,0.2705167173,0.3043478261,0.9866185841,340000.0,387000.0,241.206030151
2024-09-01,Grays Harbor,2024,9,Sep,98,498.0,126.0,109.0,5.1,54.0,0.3012048193,0.1428571429,0.9838136612,365950.0,375000.0,291.123393802
2024-09-01,Island,2024,9,Sep,105,281.0,115.0,135.0,2.7,40.0,0.334519573,0.1333333333,0.9846311445,639950.0,680000.0,367.597004765
2024-09-01,Jefferson,2024,9,Sep,42,120.0,41.0,37.0,2.9,20.0,0.2916666667,0.2380952381,0.9761957822,647500.0,559000.0,365.816399694
2024-09-01,King,2024,9,Sep,1927,4698.0,2928.0,2379.0,2.4,17.0,0.3122605364,0.2864556305,0.9981576437,875000.0,864995.0,509.970958069
2024-09-01,Kitsap,2024,9,Sep,329,642.0,372.0,358.0,2.0,23.0,0.3457943925,0.2765957447,0.9973857321,550000.0,569475.0,293.008064516
2024-09-01,Kittitas,2024,9,Sep,82,351.0,88.0,82.0,4.3,43.0,0.2991452991,0.1829268293,0.9903035217,497497.5,515000.0,276.407259817
2024-09-01,Klickitat,2024,9,Sep,6,107.0,21.0,15.0,17.8,209.0,0.2336448598,0.0,0.8419785844,333020.0,479000.0,412.946428571
2024-09-01,Lewis,2024,9,Sep,68,315.0,88.0,93.0,4.6,44.0,0.3238095238,0.1764705882,0.9811571566,410050.0,453500.0,265.084591498
2024-09-01,Lincoln,2024,9,Sep,16,56.0,18.0,7.0,3.5,58.0,0.2142857143,0.1875,0.9848806929,362500.0,259500.0,138.127055562
2024-09-01,Mason,2024,9,Sep,90,246.0,91.0,109.0,2.7,25.0,0.3292682927,0.3333333333,0.9919444922,429975.0,500000.0,293.932990868
2024-09-01,Okanogan,2024,9,Sep,24,165.0,34.0,43.0,6.9,57.0,0.2060606061,0.04166666667,0.9687233527,387000.0,459000.0,270.43558952
2024-09-01,Pacific,2024,9,Sep,43,207.0,39.0,54.0,4.8,69.0,0.3381642512,0.09302325581,0.966297061,360000.0,375000.0,247.663551402
2024-09-01,Pend Oreille,2024,9,Sep,17,78.0,27.0,25.0,4.6,58.0,0.2820512821,0.1176470588,0.9544447698,459000.0,450000.0,292.207792208
2024-09-01,Pierce,2024,9,Sep,924,2185.0,1017.0,1061.0,2.4,24.0,0.3597254005,0.3300865801,0.9963334149,565500.0,570000.0,312.891783512
2024-09-01,San Juan,2024,9,Sep,19,144.0,23.0,26.0,7.6,53.0,0.1805555556,0.1578947368,0.9684225666,829000.0,850000.0,503.472222222
2024-09-01,Skagit,2024,9,Sep,149,308.0,146.0,132.0,2.1,28.0,0.3376623377,0.2483221477,0.9851007221,585000.0,599000.0,342.843450479
2024-09-01,Skamania,2024,9,Sep,10,61.0,16.0,14.0,6.1,45.0,0.1803278689,0.1,0.9454534074,632500.0,592000.0,277.254651861
2024-09-01,Snohomish,2024,9,Sep,895,1383.0,955.0,905.0,1.5,18.0,0.3716558207,0.3005586592,0.9982355906,755950.0,765000.0,413.461538462
2024-09-01,Spokane,2024,9,Sep,561,1663.0,714.0,587.0,3.0,32.0,0.3704149128,0.2816399287,0.9903264786,435000.0,440000.0,218.055416221
2024-09-01,Stevens,2024,9,Sep,35,238.0,52.0,50.0,6.8,50.0,0.2731092437,0.1142857143,0.9759581311,448500.0,498500.0,226.063829787
2024-09-01,Thurston,2024,9,Sep,283,583.0,295.0,328.0,2.1,21.0,0.3876500858,0.3215547703,0.9968185077,517000.0,508000.0,296.121593291
2024-09-01,Wahkiakum,2024,9,Sep,5,25.0,4.0,6.0,5.0,63.0,0.44,0.0,0.9573030481,595000.0,527500.0,264.476614699
2024-09-01,Walla Walla,2024,9,Sep,61,164.0,56.0,73.0,2.7,36.0,0.3414634146,0.1803278689,0.9777676532,425000.0,444450.0,265.82278481
2024-09-01,Whatcom,2024,9,Sep,265,629.0,242.0,236.0,2.4,23.0,0.3163751987,0.2075471698,0.9906630746,627000.0,650000.0,382.565241532
2024-09-01,Whitman,2024,9,Sep,24,167.0,35.0,30.0,7.0,73.0,0.2934131737,0.125,0.9768588562,439500.0,365000.0,215.502104322
2024-09-01,Yakima,2024,9,Sep,155,435.0,242.0,200.0,2.8,26.0,0.275862069,0.2774193548,0.98538712,360000.0,376335.0,220.535068691
2024-10-01,Adams,2024,10,Oct,11,51.0,12.0,12.0,4.6,67.0,0.2352941176,0.09090909091,0.9485775588,380000.0,405000.0,203.431372549
2024-10-01,Asotin,2024,10,Oct,26,69.0,21.0,26.0,2.7,60.0,0.3913043478,0.1923076923,0.989526,373500.0,394990.0,219.184354458
2024-10-01,Benton,2024,10,Oct,236,848.0,256.0,259.0,3.6,57.0,0.2346698113,0.1737288136,0.9913783928,430000.0,449995.0,241.257664411
2024-10-01,Chelan,2024,10,Oct,70,333.0,88.0,92.0,4.8,37.0,0.2222222222,0.1857142857,0.9788376188,626250.0,559000.0,316.008616172
2024-10-01,Clallam,2024,10,Oct,92,224.0,85.0,98.0,2.4,23.0,0.3392857143,0.2065217391,0.9888052729,515000.0,525000.0,316.034597472
2024-10-01,Clark,2024,10,Oct,566,1599.0,634.0,649.0,2.8,41.0,0.3458411507,0.2279151943,0.9934195023,575000.0,575000.0,296.084345712
2024-10-01,Columbia,2024,10,Oct,3,20.0,4.0,6.0,6.7,78.0,0.25,0.0,0.951558753,436000.0,437475.0,237.6
2024-10-01,Cowlitz,2024,10,Oct,121,345.0,143.0,123.0,2.9,35.0,0.3449275362,0.2727272727,0.9873036093,449900.0,429000.0,259.593679458
2024-10-01,Douglas,2024,10,Oct,50,124.0,44.0,58.0,2.5,33.0,0.2903225806,0.3,0.9875072074,502749.5,562450.0,300.804307184
2024-10-01,Ferry,2024,10,Oct,6,46.0,10.0,6.0,7.7,93.0,0.0652173913,0.0,0.8904206058,307500.0,312475.0,174.21875
2024-10-01,Franklin,2024,10,Oct,91,307.0,94.0,85.0,3.4,70.0,0.2866449511,0.1868131868,0.9965844269,427850.0,423232.0,255.066387142
2024-10-01,Garfield,2024,10,Oct,1,7.0,2.0,1.0,7.0,1199.0,0.5714285714,0.0,1.0,199900.0,146250.0,138.819444444
2024-10-01,Grant,2024,10,Oct,76,335.0,87.0,61.0,4.4,44.0,0.2208955224,0.3157894737,0.9870802906,341782.5,410000.0,237.675101917
2024-10-01,Grays Harbor,2024,10,Oct,79,451.0,107.0,127.0,5.7,45.0,0.2793791574,0.1898734177,0.9926842563,362900.0,350000.0,268.485915493
2024-10-01,Island,2024,10,Oct,116,253.0,96.0,109.0,2.2,33.0,0.3122529644,0.1982758621,0.9865472117,625000.0,577000.0,357.083633462
2024-10-01,Jefferson,2024,10,Oct,39,121.0,42.0,36.0,3.1,45.0,0.2644628099,0.1538461538,0.978850829,605000.0,697000.0,366.407263294
2024-10-01,King,2024,10,Oct,2470,4272.0,2367.0,2408.0,1.7,15.0,0.3471441948,0.3101214575,1.000308096,875000.0,830000.0,502.964438456
2024-10-01,Kitsap,2024,10,Oct,331,637.0,363.0,361.0,1.9,22.0,0.3485086342,0.2688821752,0.9960312485,569000.0,554995.0,305.34351145
2024-10-01,Kittitas,2024,10,Oct,69,333.0,94.0,69.0,4.8,62.0,0.2762762763,0.1739130435,0.9738307492,590000.0,504497.5,337.359433569
2024-10-01,Klickitat,2024,10,Oct,19,95.0,22.0,28.0,5.0,58.0,0.2631578947,0.1578947368,0.9496473189,420000.0,577000.0,224.528301887
2024-10-01,Lewis,2024,10,Oct,81,313.0,86.0,72.0,3.9,34.0,0.2779552716,0.2716049383,0.9827230376,430000.0,432475.0,265.801590624
2024-10-01,Lincoln,2024,10,Oct,7,52.0,12.0,13.0,7.4,131.0,0.2307692308,0.1428571429,0.9520030135,300000.0,310000.0,165.22100928
2024-10-01,Mason,2024,10,Oct,95,248.0,98.0,79.0,2.6,29.0,0.3306451613,0.3157894737,0.9938129815,449950.0,476975.0,295.348837209
2024-10-01,Okanogan,2024,10,Oct,39,153.0,43.0,48.0,3.9,61.0,0.1437908497,0.1025641026,0.9617969812,345000.0,419000.0,196.850393701
2024-10-01,Pacific,2024,10,Oct,40,194.0,36.0,35.0,4.9,110.0,0.1701030928,0.025,0.957617194,330625.0,323690.0,265.818263264
2024-10-01,Pend Oreille,2024,10,Oct,22,73.0,15.0,13.0,3.3,63.0,0.2054794521,0.1818181818,0.9567582235,400000.0,399500.0,234.919077979
2024-10-01,Pierce,2024,10,Oct,1023,2042.0,1015.0,1095.0,2.0,27.0,0.3922624878,0.3059628543,0.9976492262,575000.0,549990.0,306.049822064
2024-10-01,San Juan,2024,10,Oct,23,116.0,20.0,29.0,5.0,37.0,0.2068965517,0.04347826087,0.9572168122,910000.0,897500.0,548.787210584
2024-10-01,Skagit,2024,10,Oct,128,288.0,134.0,134.0,2.3,23.0,0.2708333333,0.2578125,0.9930473418,589500.0,582000.0,330.137128478
2024-10-01,Skamania,2024,10,Oct,12,50.0,4.0,7.0,4.2,59.0,0.34,0.1666666667,0.9769243006,537500.0,494500.0,278.378356267
2024-10-01,Snohomish,2024,10,Oct,915,1361.0,923.0,914.0,1.5,19.0,0.3952975753,0.2710382514,0.9984541466,764035.0,750000.0,403.397027601
2024-10-01,Spokane,2024,10,Oct,596,1642.0,660.0,584.0,2.8,33.0,0.3641900122,0.2768456376,0.9934662228,438375.0,425000.0,212.880504022
2024-10-01,Stevens,2024,10,Oct,45,202.0,34.0,39.0,4.5,54.0,0.202970297,0.04444444444,0.9632197541,380000.0,475000.0,197.044334975
2024-10-01,Thurston,2024,10,Oct,324,578.0,346.0,341.0,1.8,32.0,0.3685121107,0.2716049383,0.9941664088,517975.0,540000.0,287.138257623
2024-10-01,Wahkiakum,2024,10,Oct,7,22.0,,5.0,3.1,54.0,0.2727272727,0.1428571429,0.9463439904,498235.0,,171.857142857
2024-10-01,Walla Walla,2024,10,Oct,61,152.0,58.0,54.0,2.5,51.0,0.2631578947,0.1147540984,0.9719197323,449000.0,467000.0,239.520958084
2024-10-01,Whatcom,2024,10,Oct,227,586.0,253.0,253.0,2.6,31.0,0.2593856655,0.2511013216,0.9882690156,607000.0,629900.0,358.426966292
2024-10-01,Whitman,2024,10,Oct,31,145.0,33.0,38.0,4.7,105.0,0.3586206897,0.06451612903,0.9581756528,370000.0,358000.0,197.755211117
2024-10-01,Yakima,2024,10,Oct,160,459.0,199.0,184.0,2.9,29.0,0.3137254902,0.25,0.9860230913,384500.0,360950.0,213.665115726
2024-11-01,Adams,2024,11,Nov,10,45.0,8.0,8.0,4.5,13.0,0.1555555556,0.2,0.9993907872,334200.0,347150.0,243.816791007
2024-11-01,Asotin,2024,11,Nov,21,75.0,20.0,13.0,3.6,20.0,0.2,0.1904761905,0.9885408768,339900.0,332500.0,204.951298701
2024-11-01,Benton,2024,11,Nov,205,810.0,215.0,200.0,4.0,66.0,0.1765432099,0.2097560976,0.991482034,425000.0,429900.0,253.298279159
2024-11-01,Chelan,2024,11,Nov,76,280.0,45.0,66.0,3.7,51.0,0.1678571429,0.1710526316,0.9744663042,667500.0,579900.0,321.709379348
2024-11-01,Clallam,2024,11,Nov,77,203.0,69.0,75.0,2.6,37.0,0.2019704433,0.1558441558,0.981952244,485000.0,477000.0,311.221839458
2024-11-01,Clark,2024,11,Nov,495,1489.0,443.0,537.0,3.0,40.0,0.2652787105,0.2343434343,0.9921375655,539000.0,550000.0,289.170400527
2024-11-01,Columbia,2024,11,Nov,5,17.0,3.0,8.0,3.4,34.0,0.1176470588,0.2,0.9205966711,275000.0,270000.0,90.725806452
2024-11-01,Cowlitz,2024,11,Nov,92,328.0,90.0,93.0,3.6,35.0,0.2896341463,0.3043478261,1.00521652,411350.0,414500.0,267.240182192
2024-11-01,Douglas,2024,11,Nov,30,102.0,36.0,40.0,3.4,42.0,0.1960784314,0.2,0.9880261585,528925.0,499700.0,287.360813386
2024-11-01,Ferry,2024,11,Nov,10,38.0,2.0,7.0,3.8,69.0,0.1052631579,0.0,0.9199815725,254925.0,382250.0,175.446428571
2024-11-01,Franklin,2024,11,Nov,64,282.0,66.0,75.0,4.4,78.0,0.1843971631,0.1875,0.9959831368,414887.5,426600.0,247.032089693
2024-11-01,Grant,2024,11,Nov,58,314.0,73.0,67.0,5.4,64.0,0.2070063694,0.2413793103,1.000167025,384000.0,352000.0,242.59369578
2024-11-01,Grays Harbor,2024,11,Nov,83,405.0,75.0,88.0,4.9,68.0,0.2345679012,0.1445783133,0.9806746006,357500.0,385000.0,240.248728095
2024-11-01,Island,2024,11,Nov,76,228.0,80.0,76.0,3.0,32.0,0.2192982456,0.1052631579,0.976458713,669475.0,609999.5,402.606469585
2024-11-01,Jefferson,2024,11,Nov,31,105.0,24.0,40.0,3.4,58.0,0.2952380952,0.2258064516,0.9701645334,642500.0,657000.0,363.976705491
2024-11-01,King,2024,11,Nov,1904,3365.0,1245.0,1769.0,1.8,23.0,0.2531946508,0.2668067227,0.9963611165,862000.0,799950.0,512.709416522
2024-11-01,Kitsap,2024,11,Nov,304,546.0,221.0,300.0,1.8,25.0,0.2435897436,0.3223684211,0.9976248961,555000.0,565000.0,287.587044153
2024-11-01,Kittitas,2024,11,Nov,62,286.0,47.0,71.0,4.6,55.0,0.2167832168,0.1935483871,0.9818022377,532500.0,609000.0,296.964841885
2024-11-01,Klickitat,2024,11,Nov,24,80.0,11.0,20.0,3.3,47.0,0.1875,0.125,0.9789149309,540750.0,364900.0,275.257731959
2024-11-01,Lewis,2024,11,Nov,47,291.0,69.0,70.0,6.2,52.0,0.2542955326,0.1063829787,0.9762414684,473500.0,415000.0,276.9289534
2024-11-01,Lincoln,2024,11,Nov,11,47.0,10.0,12.0,4.3,14.0,0.170212766,0.2727272727,0.984764535,275000.0,217500.0,133.351012536
2024-11-01,Mason,2024,11,Nov,69,225.0,71.0,78.0,3.3,42.0,0.24,0.2463768116,0.9918127143,461000.0,435000.0,294.759825328
2024-11-01,Okanogan,2024,11,Nov,34,130.0,18.0,25.0,3.8,30.0,0.1461538462,0.1764705882,0.9653503962,322000.0,423000.0,210.067951752
2024-11-01,Pacific,2024,11,Nov,34,162.0,17.0,36.0,4.8,68.0,0.1666666667,0.05882352941,0.965388359,356385.0,375000.0,257.679867527
2024-11-01,Pend Oreille,2024,11,Nov,13,66.0,11.0,14.0,5.1,38.0,0.1515151515,0.07692307692,0.9715197402,450000.0,230000.0,290.322580645
2024-11-01,Pierce,2024,11,Nov,818,1776.0,681.0,891.0,2.2,30.0,0.3186936937,0.3276283619,0.9950252927,565900.0,549950.0,310.46341521
2024-11-01,San Juan,2024,11,Nov,24,96.0,14.0,16.0,4.0,77.0,0.1458333333,0.04166666667,0.9511279935,962500.0,1032500.0,495.037347337
2024-11-01,Skagit,2024,11,Nov,117,249.0,94.0,135.0,2.1,28.0,0.2730923695,0.1709401709,0.9791434781,593000.0,562497.5,359.589041096
2024-11-01,Skamania,2024,11,Nov,8,44.0,7.0,13.0,5.5,110.0,0.1363636364,0.125,0.964714377,512500.0,699500.0,284.510302556
2024-11-01,Snohomish,2024,11,Nov,777,1093.0,565.0,779.0,1.4,22.0,0.3266239707,0.2561132561,0.9957545651,755000.0,739995.0,404.494382022
2024-11-01,Spokane,2024,11,Nov,467,1475.0,390.0,459.0,3.2,38.0,0.3138983051,0.2098501071,0.9836036019,429500.0,419997.5,213.286088094
2024-11-01,Stevens,2024,11,Nov,35,170.0,27.0,21.0,4.9,87.0,0.1647058824,0.08571428571,0.9426291874,499000.0,325000.0,222.545454545
2024-11-01,Thurston,2024,11,Nov,256,511.0,203.0,261.0,2.0,32.0,0.2661448141,0.29296875,0.9958000194,535000.0,524900.0,281.489325091
2024-11-01,Walla Walla,2024,11,Nov,49,141.0,39.0,35.0,2.9,56.0,0.2056737589,0.08163265306,0.9809368617,400990.0,435000.0,242.809734513
2024-11-01,Whatcom,2024,11,Nov,193,555.0,201.0,191.0,2.9,26.0,0.2144144144,0.207253886,0.9903185321,624000.0,610000.0,356.825726141
2024-11-01,Whitman,2024,11,Nov,34,124.0,18.0,31.0,3.6,66.0,0.185483871,0.1176470588,0.9762934599,394500.0,374500.0,196.385375631
2024-11-01,Yakima,2024,11,Nov,146,430.0,138.0,129.0,2.9,34.0,0.2651162791,0.2534246575,0.9903159897,360000.0,350000.0,226.361814538
2024-12-01,Adams,2024,12,Dec,4,37.0,4.0,8.0,9.3,84.0,0.1351351351,0.0,0.9458721779,243500.0,322000.0,201.18444264
2024-12-01,Asotin,2024,12,Dec,19,76.0,20.0,19.0,4.0,59.0,0.1842105263,0.05263157895,0.9616715555,307000.0,379000.0,208.559782609
2024-12-01,Benton,2024,12,Dec,188,731.0,146.0,166.0,3.9,75.0,0.1450068399,0.1914893617,0.9901524405,423945.0,445856.5,235.712904471
2024-12-01,Chelan,2024,12,Dec,61,224.0,35.0,51.0,3.7,62.0,0.1517857143,0.08196721311,0.9744477075,570000.0,494900.0,325.503355705
2024-12-01,Clallam,2024,12,Dec,69,163.0,40.0,71.0,2.4,30.0,0.2085889571,0.2028985507,0.9860316662,462000.0,512450.0,290.831941386
2024-12-01,Clark,2024,12,Dec,495,1292.0,317.0,460.0,2.6,46.0,0.1586687307,0.2121212121,0.9940707199,540000.0,556777.0,291.65200142
2024-12-01,Columbia,2024,12,Dec,2,16.0,1.0,2.0,8.0,298.0,,0.0,0.9520615199,590000.0,450000.0,273.208280053
2024-12-01,Cowlitz,2024,12,Dec,78,311.0,61.0,82.0,4.0,40.0,0.1768488746,0.2692307692,0.9929925756,397000.0,419900.0,267.021529157
2024-12-01,Douglas,2024,12,Dec,50,87.0,19.0,19.0,1.7,36.0,0.1379310345,0.16,0.986653337,516950.0,456500.0,279.017037429
2024-12-01,Ferry,2024,12,Dec,2,33.0,2.0,1.0,16.5,255.0,0.0303030303,0.0,0.9430379747,237500.0,162475.0,198.852840159
2024-12-01,Franklin,2024,12,Dec,82,266.0,68.0,62.0,3.2,55.0,0.1278195489,0.1097560976,0.9966291439,418751.5,429995.0,252.582124857
2024-12-01,Garfield,2024,12,Dec,1,9.0,1.0,3.0,9.0,13.0,0.4444444444,0.0,0.8235294118,70000.0,66500.0,82.547169811
2024-12-01,Grant,2024,12,Dec,86,275.0,44.0,60.0,3.2,95.0,0.1563636364,0.2209302326,0.9919405054,360885.0,347029.0,242.847800802
2024-12-01,Grays Harbor,2024,12,Dec,75,358.0,67.0,70.0,4.8,71.0,0.187150838,0.1066666667,0.9779177033,380000.0,378000.0,253.699788584
2024-12-01,Island,2024,12,Dec,75,190.0,55.0,75.0,2.5,50.0,0.1947368421,0.2266666667,0.9862454405,610000.0,571500.0,333.451704545
2024-12-01,Jefferson,2024,12,Dec,36,81.0,18.0,37.0,2.3,51.0,0.1851851852,0.1944444444,0.9812361727,626095.5,659000.0,359.736199768
2024-12-01,King,2024,12,Dec,1670,2542.0,829.0,1278.0,1.5,30.0,0.1900078678,0.202994012,0.9928556151,815000.0,799950.0,490.323032612
2024-12-01,Kitsap,2024,12,Dec,286,433.0,149.0,226.0,1.5,32.0,0.247113164,0.2517482517,0.9954748643,549925.0,520000.0,302.34856412
2024-12-01,Kittitas,2024,12,Dec,70,216.0,31.0,47.0,3.1,63.0,0.1527777778,0.1428571429,0.9791782864,552000.0,625000.0,293.929503303
2024-12-01,Klickitat,2024,12,Dec,13,70.0,11.0,11.0,5.4,75.0,0.1285714286,0.07692307692,0.9229010367,325000.0,439000.0,244.672454617
2024-12-01,Lewis,2024,12,Dec,69,253.0,53.0,70.0,3.7,61.0,0.2173913043,0.1884057971,0.9822750298,435000.0,430000.0,259.614652712
2024-12-01,Lincoln,2024,12,Dec,12,46.0,10.0,8.0,3.8,75.0,0.1304347826,0.0,0.9433142372,200000.0,290000.0,151.002364552
2024-12-01,Mason,2024,12,Dec,71,174.0,32.0,70.0,2.5,53.0,0.275862069,0.1971830986,0.9837554623,459950.0,445450.0,275.914817037
2024-12-01,Okanogan,2024,12,Dec,15,106.0,7.0,12.0,7.1,140.0,0.1226415094,0.0,0.9501621503,440000.0,365000.0,176.52027027
2024-12-01,Pacific,2024,12,Dec,22,142.0,30.0,25.0,6.5,77.0,0.176056338,0.0,0.9743020396,300000.0,424950.0,287.180263304
2024-12-01,Pend Oreille,2024,12,Dec,7,52.0,7.0,11.0,7.4,109.0,0.1923076923,0.1428571429,0.9858009002,379000.0,499475.0,241.030358786
2024-12-01,Pierce,2024,12,Dec,781,1435.0,471.0,692.0,1.8,34.0,0.2306620209,0.3226632522,0.9953724121,550000.0,539950.0,304.12371134
2024-12-01,San Juan,2024,12,Dec,15,76.0,12.0,13.0,5.1,95.0,0.03947368421,0.0,0.965934546,850000.0,1065000.0,385.922330097
2024-12-01,Skagit,2024,12,Dec,110,206.0,50.0,89.0,1.9,41.0,0.2087378641,0.1363636364,0.9801554998,590000.0,579925.0,368.295772265
2024-12-01,Skamania,2024,12,Dec,6,39.0,1.0,4.0,6.5,86.0,0.05128205128,0.1666666667,0.9966981068,668500.0,565000.0,278.534544216
2024-12-01,Snohomish,2024,12,Dec,739,843.0,389.0,578.0,1.1,25.0,0.2538552788,0.2598105548,0.9956888409,750000.0,742950.0,399.170554692
2024-12-01,Spokane,2024,12,Dec,475,1216.0,269.0,373.0,2.6,45.0,0.2146381579,0.2315789474,0.9860272355,426322.5,415000.0,202.480397684
2024-12-01,Stevens,2024,12,Dec,20,137.0,23.0,31.0,6.9,61.0,0.1386861314,0.15,0.9633341818,322450.0,355000.0,194.745316159
2024-12-01,Thurston,2024,12,Dec,231,404.0,128.0,212.0,1.7,28.0,0.2351485149,0.3203463203,1.000064704,507000.0,539500.0,287.00666325
2024-12-01,Wahkiakum,2024,12,Dec,1,13.0,3.0,2.0,13.0,40.0,0.07692307692,0.0,0.8207930233,352941.0,485000.0,156.584294587
2024-12-01,Walla Walla,2024,12,Dec,44,126.0,36.0,40.0,2.9,37.0,0.3095238095,0.2727272727,0.9980580009,429500.0,438090.0,237.885487528
2024-12-01,Whatcom,2024,12,Dec,175,440.0,94.0,159.0,2.5,33.0,0.1568181818,0.1314285714,0.9838354148,605990.0,590000.0,357.142857143
2024-12-01,Whitman,2024,12,Dec,20,111.0,15.0,24.0,5.6,62.0,0.02702702703,0.05,0.9691395069,369000.0,430000.0,191.938081051
2024-12-01,Yakima,2024,12,Dec,116,380.0,74.0,110.0,3.3,40.0,0.1421052632,0.2327586207,0.9876398005,354950.0,358500.0,227.840962742
2025-01-01,Adams,2025,1,Jan,7,34.0,7.0,9.0,4.9,180.0,0.3529411765,0.0,0.9475974353,347900.0,275000.0,146.129541864
2025-01-01,Asotin,2025,1,Jan,15,80.0,25.0,21.0,5.3,70.0,0.25,0.0,0.9692700292,360000.0,349899.0,224.264705882
2025-01-01,Benton,2025,1,Jan,157,754.0,251.0,227.0,4.8,81.0,0.1856763926,0.178343949,0.98868763,422500.0,440000.0,237.395986295
2025-01-01,Chelan,2025,1,Jan,45,197.0,69.0,79.0,4.4,95.0,0.2030456853,0.1111111111,0.9768791787,592700.0,515000.0,309.119300437
2025-01-01,Clallam,2025,1,Jan,55,167.0,78.0,78.0,3.0,61.0,0.2335329341,0.1090909091,0.9649234105,515000.0,524500.0,292.611390092
2025-01-01,Clark,2025,1,Jan,416,1294.0,569.0,524.0,3.1,58.0,0.2820710974,0.2115384615,0.9889396848,535000.0,539900.0,291.344767192
2025-01-01,Cowlitz,2025,1,Jan,67,295.0,96.0,104.0,4.4,61.0,0.2677966102,0.2985074627,0.9884874125,415000.0,394400.0,254.854368932
2025-01-01,Douglas,2025,1,Jan,14,71.0,29.0,42.0,5.1,83.0,0.2112676056,0.0,0.9915261824,481881.0,499900.0,315.594707328
2025-01-01,Ferry,2025,1,Jan,3,35.0,3.0,3.0,11.7,106.0,,0.3333333333,0.8892020202,387000.0,199999.0,160.025101977
2025-01-01,Franklin,2025,1,Jan,57,283.0,92.0,87.0,5.0,72.0,0.2261484099,0.1052631579,0.9892619609,434191.0,462676.0,254.706533776
2025-01-01,Garfield,2025,1,Jan,1,6.0,,1.0,6.0,86.0,0.3333333333,0.0,0.8347826087,48000.0,,72.727272727
2025-01-01,Grant,2025,1,Jan,57,293.0,91.0,64.0,5.1,71.0,0.180887372,0.2105263158,0.9870851418,346562.0,399000.0,243.851604835
2025-01-01,Grays Harbor,2025,1,Jan,61,347.0,106.0,100.0,5.7,62.0,0.2622478386,0.4098360656,0.9747226185,329370.0,389500.0,215.249768733
2025-01-01,Island,2025,1,Jan,71,199.0,96.0,95.0,2.8,44.0,0.216080402,0.2816901408,0.9912255659,552000.0,599000.0,312.285518188
2025-01-01,Jefferson,2025,1,Jan,24,70.0,18.0,27.0,2.9,84.0,0.2142857143,0.0,0.9641525572,656750.0,696250.0,321.255465992
2025-01-01,King,2025,1,Jan,1284,2865.0,2216.0,1788.0,2.2,41.0,0.2157068063,0.2024922118,0.9929340798,799950.0,839950.0,502.901353965
2025-01-01,Kitsap,2025,1,Jan,208,447.0,262.0,255.0,2.1,43.0,0.2953020134,0.2692307692,0.9935929654,539925.0,599950.0,284.780537629
2025-01-01,Kittitas,2025,1,Jan,48,206.0,74.0,59.0,4.3,81.0,0.2330097087,0.1458333333,0.9804935203,514497.5,602450.0,329.936733967
2025-01-01,Klickitat,2025,1,Jan,14,61.0,7.0,11.0,4.4,31.0,0.1475409836,0.3571428571,0.9764166779,472500.0,600000.0,274.62219718
2025-01-01,Lewis,2025,1,Jan,64,238.0,77.0,82.0,3.7,74.0,0.256302521,0.109375,0.971838211,440000.0,430000.0,275.158740574
2025-01-01,Lincoln,2025,1,Jan,5,45.0,9.0,10.0,9.0,24.0,0.1111111111,0.0,0.9492090511,300000.0,310000.0,123.028391167
2025-01-01,Mason,2025,1,Jan,57,166.0,64.0,61.0,2.9,68.0,0.2409638554,0.2807017544,0.9914133576,449950.0,442425.0,271.715656869
2025-01-01,Okanogan,2025,1,Jan,13,108.0,25.0,22.0,8.3,32.0,0.08333333333,0.07692307692,0.9554320016,318000.0,350000.0,221.38836773
2025-01-01,Pacific,2025,1,Jan,26,129.0,22.0,32.0,5.0,98.0,0.2325581395,0.1153846154,0.9589185022,427500.0,464450.0,312.676273873
2025-01-01,Pend Oreille,2025,1,Jan,9,44.0,5.0,9.0,4.9,56.0,0.2045454545,0.2222222222,0.986830714,317500.0,439000.0,198.543635542
2025-01-01,Pierce,2025,1,Jan,648,1435.0,879.0,897.0,2.2,39.0,0.3073170732,0.2777777778,0.9939517932,565000.0,575000.0,301.771159875
2025-01-01,San Juan,2025,1,Jan,18,76.0,24.0,20.0,4.2,85.0,0.1315789474,0.05555555556,0.9765805816,893500.0,1091500.0,461.748610617
2025-01-01,Skagit,2025,1,Jan,85,201.0,114.0,112.0,2.4,70.0,0.2288557214,0.1529411765,0.9765825126,585000.0,627500.0,340.945244534
2025-01-01,Skamania,2025,1,Jan,5,33.0,6.0,7.0,6.6,71.0,0.1515151515,0.6,1.003393714,800000.0,730000.0,305.797101449
2025-01-01,Snohomish,2025,1,Jan,540,907.0,815.0,743.0,1.7,35.0,0.2877618523,0.25,0.9978908554,746000.0,750000.0,396.883360847
2025-01-01,Spokane,2025,1,Jan,388,1162.0,477.0,487.0,3.0,56.0,0.234939759,0.2293814433,0.9847912475,410000.0,439900.0,211.714890614
2025-01-01,Stevens,2025,1,Jan,21,123.0,31.0,39.0,5.9,89.0,0.1138211382,0.1428571429,0.9671796716,385000.0,399000.0,223.53393367
2025-01-01,Thurston,2025,1,Jan,184,426.0,281.0,265.0,2.3,39.0,0.2699530516,0.222826087,0.9848644581,539076.5,549000.0,289.441539369
2025-01-01,Wahkiakum,2025,1,Jan,3,16.0,7.0,4.0,5.3,165.0,0.1875,0.0,0.9180621148,347037.0,289900.0,239.583333333
2025-01-01,Walla Walla,2025,1,Jan,20,114.0,38.0,45.0,5.7,65.0,0.2631578947,0.1,0.9776384531,430083.0,427000.0,212.543092018
2025-01-01,Whatcom,2025,1,Jan,142,461.0,221.0,185.0,3.2,52.0,0.1973969631,0.1830985915,0.9831025728,610000.0,615000.0,368.603029331
2025-01-01,Whitman,2025,1,Jan,23,108.0,39.0,30.0,4.7,138.0,0.2314814815,0.08695652174,0.9623713368,339000.0,437500.0,211.610486891
2025-01-01,Yakima,2025,1,Jan,100,391.0,147.0,138.0,3.9,66.0,0.2071611253,0.18,0.9812641053,378868.5,359900.0,212.823885575
2025-02-01,Adams,2025,2,Feb,9,31.0,8.0,11.0,3.4,93.0,0.1935483871,0.0,0.9625209662,330000.0,337500.0,218.498677249
2025-02-01,Asotin,2025,2,Feb,16,74.0,15.0,24.0,4.6,45.0,0.2432432432,0.25,0.9899946208,304000.0,349000.0,181.564280876
2025-02-01,Benton,2025,2,Feb,183,768.0,235.0,211.0,4.2,70.0,0.15625,0.1639344262,0.9921154988,435000.0,449900.0,243.77318495
2025-02-01,Chelan,2025,2,Feb,56,187.0,53.0,57.0,3.3,69.0,0.1176470588,0.08928571429,0.9762671998,532500.0,549900.0,325.427350427
2025-02-01,Clallam,2025,2,Feb,59,152.0,52.0,71.0,2.6,31.0,0.1578947368,0.2711864407,0.981936937,492500.0,514975.0,302.647456318
2025-02-01,Clark,2025,2,Feb,438,1337.0,523.0,512.0,3.1,45.0,0.2041884817,0.2534246575,0.9935484813,535000.0,561985.0,295.807240391
2025-02-01,Columbia,2025,2,Feb,3,18.0,2.0,2.0,6.0,175.0,0.1111111111,0.3333333333,0.9376162316,209250.0,487450.0,93.896713615
2025-02-01,Cowlitz,2025,2,Feb,72,280.0,93.0,122.0,3.9,79.0,0.2571428571,0.1527777778,0.9879555377,435500.0,413000.0,262.937260853
2025-02-01,Douglas,2025,2,Feb,31,72.0,35.0,37.0,2.3,66.0,0.2222222222,0.2580645161,0.9846783685,452900.0,462500.0,261.987951807
2025-02-01,Ferry,2025,2,Feb,1,38.0,6.0,2.0,38.0,98.0,0.1052631579,0.0,1.0,325000.0,449499.5,162.5
2025-02-01,Franklin,2025,2,Feb,79,256.0,73.0,76.0,3.2,72.0,0.1640625,0.1898734177,0.9965654635,432500.0,450000.0,257.032351721
2025-02-01,Garfield,2025,2,Feb,2,7.0,1.0,1.0,3.5,31.0,0.2857142857,0.5,1.071428571,140450.0,349000.0,97.684729064
2025-02-01,Grant,2025,2,Feb,42,318.0,122.0,85.0,7.6,82.0,0.1383647799,0.1904761905,0.9765160989,359011.5,375000.0,224.434683528
2025-02-01,Grays Harbor,2025,2,Feb,77,358.0,118.0,102.0,4.6,86.0,0.1899441341,0.3896103896,0.9687067051,375000.0,362450.0,248.110632184
2025-02-01,Island,2025,2,Feb,63,205.0,89.0,86.0,3.3,77.0,0.1756097561,0.3492063492,0.9805329226,639950.0,615000.0,349.705304519
2025-02-01,Jefferson,2025,2,Feb,25,66.0,35.0,39.0,2.6,66.0,0.1363636364,0.24,0.9850981551,775280.0,665000.0,433.985330073
2025-02-01,King,2025,2,Feb,1655,3150.0,2362.0,2042.0,1.9,11.0,0.206984127,0.3619335347,1.013705867,847000.0,850000.0,530.185451689
2025-02-01,Kitsap,2025,2,Feb,194,448.0,237.0,252.0,2.3,35.0,0.2544642857,0.4329896907,0.9970819278,535280.0,545000.0,293.566546281
2025-02-01,Kittitas,2025,2,Feb,47,220.0,71.0,50.0,4.7,61.0,0.15,0.1489361702,0.975720355,524000.0,615000.0,353.463079565
2025-02-01,Klickitat,2025,2,Feb,5,60.0,10.0,8.0,12.0,36.0,0.1666666667,0.2,0.9990217977,600000.0,634950.0,344.827586207
2025-02-01,Lewis,2025,2,Feb,57,254.0,75.0,73.0,4.5,70.0,0.2047244094,0.2631578947,0.9886056365,417750.0,449990.0,278.159340659
2025-02-01,Lincoln,2025,2,Feb,8,42.0,6.0,5.0,5.3,97.0,0.1904761905,0.125,0.988125734,340000.0,319500.0,166.823308271
2025-02-01,Mason,2025,2,Feb,55,154.0,59.0,69.0,2.8,60.0,0.2207792208,0.2727272727,0.992183826,435000.0,449950.0,275.785714286
2025-02-01,Okanogan,2025,2,Feb,17,99.0,13.0,23.0,5.8,103.0,0.1313131313,0.1764705882,0.9695742981,359500.0,363000.0,230.357142857
2025-02-01,Pacific,2025,2,Feb,25,127.0,27.0,26.0,5.1,82.0,0.1181102362,0.04,0.9594751281,323500.0,420000.0,262.131267501
2025-02-01,Pend Oreille,2025,2,Feb,8,42.0,11.0,12.0,5.3,107.0,0.119047619,0.125,0.9904086069,420500.0,465000.0,222.651753009
2025-02-01,Pierce,2025,2,Feb,712,1413.0,854.0,923.0,2.0,32.0,0.2760084926,0.3483146067,0.9998795248,549750.0,589990.0,318.926395488
2025-02-01,San Juan,2025,2,Feb,8,79.0,15.0,9.0,9.9,138.0,0.06329113924,0.125,0.9584588587,815000.0,1600000.0,494.063904632
2025-02-01,Skagit,2025,2,Feb,92,196.0,108.0,117.0,2.1,34.0,0.2295918367,0.3586956522,0.9992717394,600000.0,579000.0,351.170301635
2025-02-01,Skamania,2025,2,Feb,5,33.0,4.0,3.0,6.6,92.0,0.1212121212,0.4,0.9990731739,855000.0,500000.0,279.485746227
2025-02-01,Snohomish,2025,2,Feb,654,927.0,758.0,746.0,1.4,16.0,0.2373247033,0.3379204893,1.002269374,740000.0,756000.0,399.649122807
2025-02-01,Spokane,2025,2,Feb,421,1096.0,442.0,470.0,2.6,62.0,0.2217153285,0.2897862233,0.9958045266,420000.0,442500.0,213.832884097
2025-02-01,Stevens,2025,2,Feb,26,125.0,34.0,30.0,4.8,100.0,0.16,0.1923076923,0.9602090447,377500.0,392450.0,226.716888406
2025-02-01,Thurston,2025,2,Feb,220,441.0,244.0,256.0,2.0,25.0,0.1995464853,0.2954545455,0.9963080631,540000.0,550000.0,291.254618786
2025-02-01,Wahkiakum,2025,2,Feb,1,21.0,10.0,2.0,21.0,5.0,0.09523809524,1.0,1.021428571,357500.0,560750.0,259.057971014
2025-02-01,Walla Walla,2025,2,Feb,51,120.0,52.0,41.0,2.4,69.0,0.175,0.2941176471,0.9964488085,435000.0,469500.0,252.43578388
2025-02-01,Whatcom,2025,2,Feb,166,485.0,208.0,184.0,2.9,67.0,0.2082474227,0.3734939759,0.9883411317,626280.0,647475.0,363.264356797
2025-02-01,Whitman,2025,2,Feb,23,112.0,40.0,36.0,4.9,114.0,0.1517857143,0.1304347826,0.9815506664,460000.0,412250.0,202.205882353
2025-02-01,Yakima,2025,2,Feb,107,390.0,146.0,144.0,3.6,62.0,0.1717948718,0.2056074766,0.978652625,359900.0,384237.0,221.674876847
2025-03-01,Adams,2025,3,Mar,15,34.0,11.0,10.0,2.3,119.0,0.3529411765,0.3333333333,0.9951219764,349400.0,330000.0,208.02238806
2025-03-01,Asotin,2025,3,Mar,22,80.0,33.0,24.0,3.6,90.0,0.1875,0.1818181818,0.9900251896,351500.0,350000.0,185.206687479
2025-03-01,Benton,2025,3,Mar,216,836.0,335.0,276.0,3.9,74.0,0.1674641148,0.1898148148,0.9924346273,434495.0,464900.0,247.643565893
2025-03-01,Chelan,2025,3,Mar,64,235.0,134.0,81.0,3.7,82.0,0.1914893617,0.171875,0.9870698649,499950.0,649950.0,287.746035307
2025-03-01,Clallam,2025,3,Mar,68,172.0,109.0,101.0,2.5,30.0,0.2441860465,0.2058823529,0.9851858217,490000.0,606500.0,315.096952909
2025-03-01,Clark,2025,3,Mar,480,1357.0,688.0,675.0,2.8,28.0,0.2586588062,0.2958333333,0.9970810102,539930.0,567000.0,301.531553041
2025-03-01,Columbia,2025,3,Mar,4,15.0,1.0,4.0,3.8,51.0,0.2,0.5,1.118762915,220000.0,199000.0,172.558449984
2025-03-01,Cowlitz,2025,3,Mar,115,296.0,143.0,148.0,2.6,49.0,0.2804054054,0.3217391304,0.9915723197,433700.0,425000.0,259.414211232
2025-03-01,Douglas,2025,3,Mar,43,91.0,60.0,42.0,2.1,24.0,0.2637362637,0.2093023256,0.9691846321,475000.0,519900.0,288.079470199
2025-03-01,Ferry,2025,3,Mar,3,47.0,12.0,1.0,15.7,152.0,0.1489361702,0.0,0.9662402274,357500.0,484975.0,140.147975078
2025-03-01,Franklin,2025,3,Mar,72,262.0,101.0,92.0,3.6,64.0,0.1335877863,0.1666666667,0.992444893,433000.0,437995.0,259.377557806
2025-03-01,Garfield,2025,3,Mar,2,5.0,4.0,5.0,2.5,133.0,1.0,0.0,0.9464601684,216000.0,262500.0,117.338488722
2025-03-01,Grant,2025,3,Mar,69,343.0,126.0,93.0,5.0,62.0,0.2682215743,0.1594202899,0.9766262445,375000.0,379750.0,227.327085852
2025-03-01,Grays Harbor,2025,3,Mar,93,419.0,179.0,128.0,4.5,39.0,0.2673031026,0.4516129032,0.989053206,375370.0,399950.0,241.910780669
2025-03-01,Island,2025,3,Mar,91,243.0,163.0,136.0,2.7,40.0,0.2427983539,0.3736263736,0.9860573129,575000.0,660000.0,323.061630219
2025-03-01,Jefferson,2025,3,Mar,36,83.0,50.0,34.0,2.3,38.0,0.2289156627,0.2777777778,0.9856598156,661254.0,684500.0,347.285617779
2025-03-01,King,2025,3,Mar,2132,3604.0,3107.0,2591.0,1.7,7.0,0.256936737,0.373358349,1.015342153,875000.0,898000.0,534.502262443
2025-03-01,Kitsap,2025,3,Mar,253,457.0,361.0,355.0,1.8,17.0,0.3129102845,0.5296442688,1.002707663,575000.0,598000.0,294.637413395
2025-03-01,Kittitas,2025,3,Mar,51,254.0,127.0,85.0,5.0,35.0,0.2440944882,0.2745098039,0.9954686,489000.0,629000.0,300.35335689
2025-03-01,Klickitat,2025,3,Mar,9,78.0,35.0,15.0,8.7,144.0,0.1923076923,0.3333333333,0.9595635456,445000.0,499900.0,291.612057667
2025-03-01,Lewis,2025,3,Mar,62,252.0,102.0,107.0,4.1,65.0,0.3015873016,0.1935483871,0.9750465712,450000.0,435499.5,272.155273792
2025-03-01,Lincoln,2025,3,Mar,6,42.0,13.0,13.0,7.0,17.0,0.1428571429,0.1666666667,0.9878537778,302250.0,399500.0,183.07030073
2025-03-01,Mason,2025,3,Mar,61,150.0,93.0,86.0,2.5,24.0,0.2866666667,0.2950819672,0.9840071177,450000.0,489500.0,283.593452381
2025-03-01,Okanogan,2025,3,Mar,16,110.0,35.0,19.0,6.9,55.0,0.1272727273,0.25,0.9685978901,400000.0,369900.0,188.242322813
2025-03-01,Pacific,2025,3,Mar,25,156.0,63.0,34.0,6.2,166.0,0.1730769231,0.08,0.9745264972,357000.0,375000.0,269.886363636
2025-03-01,Pend Oreille,2025,3,Mar,8,54.0,22.0,12.0,6.8,213.0,0.2222222222,0.0,0.9594002534,475450.0,499499.5,221.166102119
2025-03-01,Pierce,2025,3,Mar,891,1500.0,1137.0,1122.0,1.7,18.0,0.2866666667,0.3636363636,1.001809729,565000.0,589500.0,314.285714286
2025-03-01,San Juan,2025,3,Mar,12,107.0,51.0,23.0,8.9,176.0,0.1401869159,0.08333333333,0.9538319863,780000.0,1200000.0,519.001689422
2025-03-01,Skagit,2025,3,Mar,114,204.0,151.0,134.0,1.8,17.0,0.2549019608,0.3947368421,0.9890505107,613500.0,639250.0,348.923796245
2025-03-01,Skamania,2025,3,Mar,3,48.0,19.0,5.0,16.0,188.0,0.2291666667,0.0,0.952842145,675000.0,770000.0,306.818181818
2025-03-01,Snohomish,2025,3,Mar,772,1084.0,1090.0,954.0,1.4,12.0,0.3118081181,0.3419689119,1.007351976,750000.0,767825.0,412.877246637
2025-03-01,Spokane,2025,3,Mar,518,1210.0,784.0,682.0,2.3,37.0,0.3,0.2895752896,0.9905492395,420000.0,465000.0,213.741398146
2025-03-01,Stevens,2025,3,Mar,29,171.0,75.0,30.0,5.9,77.0,0.2046783626,0.1034482759,0.9763100349,400000.0,475000.0,205.450752394
2025-03-01,Thurston,2025,3,Mar,239,501.0,378.0,336.0,2.1,26.0,0.2614770459,0.3640167364,1.001876546,535500.0,539000.0,294.248230803
2025-03-01,Wahkiakum,2025,3,Mar,3,28.0,12.0,4.0,9.3,206.0,0.1071428571,0.0,0.9677457931,425000.0,437450.0,220.176140913
2025-03-01,Walla Walla,2025,3,Mar,36,136.0,77.0,61.0,3.8,85.0,0.25,0.2777777778,0.9992800689,462554.0,467000.0,242.843551797
2025-03-01,Whatcom,2025,3,Mar,202,538.0,336.0,280.0,2.7,20.0,0.217472119,0.4900990099,0.9989277865,628280.0,674850.0,379.740008861
2025-03-01,Whitman,2025,3,Mar,40,126.0,60.0,45.0,3.2,38.0,0.2301587302,0.15,0.9819736573,415500.0,399000.0,232.285750867
2025-03-01,Yakima,2025,3,Mar,136,424.0,209.0,168.0,3.1,64.0,0.1816037736,0.1838235294,0.9748982627,370125.0,370000.0,222.446960622
2025-04-01,Adams,2025,4,Apr,4,55.0,29.0,6.0,13.8,180.0,0.2,0.25,0.9637893645,465172.0,350000.0,262.666632176
2025-04-01,Asotin,2025,4,Apr,22,85.0,31.0,30.0,3.9,23.0,0.2470588235,0.2727272727,0.9831857659,314750.0,425000.0,217.764748376
2025-04-01,Benton,2025,4,Apr,231,928.0,352.0,268.0,4.0,51.0,0.1778017241,0.2770562771,0.994537002,440000.0,449895.0,248.344370861
2025-04-01,Chelan,2025,4,Apr,69,316.0,185.0,101.0,4.6,21.0,0.1772151899,0.1594202899,0.9857449965,555000.0,697000.0,301.136363636
2025-04-01,Clallam,2025,4,Apr,87,236.0,169.0,112.0,2.7,19.0,0.2288135593,0.2183908046,0.985060005,499900.0,585000.0,305.096913137
2025-04-01,Clark,2025,4,Apr,581,1582.0,855.0,635.0,2.7,26.0,0.2850821745,0.3149741824,0.9992387151,560000.0,599900.0,298.556430446
2025-04-01,Columbia,2025,4,Apr,2,20.0,12.0,7.0,10.0,116.0,0.1,0.0,0.9509704969,324000.0,298499.5,134.804108544
2025-04-01,Cowlitz,2025,4,Apr,108,290.0,160.0,186.0,2.7,24.0,0.3482758621,0.3703703704,0.9975717606,398950.0,439000.0,265.780730897
2025-04-01,Douglas,2025,4,Apr,41,108.0,81.0,67.0,2.6,27.0,0.2685185185,0.1951219512,0.9785571591,519000.0,575000.0,297.835195531
2025-04-01,Franklin,2025,4,Apr,68,250.0,83.0,83.0,3.7,43.0,0.212,0.2205882353,0.994154346,415000.0,434995.0,258.429431521
2025-04-01,Garfield,2025,4,Apr,3,7.0,5.0,3.0,2.3,42.0,0.2857142857,0.0,0.9988591353,349000.0,359000.0,166.560839161
2025-04-01,Grant,2025,4,Apr,77,397.0,151.0,93.0,5.2,37.0,0.241813602,0.2337662338,0.9848640924,340000.0,395922.0,231.209150327
2025-04-01,Grays Harbor,2025,4,Apr,88,469.0,170.0,111.0,5.3,40.0,0.2750533049,0.4318181818,0.9799918712,374635.0,389000.0,255.920416514
2025-04-01,Island,2025,4,Apr,118,303.0,178.0,116.0,2.6,15.0,0.2541254125,0.4237288136,0.9939681063,684475.0,799450.0,351.580120738
2025-04-01,Jefferson,2025,4,Apr,26,111.0,63.0,40.0,4.3,12.0,0.2792792793,0.2692307692,1.007377839,622000.0,700000.0,376.194799724
2025-04-01,King,2025,4,Apr,2311,4540.0,3583.0,2466.0,2.0,7.0,0.3015418502,0.4145391605,1.017463129,923000.0,899900.0,550.854700855
2025-04-01,Kitsap,2025,4,Apr,301,556.0,461.0,381.0,1.8,11.0,0.3273381295,0.5980066445,1.006009802,580000.0,636000.0,315.901360544
2025-04-01,Kittitas,2025,4,Apr,74,323.0,152.0,82.0,4.4,24.0,0.2755417957,0.1486486486,0.9901189053,470500.0,614999.5,308.119747899
2025-04-01,Klickitat,2025,4,Apr,9,106.0,44.0,13.0,11.8,16.0,0.3301886792,0.4444444444,0.9520369109,555000.0,599250.0,294.014084507
2025-04-01,Lewis,2025,4,Apr,74,289.0,143.0,117.0,3.9,43.0,0.3529411765,0.4189189189,0.9936276844,397500.0,449950.0,263.912419986
2025-04-01,Lincoln,2025,4,Apr,10,48.0,22.0,14.0,4.8,134.0,0.25,0.2,1.009812587,434680.0,332500.0,192.143854936
2025-04-01,Mason,2025,4,Apr,71,204.0,143.0,82.0,2.9,25.0,0.25,0.2535211268,0.9884538093,449000.0,469990.0,297.464503043
2025-04-01,Okanogan,2025,4,Apr,20,141.0,62.0,24.0,7.1,115.0,0.2553191489,0.1,0.9517139236,299500.0,482500.0,176.889400922
2025-04-01,Pacific,2025,4,Apr,24,189.0,63.0,31.0,7.9,34.0,0.2592592593,0.08333333333,0.9523389166,361500.0,415000.0,245.896909233
2025-04-01,Pend Oreille,2025,4,Apr,10,63.0,21.0,16.0,6.3,21.0,0.2222222222,0.2,0.9773521044,450000.0,495000.0,297.431821818
2025-04-01,Pierce,2025,4,Apr,934,1819.0,1373.0,1090.0,1.9,13.0,0.3468938977,0.443254818,1.004629707,565000.0,594950.0,318.064516129
2025-04-01,San Juan,2025,4,Apr,17,141.0,63.0,26.0,8.3,89.0,0.1560283688,0.0,0.9700611808,725000.0,996000.0,517.676767677
2025-04-01,Skagit,2025,4,Apr,123,260.0,197.0,141.0,2.1,11.0,0.2692307692,0.4715447154,0.997155601,615280.0,695000.0,349.648414986
2025-04-01,Skamania,2025,4,Apr,7,52.0,22.0,17.0,7.4,50.0,0.3461538462,0.0,0.922529189,442000.0,672000.0,313.797313797
2025-04-01,Snohomish,2025,4,Apr,892,1261.0,1114.0,943.0,1.4,7.0,0.3655828707,0.3878923767,1.009824246,750000.0,799000.0,418.618900452
2025-04-01,Spokane,2025,4,Apr,568,1414.0,934.0,689.0,2.5,19.0,0.3246110325,0.3468309859,1.00044333,438497.5,471000.0,225.37993921
2025-04-01,Stevens,2025,4,Apr,27,242.0,100.0,37.0,9.0,51.0,0.2396694215,0.2962962963,0.9877710098,379900.0,432000.0,166.625
2025-04-01,Thurston,2025,4,Apr,279,566.0,414.0,388.0,2.0,8.0,0.3392226148,0.4229390681,1.002880312,545000.0,539999.5,296.511485452
2025-04-01,Wahkiakum,2025,4,Apr,2,31.0,6.0,5.0,15.5,27.0,0.1935483871,0.5,1.008685921,577923.5,609450.0,292.905927286
2025-04-01,Walla Walla,2025,4,Apr,49,173.0,93.0,60.0,3.5,16.0,0.2427745665,0.1836734694,0.9841368374,444000.0,489000.0,234.786775276
2025-04-01,Whatcom,2025,4,Apr,231,656.0,422.0,303.0,2.8,14.0,0.2484756098,0.5021645022,0.9975059818,625280.0,675000.0,382.460646272
2025-04-01,Whitman,2025,4,Apr,34,149.0,66.0,52.0,4.4,44.0,0.255033557,0.1470588235,0.9877658681,345000.0,445000.0,214.311005265
2025-04-01,Yakima,2025,4,Apr,133,466.0,242.0,219.0,3.5,36.0,0.2145922747,0.1729323308,0.9800219044,345000.0,398000.0,226.509081197
2025-05-01,Adams,2025,5,May,9,60.0,22.0,16.0,6.7,101.0,0.25,0.2222222222,0.9914946661,300000.0,364900.0,146.555935515
2025-05-01,Asotin,2025,5,May,24,85.0,30.0,26.0,3.5,70.0,0.3647058824,0.08333333333,0.9736014438,401500.0,403950.0,179.392135642
2025-05-01,Benton,2025,5,May,247,1061.0,419.0,300.0,4.3,41.0,0.1960414703,0.2348178138,0.9956300894,435000.0,468875.0,246.085409253
2025-05-01,Chelan,2025,5,May,94,379.0,179.0,104.0,4.0,15.0,0.2638522427,0.1808510638,0.9899611587,596000.0,695000.0,321.32093236
2025-05-01,Clallam,2025,5,May,94,291.0,176.0,123.0,3.1,9.0,0.3298969072,0.2872340426,0.9933576722,532500.0,515000.0,317.262969589
2025-05-01,Clark,2025,5,May,554,1841.0,939.0,660.0,3.3,20.0,0.3378598588,0.3321299639,1.000567533,561250.0,584000.0,304.456320488
2025-05-01,Columbia,2025,5,May,6,30.0,15.0,3.0,5.0,63.0,0.1,0.1666666667,0.9520877637,265000.0,335000.0,157.560149161
2025-05-01,Cowlitz,2025,5,May,148,366.0,211.0,146.0,2.5,28.0,0.3278688525,0.2972972973,1.001407462,419950.0,459000.0,272.848871747
2025-05-01,Douglas,2025,5,May,48,139.0,88.0,59.0,2.9,13.0,0.3237410072,0.1666666667,0.9715810533,475000.0,582425.0,276.433063227
2025-05-01,Ferry,2025,5,May,7,57.0,13.0,6.0,8.1,121.0,0.2631578947,0.1428571429,0.9673216527,255000.0,449000.0,239.583333333
2025-05-01,Franklin,2025,5,May,84,302.0,138.0,75.0,3.6,59.0,0.2185430464,0.1785714286,0.994856891,433997.5,429995.0,267.62099342
2025-05-01,Garfield,2025,5,May,4,6.0,3.0,4.0,1.5,5.0,0.3333333333,0.25,1.002298851,267000.0,215000.0,195.242051374
2025-05-01,Grant,2025,5,May,91,433.0,158.0,110.0,4.8,46.0,0.2517321016,0.2417582418,0.9919559065,400311.0,422200.0,250.269106566
2025-05-01,Grays Harbor,2025,5,May,95,576.0,225.0,118.0,6.1,30.0,0.265625,0.4526315789,0.9830826967,365870.0,399000.0,263.822115385
2025-05-01,Island,2025,5,May,100,357.0,201.0,142.0,3.6,14.0,0.2521008403,0.37,0.9871409124,636250.0,715000.0,375.364395263
2025-05-01,Jefferson,2025,5,May,41,143.0,75.0,41.0,3.5,7.0,0.3286713287,0.2926829268,1.00198498,685000.0,662000.0,394.921052632
2025-05-01,King,2025,5,May,2328,5791.0,4232.0,2687.0,2.5,8.0,0.3189431877,0.3371993127,1.007451786,875000.0,900000.0,530.303030303
2025-05-01,Kitsap,2025,5,May,348,682.0,541.0,443.0,2.0,11.0,0.3651026393,0.566091954,1.004748401,599615.0,635000.0,332.504493709
2025-05-01,Kittitas,2025,5,May,79,384.0,187.0,111.0,4.9,31.0,0.2630208333,0.1772151899,0.9875419464,549000.0,679500.0,312.99734748
2025-05-01,Klickitat,2025,5,May,15,114.0,39.0,31.0,7.6,44.0,0.2719298246,0.1333333333,0.9700421241,534000.0,450000.0,315.860215054
2025-05-01,Lewis,2025,5,May,87,348.0,162.0,89.0,4.0,28.0,0.3275862069,0.3103448276,0.9903036165,392200.0,480525.0,263.933876812
2025-05-01,Lincoln,2025,5,May,13,59.0,22.0,12.0,4.5,58.0,0.2542372881,0.2307692308,0.9858765326,300000.0,312450.0,192.56310734
2025-05-01,Mason,2025,5,May,70,275.0,152.0,84.0,3.9,16.0,0.2727272727,0.2142857143,0.9897111518,430000.0,517000.0,305.606980084
2025-05-01,Okanogan,2025,5,May,21,188.0,102.0,50.0,9.0,21.0,0.1914893617,0.1428571429,0.9944149256,421875.0,462500.0,242.346938776
2025-05-01,Pacific,2025,5,May,24,214.0,64.0,38.0,8.9,32.0,0.2429906542,0.1666666667,0.9828681726,356950.0,419500.0,297.247549578
2025-05-01,Pend Oreille,2025,5,May,17,82.0,43.0,21.0,4.8,23.0,0.1951219512,0.1176470588,0.9590496049,599000.0,449995.0,329.847646793
2025-05-01,Pierce,2025,5,May,1039,2258.0,1637.0,1203.0,2.2,10.0,0.356510186,0.4369586141,1.003480868,589950.0,604950.0,318.693284936
2025-05-01,San Juan,2025,5,May,22,180.0,66.0,25.0,8.2,53.0,0.1666666667,0.1363636364,0.9715841285,972500.0,1287495.0,526.033716253
2025-05-01,Skagit,2025,5,May,136,321.0,212.0,160.0,2.4,10.0,0.3738317757,0.4558823529,0.9959291228,615140.0,657500.0,366.467988184
2025-05-01,Skamania,2025,5,May,12,69.0,33.0,14.0,5.8,13.0,0.3043478261,0.1666666667,0.9907142386,697000.0,674950.0,313.73170045
2025-05-01,Snohomish,2025,5,May,902,1703.0,1492.0,1029.0,1.9,8.0,0.3388138579,0.3569844789,1.004625362,800000.0,799000.0,423.393051031
2025-05-01,Spokane,2025,5,May,701,1722.0,996.0,694.0,2.5,17.0,0.3588850174,0.3181169757,0.9958373795,460000.0,450000.0,220.0
2025-05-01,Stevens,2025,5,May,39,276.0,103.0,51.0,7.1,48.0,0.3152173913,0.2307692308,0.9802484566,435000.0,490000.0,214.961306965
2025-05-01,Thurston,2025,5,May,339,710.0,546.0,427.0,2.1,13.0,0.3169014085,0.4247787611,1.001623462,544000.0,550000.0,300.443708767
2025-05-01,Wahkiakum,2025,5,May,3,37.0,14.0,5.0,12.3,449.0,0.2702702703,0.3333333333,0.9869845136,628326.0,494900.0,244.493365501
2025-05-01,Walla Walla,2025,5,May,46,209.0,101.0,67.0,4.5,28.0,0.2631578947,0.3043478261,1.010787379,439500.0,475000.0,240.733840432
2025-05-01,Whatcom,2025,5,May,267,784.0,461.0,313.0,2.9,12.0,0.2334183673,0.5131086142,1.001447676,625280.0,680000.0,390.236024845
2025-05-01,Whitman,2025,5,May,35,167.0,57.0,38.0,4.8,39.0,0.2694610778,0.2285714286,0.977903321,437500.0,399900.0,206.25
2025-05-01,Yakima,2025,5,May,176,525.0,252.0,190.0,3.0,35.0,0.2819047619,0.3011363636,0.9825957411,375000.0,399000.0,241.560814136
2025-06-01,Adams,2025,6,Jun,11,65.0,24.0,14.0,5.9,32.0,0.2153846154,0.1818181818,0.9790038905,344900.0,324450.0,185.185185185
2025-06-01,Asotin,2025,6,Jun,27,94.0,32.0,22.0,3.5,41.0,0.3829787234,0.03703703704,0.9789403819,350000.0,365000.0,239.905848271
2025-06-01,Benton,2025,6,Jun,283,1109.0,363.0,289.0,3.9,52.0,0.2299368801,0.2155477032,0.9954727308,445500.0,459900.0,249.675846988
2025-06-01,Chelan,2025,6,Jun,92,428.0,152.0,94.0,4.7,26.0,0.2873831776,0.2065217391,0.9810196853,566250.0,749950.0,314.583333333
2025-06-01,Clallam,2025,6,Jun,98,296.0,115.0,127.0,3.0,15.0,0.3378378378,0.2551020408,0.9875708291,510000.0,525000.0,313.686708861
2025-06-01,Clark,2025,6,Jun,602,1958.0,839.0,702.0,3.3,20.0,0.3426966292,0.3073089701,0.9978907804,580000.0,569900.0,304.259634888
2025-06-01,Columbia,2025,6,Jun,5,33.0,7.0,4.0,6.6,10.0,0.2121212121,0.0,0.8948063291,280000.0,320000.0,175.0
2025-06-01,Cowlitz,2025,6,Jun,106,415.0,168.0,115.0,3.9,30.0,0.356626506,0.2924528302,0.9862822621,430000.0,477000.0,271.132102201
2025-06-01,Douglas,2025,6,Jun,59,155.0,68.0,48.0,2.6,15.0,0.3290322581,0.1355932203,0.9578159405,500000.0,557500.0,277.427490542
2025-06-01,Ferry,2025,6,Jun,8,57.0,10.0,11.0,7.1,46.0,0.1754385965,0.0,0.9579329762,261200.0,314450.0,159.72328002
2025-06-01,Franklin,2025,6,Jun,98,292.0,95.0,86.0,3.0,46.0,0.2363013699,0.193877551,0.9925217912,416237.5,433900.0,260.731392778
2025-06-01,Garfield,2025,6,Jun,4,8.0,5.0,3.0,2.0,40.0,0.625,0.0,0.9440237797,297000.0,270000.0,180.661729575
2025-06-01,Grant,2025,6,Jun,94,438.0,122.0,103.0,4.7,32.0,0.3082191781,0.2446808511,0.9839450448,364149.0,369950.0,229.714912281
2025-06-01,Grays Harbor,2025,6,Jun,100,629.0,170.0,114.0,6.3,31.0,0.3290937997,0.32,0.9824199123,356185.0,375000.0,260.028360639
2025-06-01,Island,2025,6,Jun,134,390.0,168.0,136.0,2.9,20.0,0.3153846154,0.3955223881,0.9930618337,631140.0,649975.0,384.639390968
2025-06-01,Jefferson,2025,6,Jun,35,161.0,67.0,53.0,4.6,11.0,0.3602484472,0.1714285714,0.9909950252,774000.0,775000.0,405.057251908
2025-06-01,King,2025,6,Jun,2519,5899.0,3221.0,2613.0,2.3,12.0,0.3348025089,0.2858277094,1.000162745,920000.0,888475.0,541.044776119
2025-06-01,Kitsap,2025,6,Jun,387,750.0,470.0,390.0,1.9,10.0,0.3626666667,0.5994832041,1.003242373,600280.0,634500.0,310.558532468
2025-06-01,Kittitas,2025,6,Jun,120,380.0,121.0,107.0,3.2,29.0,0.2842105263,0.2166666667,0.9863901384,589500.0,662888.0,344.566872763
2025-06-01,Klickitat,2025,6,Jun,25,122.0,36.0,16.0,4.9,23.0,0.2868852459,0.32,0.9876531635,499900.0,564000.0,300.728407908
2025-06-01,Lewis,2025,6,Jun,89,381.0,138.0,96.0,4.3,23.0,0.3884514436,0.3146067416,0.9891424751,459000.0,482400.0,283.403316339
2025-06-01,Lincoln,2025,6,Jun,10,67.0,22.0,16.0,6.7,34.0,0.2985074627,0.2,0.984418862,355000.0,482000.0,149.858242203
2025-06-01,Mason,2025,6,Jun,93,285.0,119.0,107.0,3.1,20.0,0.3578947368,0.3333333333,0.988376828,479900.0,490000.0,298.611111111
2025-06-01,Okanogan,2025,6,Jun,44,211.0,80.0,51.0,4.8,22.0,0.2701421801,0.2272727273,0.975385655,407500.0,437000.0,323.747789211
2025-06-01,Pacific,2025,6,Jun,31,232.0,68.0,44.0,7.5,49.0,0.2715517241,0.09677419355,0.9665324137,435000.0,404500.0,250.0
2025-06-01,Pend Oreille,2025,6,Jun,14,96.0,29.0,13.0,6.9,44.0,0.3020833333,0.07142857143,0.9775116415,440250.0,574000.0,250.474123651
2025-06-01,Pierce,2025,6,Jun,985,2540.0,1444.0,1169.0,2.6,14.0,0.3976377953,0.3746192893,1.000778086,580000.0,600000.0,321.524064171
2025-06-01,San Juan,2025,6,Jun,23,190.0,42.0,32.0,8.3,48.0,0.2052631579,0.1304347826,0.9487026749,1035000.0,1100000.0,460.829493088
2025-06-01,Skagit,2025,6,Jun,136,349.0,197.0,170.0,2.6,13.0,0.3266475645,0.3676470588,0.989271997,657140.0,650000.0,360.421958899
2025-06-01,Skamania,2025,6,Jun,14,62.0,8.0,11.0,4.4,32.0,0.3387096774,0.07142857143,0.9590305618,569500.0,565000.0,347.338932076
2025-06-01,Snohomish,2025,6,Jun,927,1916.0,1211.0,927.0,2.1,11.0,0.3736951983,0.3376483279,1.002085112,775000.0,749950.0,419.35483871
2025-06-01,Spokane,2025,6,Jun,645,1920.0,914.0,680.0,3.0,18.0,0.340625,0.3333333333,0.9970391629,450000.0,465000.0,221.135060275
2025-06-01,Stevens,2025,6,Jun,53,304.0,86.0,54.0,5.7,37.0,0.3355263158,0.1886792453,0.9642856141,390000.0,499750.0,249.590834697
2025-06-01,Thurston,2025,6,Jun,365,815.0,486.0,399.0,2.2,14.0,0.3742331288,0.3452054795,0.9994342501,550000.0,539950.0,296.536796537
2025-06-01,Wahkiakum,2025,6,Jun,6,41.0,15.0,11.0,6.8,35.0,0.243902439,0.0,0.98768116,407450.0,465000.0,245.649992072
2025-06-01,Walla Walla,2025,6,Jun,54,220.0,85.0,67.0,4.1,31.0,0.3409090909,0.1666666667,0.9747044428,440000.0,445000.0,260.443403845
2025-06-01,Whatcom,2025,6,Jun,277,845.0,397.0,310.0,3.1,14.0,0.2662721893,0.4151624549,0.9924788302,635280.0,660000.0,379.255740301
2025-06-01,Whitman,2025,6,Jun,38,185.0,65.0,46.0,4.9,45.0,0.2486486486,0.1315789474,0.9862108489,414500.0,379000.0,208.380639235
2025-06-01,Yakima,2025,6,Jun,198,549.0,242.0,221.0,2.8,31.0,0.2823315118,0.2929292929,0.9857378318,365000.0,375990.0,224.444069132
2025-07-01,Adams,2025,7,Jul,10,61.0,15.0,14.0,6.1,10.0,0.2295081967,0.4,0.9961016075,354999.5,355000.0,216.455645803
2025-07-01,Asotin,2025,7,Jul,22,108.0,37.0,25.0,4.9,48.0,0.3055555556,0.09090909091,0.9821283885,350500.0,398500.0,193.638392857
2025-07-01,Benton,2025,7,Jul,283,1014.0,387.0,313.0,3.6,51.0,0.298816568,0.2332155477,0.9927837128,428990.0,429900.0,245.064669843
2025-07-01,Chelan,2025,7,Jul,81,452.0,143.0,103.0,5.6,27.0,0.3163716814,0.1481481481,0.9739720046,599900.0,649000.0,331.520778073
2025-07-01,Clallam,2025,7,Jul,104,334.0,157.0,116.0,3.2,27.0,0.3203592814,0.1634615385,0.9737163034,553500.0,520000.0,313.808733401
2025-07-01,Clark,2025,7,Jul,627,2021.0,763.0,691.0,3.2,27.0,0.3805047006,0.2344497608,0.9940609067,569000.0,562400.0,310.213316096
2025-07-01,Columbia,2025,7,Jul,3,31.0,8.0,8.0,10.3,46.0,0.2258064516,0.0,0.8227992823,207500.0,332500.0,156.015037594
2025-07-01,Cowlitz,2025,7,Jul,113,439.0,163.0,142.0,3.9,25.0,0.423690205,0.3008849558,0.9900731906,422000.0,425000.0,265.486725664
2025-07-01,Douglas,2025,7,Jul,49,160.0,59.0,52.0,3.3,22.0,0.33125,0.1428571429,0.9782317763,499900.0,550000.0,304.553518628
2025-07-01,Ferry,2025,7,Jul,6,60.0,10.0,2.0,10.0,203.0,0.2666666667,0.0,0.9606733359,362500.0,294450.0,208.604993524
2025-07-01,Franklin,2025,7,Jul,72,273.0,119.0,97.0,3.8,55.0,0.2967032967,0.2361111111,0.9932192681,425000.0,420000.0,251.025956678
2025-07-01,Garfield,2025,7,Jul,4,9.0,2.0,2.0,2.3,25.0,0.3333333333,0.5,1.016218444,391250.0,204500.0,233.903769841
2025-07-01,Grant,2025,7,Jul,102,474.0,156.0,96.0,4.6,49.0,0.2805907173,0.1960784314,0.9824351261,367200.0,379000.0,242.634408602
2025-07-01,Grays Harbor,2025,7,Jul,102,654.0,167.0,125.0,6.4,43.0,0.3241590214,0.4607843137,0.9793402099,356620.0,369000.0,257.62807103
2025-07-01,Island,2025,7,Jul,129,399.0,176.0,159.0,3.1,29.0,0.3909774436,0.4186046512,0.9916420622,665280.0,616000.0,367.319938176
2025-07-01,Jefferson,2025,7,Jul,34,170.0,64.0,51.0,5.0,19.0,0.3823529412,0.08823529412,0.9736628295,704250.0,639000.0,396.905042592
2025-07-01,King,2025,7,Jul,2393,5969.0,2948.0,2437.0,2.5,18.0,0.3350644999,0.2340158796,0.9921388808,880000.0,850000.0,517.274535809
2025-07-01,Kitsap,2025,7,Jul,363,802.0,418.0,373.0,2.2,15.0,0.4052369077,0.5123966942,0.9956755328,589280.0,575000.0,313.010146561
2025-07-01,Kittitas,2025,7,Jul,77,394.0,109.0,73.0,5.1,35.0,0.2436548223,0.2597402597,0.9926363163,599000.0,699000.0,345.381526104
2025-07-01,Klickitat,2025,7,Jul,21,123.0,29.0,26.0,5.9,37.0,0.3170731707,0.09523809524,0.9543451019,356300.0,555000.0,302.884615385
2025-07-01,Lewis,2025,7,Jul,80,395.0,132.0,120.0,4.9,38.0,0.3721518987,0.2875,0.9921068183,450000.0,450000.0,288.800822236
2025-07-01,Lincoln,2025,7,Jul,12,80.0,23.0,10.0,6.7,58.0,0.275,0.1666666667,0.967603669,312500.0,358000.0,180.547466511
2025-07-01,Mason,2025,7,Jul,78,333.0,134.0,83.0,4.3,27.0,0.4084084084,0.2564102564,0.9888046233,454975.0,459450.0,307.65385601
2025-07-01,Okanogan,2025,7,Jul,48,214.0,52.0,47.0,4.5,30.0,0.308411215,0.1458333333,0.9695701414,392000.0,351950.0,221.074569542
2025-07-01,Pacific,2025,7,Jul,38,262.0,80.0,50.0,6.9,57.0,0.3015267176,0.1842105263,0.9724937939,378000.0,371950.0,272.361111111
2025-07-01,Pend Oreille,2025,7,Jul,19,90.0,26.0,22.0,4.7,39.0,0.2888888889,0.1578947368,0.9487625883,435000.0,544500.0,307.10102489
2025-07-01,Pierce,2025,7,Jul,1031,2691.0,1311.0,1172.0,2.6,19.0,0.4236343367,0.3482056256,0.9977814047,585000.0,575000.0,324.597258956
2025-07-01,San Juan,2025,7,Jul,28,188.0,37.0,35.0,6.7,43.0,0.2074468085,0.07142857143,0.9662039284,903750.0,999000.0,495.075732797
2025-07-01,Skagit,2025,7,Jul,156,407.0,215.0,146.0,2.6,18.0,0.3218673219,0.3461538462,0.9842474481,642780.0,655000.0,365.730634825
2025-07-01,Skamania,2025,7,Jul,12,66.0,17.0,11.0,5.5,45.0,0.2575757576,0.1666666667,0.9590378665,552500.0,499900.0,343.590733887
2025-07-01,Snohomish,2025,7,Jul,914,1970.0,1118.0,941.0,2.2,19.0,0.4055837563,0.2680525164,0.9941503386,760000.0,744950.0,409.734513274
2025-07-01,Spokane,2025,7,Jul,616,2083.0,915.0,645.0,3.4,24.0,0.3547767643,0.2905844156,0.9905265127,444950.0,444995.0,219.234875146
2025-07-01,Stevens,2025,7,Jul,36,319.0,67.0,49.0,8.9,62.0,0.3354231975,0.1944444444,0.9652528248,399685.0,455000.0,210.193564605
2025-07-01,Thurston,2025,7,Jul,367,901.0,488.0,401.0,2.5,17.0,0.4217536071,0.3324250681,0.9991872495,537000.0,539974.5,300.834153543
2025-07-01,Wahkiakum,2025,7,Jul,7,41.0,7.0,6.0,5.9,53.0,0.3902439024,0.1428571429,0.9837183131,549900.0,329900.0,290.927521541
2025-07-01,Walla Walla,2025,7,Jul,76,230.0,69.0,57.0,3.0,32.0,0.3956521739,0.2894736842,0.9914434701,455000.0,485000.0,252.046554302
2025-07-01,Whatcom,2025,7,Jul,294,910.0,380.0,273.0,3.1,19.0,0.2659340659,0.4353741497,0.9922004309,649140.0,627000.0,362.127637112
2025-07-01,Whitman,2025,7,Jul,44,157.0,38.0,30.0,3.6,51.0,0.3694267516,0.1818181818,0.9725570529,387750.0,397000.0,195.372366522
2025-07-01,Yakima,2025,7,Jul,199,531.0,217.0,206.0,2.7,35.0,0.2806026365,0.2311557789,0.9823041346,388750.0,385000.0,230.900005647
2025-08-01,Adams,2025,8,Aug,9,60.0,16.0,16.0,6.7,58.0,0.25,0.2222222222,0.9788531466,359900.0,327450.0,157.99522293
2025-08-01,Asotin,2025,8,Aug,20,105.0,29.0,29.0,5.3,82.0,0.2666666667,0.15,0.9847011505,320000.0,375500.0,203.076529119
2025-08-01,Benton,2025,8,Aug,253,1050.0,308.0,369.0,4.2,56.0,0.2628571429,0.2173913043,0.9857491229,460000.0,455000.0,253.872053872
2025-08-01,Chelan,2025,8,Aug,88,461.0,132.0,117.0,5.2,40.0,0.2819956616,0.1704545455,0.9730023199,595500.0,632450.0,336.363706692
2025-08-01,Clallam,2025,8,Aug,104,344.0,130.0,123.0,3.3,30.0,0.3488372093,0.1730769231,0.983041657,524950.0,517000.0,316.611842105
2025-08-01,Clark,2025,8,Aug,576,2083.0,742.0,625.0,3.6,42.0,0.32981277,0.2361111111,0.990544794,563137.5,558193.5,299.33481153
2025-08-01,Columbia,2025,8,Aug,7,32.0,6.0,5.0,4.6,35.0,0.34375,0.2857142857,1.068535406,339110.0,200000.0,234.641638225
2025-08-01,Cowlitz,2025,8,Aug,107,434.0,149.0,146.0,4.1,33.0,0.3640552995,0.308411215,0.9945011679,441875.0,429900.0,277.255639098
2025-08-01,Douglas,2025,8,Aug,42,148.0,50.0,53.0,3.5,23.0,0.3108108108,0.1666666667,0.9587875489,504262.5,541900.0,309.020887279
2025-08-01,Ferry,2025,8,Aug,3,65.0,14.0,9.0,21.7,334.0,0.3076923077,0.0,0.8888492947,425000.0,287400.0,194.597069597
2025-08-01,Franklin,2025,8,Aug,91,286.0,103.0,121.0,3.1,51.0,0.2937062937,0.1538461538,0.9988841789,439900.0,435000.0,256.51418645
2025-08-01,Grant,2025,8,Aug,99,460.0,121.0,105.0,4.6,64.0,0.3173913043,0.2222222222,0.9874406465,365000.0,379750.0,250.728862974
2025-08-01,Grays Harbor,2025,8,Aug,99,666.0,156.0,127.0,6.7,46.0,0.2582582583,0.3939393939,0.9784888962,326370.0,374450.0,231.48125
2025-08-01,Island,2025,8,Aug,133,399.0,145.0,144.0,3.0,24.0,0.3759398496,0.3834586466,0.9901024779,674886.0,649900.0,378.997265269
2025-08-01,Jefferson,2025,8,Aug,50,183.0,69.0,59.0,3.7,25.0,0.3606557377,0.18,0.9790172635,652500.0,650000.0,380.503156369
2025-08-01,King,2025,8,Aug,2176,5614.0,2293.0,2232.0,2.6,23.0,0.3133238333,0.2228860294,0.9921282922,885000.0,845000.0,517.515923567
2025-08-01,Kitsap,2025,8,Aug,339,757.0,338.0,368.0,2.2,24.0,0.3672391017,0.5250737463,0.993752985,608280.0,599000.0,314.529696878
2025-08-01,Kittitas,2025,8,Aug,63,395.0,114.0,97.0,6.3,31.0,0.2962025316,0.2063492063,0.9793220093,563000.0,554500.0,346.32034632
2025-08-01,Klickitat,2025,8,Aug,18,116.0,27.0,24.0,6.4,68.0,0.2931034483,0.1666666667,0.9657433093,390750.0,449000.0,353.683871723
2025-08-01,Lewis,2025,8,Aug,81,392.0,103.0,97.0,4.8,37.0,0.3954081633,0.3086419753,0.9919223505,435000.0,427500.0,272.727272727
2025-08-01,Lincoln,2025,8,Aug,10,86.0,19.0,11.0,8.6,45.0,0.2790697674,0.2,0.9822747959,494800.0,369000.0,214.1016809
2025-08-01,Mason,2025,8,Aug,74,310.0,82.0,94.0,4.2,23.0,0.4064516129,0.1621621622,0.9877040133,474500.0,446225.0,332.743107608
2025-08-01,Okanogan,2025,8,Aug,33,230.0,54.0,38.0,7.0,46.0,0.2869565217,0.06060606061,0.9583170317,360000.0,419000.0,228.571428571
2025-08-01,Pacific,2025,8,Aug,42,255.0,58.0,57.0,6.1,61.0,0.2980392157,0.1428571429,0.9529862447,340000.0,349500.0,257.182045597
2025-08-01,Pend Oreille,2025,8,Aug,12,82.0,17.0,24.0,6.8,33.0,0.3536585366,0.0,0.9451172841,415000.0,380000.0,266.876498352
2025-08-01,Pierce,2025,8,Aug,1091,2657.0,1189.0,1235.0,2.4,26.0,0.3906661648,0.3134738772,0.9968464533,586000.0,580000.0,319.196428571
2025-08-01,San Juan,2025,8,Aug,31,191.0,38.0,27.0,6.2,74.0,0.219895288,0.03225806452,0.9497268417,1100000.0,1047500.0,535.823637477
2025-08-01,Skagit,2025,8,Aug,122,412.0,178.0,149.0,3.4,26.0,0.3446601942,0.4426229508,0.9887045089,599640.0,615000.0,372.497040135
2025-08-01,Skamania,2025,8,Aug,9,74.0,22.0,11.0,8.2,92.0,0.2837837838,0.1111111111,0.9450135266,564000.0,582000.0,245.303468208
2025-08-01,Snohomish,2025,8,Aug,851,1920.0,912.0,919.0,2.3,24.0,0.3765625,0.223266745,0.9918125334,760000.0,754750.0,408.734793187
2025-08-01,Spokane,2025,8,Aug,641,2072.0,791.0,675.0,3.2,30.0,0.3537644788,0.2449297972,0.9881568939,440000.0,429947.5,216.372725246
2025-08-01,Stevens,2025,8,Aug,52,298.0,62.0,58.0,5.7,63.0,0.3120805369,0.1153846154,0.973043414,457500.0,470000.0,241.020572814
2025-08-01,Thurston,2025,8,Aug,342,866.0,374.0,396.0,2.5,25.0,0.4272517321,0.2631578947,0.9925100021,530000.0,529450.0,302.381514714
2025-08-01,Wahkiakum,2025,8,Aug,8,30.0,3.0,14.0,3.8,39.0,0.4666666667,0.375,0.9771443865,542326.0,750000.0,285.854877609
2025-08-01,Walla Walla,2025,8,Aug,47,231.0,69.0,65.0,4.9,41.0,0.329004329,0.1489361702,0.9736691173,431283.0,429000.0,252.298850575
2025-08-01,Whatcom,2025,8,Aug,257,882.0,307.0,292.0,3.4,27.0,0.320861678,0.439688716,0.9844122352,632000.0,650000.0,375.066041755
2025-08-01,Whitman,2025,8,Aug,31,158.0,36.0,48.0,5.1,77.0,0.3164556962,0.1935483871,0.9780604277,349000.0,342000.0,211.99032481
2025-08-01,Yakima,2025,8,Aug,161,592.0,236.0,176.0,3.7,43.0,0.2652027027,0.2360248447,0.9843578422,370000.0,378995.0,227.775320655
2025-09-01,Adams,2025,9,Sep,15,60.0,13.0,11.0,4.0,77.0,0.2333333333,0.2,0.9653385244,359900.0,377500.0,208.770358306
2025-09-01,Asotin,2025,9,Sep,27,105.0,22.0,19.0,3.9,49.0,0.2857142857,0.1851851852,0.9851276198,350000.0,394250.0,246.121297602
2025-09-01,Benton,2025,9,Sep,270,1001.0,312.0,359.0,3.7,51.0,0.2777222777,0.2296296296,0.9907134094,435725.0,439000.0,255.467447703
2025-09-01,Chelan,2025,9,Sep,96,435.0,111.0,117.0,4.5,48.0,0.2666666667,0.1666666667,0.9745727086,614500.0,574990.0,338.898201502
2025-09-01,Clallam,2025,9,Sep,103,319.0,103.0,119.0,3.1,34.0,0.34169279,0.1553398058,0.9891822237,504975.0,499000.0,288.061058091
2025-09-01,Clark,2025,9,Sep,572,1984.0,577.0,625.0,3.5,40.0,0.3291330645,0.2447552448,0.9943854615,553000.0,564999.5,306.175606087
2025-09-01,Columbia,2025,9,Sep,7,31.0,7.0,5.0,4.4,18.0,0.3870967742,0.2857142857,0.9870407594,310000.0,240000.0,120.341614907
2025-09-01,Cowlitz,2025,9,Sep,131,427.0,132.0,133.0,3.3,35.0,0.2740046838,0.2671755725,0.9831610651,450000.0,412450.0,274.08477842
2025-09-01,Douglas,2025,9,Sep,39,146.0,55.0,55.0,3.7,39.0,0.2876712329,0.1794871795,0.9587040656,541900.0,529900.0,294.811320755
2025-09-01,Ferry,2025,9,Sep,8,61.0,9.0,8.0,7.6,39.0,0.1639344262,0.125,0.938642258,430000.0,275000.0,207.557147972
2025-09-01,Franklin,2025,9,Sep,100,289.0,111.0,132.0,2.9,56.0,0.3044982699,0.31,0.9972273986,430997.5,428995.0,266.229918129
2025-09-01,Garfield,2025,9,Sep,1,9.0,5.0,3.0,9.0,37.0,0.3333333333,0.0,0.9565217391,66000.0,239900.0,85.9375
2025-09-01,Grant,2025,9,Sep,87,443.0,95.0,83.0,5.1,59.0,0.2866817156,0.1264367816,0.9826010621,354000.0,381500.0,231.480285813
2025-09-01,Grays Harbor,2025,9,Sep,84,616.0,125.0,123.0,7.3,59.0,0.336038961,0.3452380952,0.9757721384,353620.0,342000.0,239.681981709
2025-09-01,Island,2025,9,Sep,131,385.0,131.0,121.0,2.9,55.0,0.3324675325,0.2824427481,0.9813913048,649000.0,689900.0,383.506343714
2025-09-01,Jefferson,2025,9,Sep,38,163.0,44.0,48.0,4.3,70.0,0.3619631902,0.1315789474,0.9786606417,715000.0,649000.0,374.22037422
2025-09-01,King,2025,9,Sep,2092,5733.0,3012.0,2403.0,2.7,27.0,0.3315890459,0.1959847036,0.9892846744,875000.0,895000.0,513.888888889
2025-09-01,Kitsap,2025,9,Sep,330,733.0,329.0,351.0,2.2,31.0,0.3751705321,0.4363636364,0.9904090432,582140.0,569900.0,314.390468584
2025-09-01,Kittitas,2025,9,Sep,77,383.0,85.0,82.0,5.0,68.0,0.3080939948,0.1818181818,0.9745136078,500000.0,699900.0,365.891959799
2025-09-01,Klickitat,2025,9,Sep,21,116.0,29.0,23.0,5.5,71.0,0.3275862069,0.09523809524,0.9604411355,449000.0,415000.0,354.192229039
2025-09-01,Lewis,2025,9,Sep,90,362.0,82.0,105.0,4.0,40.0,0.3812154696,0.2,0.9823616939,418950.0,442445.0,275.524475524
2025-09-01,Lincoln,2025,9,Sep,11,89.0,17.0,11.0,8.1,70.0,0.2359550562,0.2727272727,0.9705867796,350000.0,279000.0,181.481481481
2025-09-01,Mason,2025,9,Sep,78,308.0,105.0,98.0,3.9,34.0,0.3603896104,0.141025641,0.9763002768,472375.0,485000.0,294.481576692
2025-09-01,Okanogan,2025,9,Sep,32,239.0,57.0,37.0,7.5,57.0,0.230125523,0.0625,0.9422003646,350625.0,399000.0,215.544871795
2025-09-01,Pacific,2025,9,Sep,44,243.0,31.0,33.0,5.5,61.0,0.2716049383,0.09090909091,0.9598447956,338000.0,424900.0,284.906010388
2025-09-01,Pend Oreille,2025,9,Sep,20,85.0,16.0,11.0,4.3,43.0,0.2235294118,0.2,0.9670217415,416500.0,357200.0,257.138694639
2025-09-01,Pierce,2025,9,Sep,963,2656.0,1101.0,1065.0,2.8,29.0,0.4088855422,0.3073727934,0.9970112882,566000.0,555000.0,317.539826213
2025-09-01,San Juan,2025,9,Sep,17,179.0,24.0,21.0,10.5,70.0,0.1508379888,0.1176470588,0.9269773892,1282000.0,1105000.0,712.180746562
2025-09-01,Skagit,2025,9,Sep,136,391.0,159.0,161.0,2.9,28.0,0.347826087,0.2867647059,0.9823832545,576640.0,599000.0,348.790945306
2025-09-01,Skamania,2025,9,Sep,9,68.0,11.0,14.0,7.6,34.0,0.3529411765,0.1111111111,0.9879079734,720000.0,700000.0,369.341563786
2025-09-01,Snohomish,2025,9,Sep,837,1870.0,951.0,889.0,2.2,30.0,0.4053475936,0.2556750299,0.9953152275,736250.0,745000.0,411.894953656
2025-09-01,Spokane,2025,9,Sep,605,2158.0,791.0,623.0,3.6,30.0,0.3869323448,0.2661157025,0.990231908,426000.0,439000.0,224.37920718
2025-09-01,Stevens,2025,9,Sep,50,292.0,54.0,47.0,5.8,85.0,0.2705479452,0.22,0.9728652831,395250.0,441500.0,227.8594518
2025-09-01,Thurston,2025,9,Sep,323,860.0,349.0,334.0,2.7,32.0,0.3837209302,0.3003095975,0.9961339875,538900.0,530000.0,293.781725888
2025-09-01,Wahkiakum,2025,9,Sep,13,26.0,6.0,9.0,2.0,55.0,0.3846153846,0.3846153846,0.9828229921,450370.0,643500.0,263.785250287
2025-09-01,Walla Walla,2025,9,Sep,47,233.0,75.0,58.0,5.0,45.0,0.3991416309,0.2127659574,0.9905249487,478500.0,449990.0,262.960180316
2025-09-01,Whatcom,2025,9,Sep,269,840.0,262.0,243.0,3.1,32.0,0.255952381,0.3382899628,0.9846291243,615280.0,649450.0,367.155963303
2025-09-01,Whitman,2025,9,Sep,27,160.0,40.0,46.0,5.9,57.0,0.26875,0.03703703704,0.9540525743,400000.0,385000.0,220.525147929
2025-09-01,Yakima,2025,9,Sep,160,577.0,205.0,190.0,3.6,33.0,0.273830156,0.2375,0.9763394314,362562.5,410000.0,232.091037991
2025-10-01,Adams,2025,10,Oct,9,55.0,13.0,9.0,6.1,37.0,0.2,0.1111111111,0.946097445,375000.0,315000.0,226.586102719
2025-10-01,Asotin,2025,10,Oct,14,101.0,23.0,24.0,7.2,47.0,0.3465346535,0.2857142857,0.9863634561,305000.0,394950.0,214.319788783
2025-10-01,Benton,2025,10,Oct,260,1049.0,324.0,323.0,4.0,50.0,0.2764537655,0.1807692308,0.9906366148,450000.0,439950.0,248.597677442
2025-10-01,Chelan,2025,10,Oct,107,390.0,86.0,80.0,3.6,54.0,0.2717948718,0.1401869159,0.970048777,580000.0,554499.5,320.512820513
2025-10-01,Clallam,2025,10,Oct,114,290.0,103.0,129.0,2.5,43.0,0.3586206897,0.201754386,0.9815772552,515000.0,499000.0,307.175639016
2025-10-01,Clark,2025,10,Oct,546,1908.0,595.0,602.0,3.5,43.0,0.3495807128,0.2490842491,0.9935018057,543361.5,577875.0,296.023819784
2025-10-01,Columbia,2025,10,Oct,3,26.0,6.0,10.0,8.7,44.0,0.3076923077,0.3333333333,1.010050251,240000.0,292450.0,163.21656051
2025-10-01,Cowlitz,2025,10,Oct,117,408.0,123.0,126.0,3.5,51.0,0.362745098,0.2478632479,0.9936087407,419000.0,399900.0,267.78882938
2025-10-01,Douglas,2025,10,Oct,58,140.0,52.0,51.0,2.4,24.0,0.3571428571,0.2413793103,0.9647160231,521000.0,514000.0,306.290860574
2025-10-01,Ferry,2025,10,Oct,6,61.0,10.0,3.0,10.2,117.0,0.06557377049,0.1666666667,0.9489237475,232500.0,382450.0,290.85106383
2025-10-01,Franklin,2025,10,Oct,77,303.0,101.0,99.0,3.9,56.0,0.2376237624,0.2337662338,0.9974926667,450000.0,444900.0,245.910687593
2025-10-01,Garfield,2025,10,Oct,3,8.0,2.0,2.0,2.7,12.0,0.5,0.0,0.9989996666,299000.0,257450.0,179.303278689
2025-10-01,Grant,2025,10,Oct,84,398.0,93.0,90.0,4.7,77.0,0.2336683417,0.1428571429,0.9791403103,360000.0,383161.0,237.550665895
2025-10-01,Grays Harbor,2025,10,Oct,113,578.0,125.0,111.0,5.1,60.0,0.339100346,0.3716814159,0.9702668731,345370.0,385000.0,243.693465347
2025-10-01,Island,2025,10,Oct,112,321.0,97.0,139.0,2.9,42.0,0.3302180685,0.2946428571,0.9799700351,605090.0,675000.0,354.238967164
2025-10-01,Jefferson,2025,10,Oct,45,159.0,45.0,33.0,3.5,44.0,0.320754717,0.06666666667,0.9683697488,700000.0,675000.0,372.023809524
2025-10-01,King,2025,10,Oct,2289,5228.0,2289.0,2189.0,2.3,24.0,0.36993114,0.2018348624,0.9905774181,898499.5,849900.0,506.846694839
2025-10-01,Kitsap,2025,10,Oct,323,650.0,269.0,324.0,2.0,27.0,0.4107692308,0.4984520124,0.9960103079,610280.0,559950.0,317.336609337
2025-10-01,Kittitas,2025,10,Oct,79,346.0,81.0,79.0,4.4,56.0,0.2947976879,0.1518987342,0.9818150312,605000.0,654999.0,366.950757576
2025-10-01,Klickitat,2025,10,Oct,19,107.0,21.0,19.0,5.6,61.0,0.1869158879,0.05263157895,0.9391066528,395000.0,534900.0,274.666666667
2025-10-01,Lewis,2025,10,Oct,93,336.0,96.0,96.0,3.6,75.0,0.3392857143,0.1827956989,0.9794376144,445000.0,465000.0,272.435897436
2025-10-01,Lincoln,2025,10,Oct,6,92.0,15.0,5.0,15.3,59.0,0.2065217391,0.1666666667,0.9737311764,551500.0,417000.0,226.035690774
2025-10-01,Mason,2025,10,Oct,85,264.0,66.0,74.0,3.1,54.0,0.3484848485,0.2117647059,0.9811869621,440000.0,427888.5,309.139784946
2025-10-01,Okanogan,2025,10,Oct,38,207.0,33.0,33.0,5.4,63.0,0.231884058,0.1315789474,0.9650533985,327000.0,345000.0,223.214285714
2025-10-01,Pacific,2025,10,Oct,24,224.0,44.0,35.0,9.3,61.0,0.2008928571,0.125,0.9448326038,342000.0,391500.0,267.384866507
2025-10-01,Pend Oreille,2025,10,Oct,12,86.0,17.0,7.0,7.2,39.0,0.2790697674,0.0,0.959693118,355000.0,369950.0,268.924206988
2025-10-01,Pierce,2025,10,Oct,900,2522.0,991.0,1023.0,2.8,34.0,0.4183187946,0.3177777778,0.9980443349,567100.0,574990.0,314.923995657
2025-10-01,San Juan,2025,10,Oct,21,148.0,24.0,26.0,7.0,76.0,0.1216216216,0.09523809524,0.9439292287,754500.0,987500.0,502.421307506
2025-10-01,Skagit,2025,10,Oct,141,376.0,144.0,134.0,2.7,35.0,0.3058510638,0.2978723404,0.9822793865,620000.0,599999.5,354.281967213
2025-10-01,Skamania,2025,10,Oct,9,53.0,6.0,19.0,5.9,37.0,0.3018867925,0.1111111111,0.9606451559,432000.0,512000.0,297.931034483
2025-10-01,Snohomish,2025,10,Oct,813,1775.0,842.0,810.0,2.2,28.0,0.4253521127,0.2472324723,0.994997944,735000.0,740000.0,408.884758364
2025-10-01,Spokane,2025,10,Oct,590,1991.0,640.0,610.0,3.4,36.0,0.3736815671,0.2813559322,0.9890139468,430000.0,422497.0,215.781718282
2025-10-01,Stevens,2025,10,Oct,47,251.0,54.0,55.0,5.3,81.0,0.3027888446,0.2127659574,0.9731687809,317500.0,432000.0,218.465045593
2025-10-01,Thurston,2025,10,Oct,326,820.0,346.0,353.0,2.5,42.0,0.3865853659,0.2423312883,0.9919438487,535000.0,550000.0,291.600620598
2025-10-01,Wahkiakum,2025,10,Oct,8,27.0,7.0,1.0,3.4,125.0,0.2592592593,0.375,1.050146036,334620.0,524900.0,208.193497475
2025-10-01,Walla Walla,2025,10,Oct,54,216.0,67.0,70.0,4.0,78.0,0.3333333333,0.1851851852,0.9602807834,460179.0,430000.0,238.847694514
2025-10-01,Whatcom,2025,10,Oct,225,769.0,262.0,240.0,3.4,37.0,0.288686606,0.3466666667,0.9846210751,629280.0,631500.0,353.991989319
2025-10-01,Whitman,2025,10,Oct,25,157.0,41.0,45.0,6.3,34.0,0.2356687898,0.12,0.9663935207,365000.0,379000.0,214.961306965
2025-10-01,Yakima,2025,10,Oct,202,569.0,199.0,194.0,2.8,47.0,0.2425307557,0.1732673267,0.9757016331,365000.0,375500.0,244.505895582
2025-11-01,Adams,2025,11,Nov,11,56.0,13.0,10.0,5.1,63.0,0.1071428571,0.2727272727,0.9984207449,379000.0,342000.0,166.666666667
2025-11-01,Asotin,2025,11,Nov,18,92.0,12.0,16.0,5.1,64.0,0.2391304348,0.1666666667,0.9630915316,360000.0,351250.0,205.597894883
2025-11-01,Benton,2025,11,Nov,164,980.0,213.0,278.0,6.0,71.0,0.187755102,0.1829268293,0.9969525463,431250.0,415990.0,245.844425464
2025-11-01,Chelan,2025,11,Nov,58,293.0,48.0,82.0,5.1,77.0,0.2013651877,0.224137931,0.9847923903,642500.0,604950.0,321.740511585
2025-11-01,Clallam,2025,11,Nov,73,237.0,57.0,89.0,3.2,31.0,0.253164557,0.2465753425,0.9843286622,476500.0,459000.0,322.972474467
2025-11-01,Clark,2025,11,Nov,436,1647.0,382.0,553.0,3.8,46.0,0.2544019429,0.2110091743,0.9931829579,574320.0,550000.0,297.205620914
2025-11-01,Columbia,2025,11,Nov,5,24.0,5.0,6.0,4.8,22.0,0.2083333333,0.0,0.9426687264,285000.0,369000.0,133.908306854
2025-11-01,Cowlitz,2025,11,Nov,82,338.0,86.0,124.0,4.1,41.0,0.3047337278,0.3414634146,0.9962182616,400000.0,423249.5,269.126733293
2025-11-01,Douglas,2025,11,Nov,35,120.0,27.0,34.0,3.4,25.0,0.2916666667,0.2,0.9673991445,504900.0,541900.0,290.12345679
2025-11-01,Ferry,2025,11,Nov,2,54.0,3.0,4.0,27.0,265.0,0.1111111111,0.0,0.9614033316,379750.0,210000.0,294.665436305
2025-11-01,Franklin,2025,11,Nov,63,281.0,69.0,94.0,4.5,66.0,0.1814946619,0.2698412698,0.9999250746,438400.0,419900.0,255.039402737
2025-11-01,Garfield,2025,11,Nov,2,8.0,1.0,1.0,4.0,2311.0,0.375,0.0,0.9455997524,213500.0,299900.0,125.842504199
2025-11-01,Grant,2025,11,Nov,67,368.0,90.0,86.0,5.5,72.0,0.152173913,0.1940298507,0.9727518915,369900.0,369949.5,230.490543735
2025-11-01,Grays Harbor,2025,11,Nov,78,532.0,98.0,93.0,6.8,75.0,0.2180451128,0.4102564103,0.9707024424,350370.0,345000.0,242.144219243
2025-11-01,Island,2025,11,Nov,83,275.0,53.0,69.0,3.3,43.0,0.1963636364,0.2891566265,0.9774130125,665000.0,610000.0,355.060943296
2025-11-01,Jefferson,2025,11,Nov,23,146.0,29.0,26.0,6.3,41.0,0.301369863,0.1304347826,0.9792045224,688000.0,579900.0,374.877810362
2025-11-01,King,2025,11,Nov,1654,4244.0,1267.0,1694.0,2.6,31.0,0.2669651272,0.1904474002,0.9879191641,839975.0,774950.0,491.210272861
2025-11-01,Kitsap,2025,11,Nov,249,558.0,222.0,289.0,2.2,40.0,0.2867383513,0.437751004,0.9919227707,598280.0,572157.5,304.87398374
2025-11-01,Kittitas,2025,11,Nov,58,291.0,53.0,61.0,5.0,58.0,0.1958762887,0.1896551724,0.9694156765,452450.0,479900.0,304.473902237
2025-11-01,Klickitat,2025,11,Nov,12,88.0,9.0,23.0,7.3,29.0,0.1477272727,0.0,0.9554302028,445000.0,505000.0,218.008673273
2025-11-01,Lewis,2025,11,Nov,65,289.0,62.0,87.0,4.4,78.0,0.3529411765,0.2615384615,0.978926412,475000.0,402500.0,265.972222222
2025-11-01,Lincoln,2025,11,Nov,11,75.0,4.0,11.0,6.8,51.0,0.2,0.0,0.9654229727,190000.0,190499.5,137.362637363
2025-11-01,Mason,2025,11,Nov,47,209.0,41.0,69.0,4.4,30.0,0.2679425837,0.170212766,0.9815423634,429000.0,479900.0,296.096904441
2025-11-01,Okanogan,2025,11,Nov,27,171.0,24.0,26.0,6.3,143.0,0.1520467836,0.03703703704,0.9237860435,380000.0,439499.5,195.775313223
2025-11-01,Pacific,2025,11,Nov,28,184.0,15.0,30.0,6.6,101.0,0.152173913,0.03571428571,0.9532640548,357500.0,420000.0,240.175871235
2025-11-01,Pend Oreille,2025,11,Nov,7,69.0,6.0,13.0,9.9,59.0,0.2753623188,0.0,0.951697829,430000.0,277400.0,248.986682108
2025-11-01,Pierce,2025,11,Nov,741,2141.0,628.0,865.0,2.9,41.0,0.31947688,0.2834008097,0.9958838858,575000.0,575000.0,307.044491525
2025-11-01,San Juan,2025,11,Nov,21,120.0,14.0,17.0,5.7,117.0,0.08333333333,0.09523809524,0.9295891812,1025000.0,1022500.0,625.0
2025-11-01,Skagit,2025,11,Nov,83,298.0,69.0,114.0,3.6,30.0,0.2818791946,0.2891566265,0.9915779081,615280.0,625000.0,325.761589404
2025-11-01,Skamania,2025,11,Nov,14,49.0,4.0,8.0,3.5,118.0,0.1632653061,0.2857142857,0.9662821638,598000.0,535000.0,296.607554312
2025-11-01,Snohomish,2025,11,Nov,650,1439.0,497.0,695.0,2.2,30.0,0.3134120917,0.2323076923,0.9922283093,725000.0,734950.0,399.03232978
2025-11-01,Spokane,2025,11,Nov,484,1753.0,411.0,480.0,3.6,44.0,0.2800912721,0.2479338843,0.9862280625,430000.0,430000.0,214.439079092
2025-11-01,Stevens,2025,11,Nov,37,201.0,21.0,34.0,5.4,77.0,0.1641791045,0.1891891892,0.9571578642,355000.0,479900.0,210.616063959
2025-11-01,Thurston,2025,11,Nov,243,720.0,208.0,262.0,3.0,44.0,0.2930555556,0.3004115226,0.992423147,530000.0,526450.0,286.403545
2025-11-01,Walla Walla,2025,11,Nov,59,200.0,37.0,45.0,3.4,67.0,0.245,0.2542372881,0.9692747262,385000.0,435000.0,227.333333333
2025-11-01,Whatcom,2025,11,Nov,183,643.0,152.0,209.0,3.5,37.0,0.200622084,0.3005464481,0.9803874016,630280.0,617450.0,352.372881356
2025-11-01,Whitman,2025,11,Nov,31,135.0,20.0,49.0,4.4,82.0,0.1925925926,0.1290322581,0.9714078627,399000.0,284450.0,219.298245614
2025-11-01,Yakima,2025,11,Nov,135,548.0,160.0,154.0,4.1,40.0,0.2062043796,0.2296296296,0.9768372108,370000.0,400000.0,224.733121402
2025-12-01,Adams,2025,12,Dec,10,54.0,9.0,6.0,5.4,19.0,0.1666666667,0.5,0.9881358726,360702.5,334900.0,255.228442913
2025-12-01,Asotin,2025,12,Dec,21,89.0,17.0,16.0,4.2,48.0,0.1685393258,0.09523809524,0.9534692603,344000.0,320000.0,176.452020202
2025-12-01,Benton,2025,12,Dec,217,860.0,160.0,255.0,4.0,68.0,0.1662790698,0.2211981567,0.9905607909,440000.0,429945.0,240.134803922
2025-12-01,Chelan,2025,12,Dec,71,213.0,37.0,45.0,3.0,74.0,0.1549295775,0.1549295775,0.9755784244,515000.0,530000.0,307.944732297
2025-12-01,Clallam,2025,12,Dec,86,194.0,40.0,64.0,2.3,55.0,0.2371134021,0.1744186047,0.9736069369,470000.0,544000.0,305.759803922
2025-12-01,Clark,2025,12,Dec,546,1419.0,325.0,430.0,2.6,60.0,0.1952078929,0.2582417582,0.9934245653,555000.0,550900.0,299.906933457
2025-12-01,Columbia,2025,12,Dec,8,25.0,4.0,4.0,3.1,99.0,0.12,0.125,0.9141542231,202500.0,252000.0,115.161025653
2025-12-01,Cowlitz,2025,12,Dec,115,303.0,62.0,81.0,2.6,60.0,0.1518151815,0.2956521739,0.9840429432,409000.0,449900.0,258.487809573
2025-12-01,Douglas,2025,12,Dec,36,103.0,17.0,24.0,2.9,62.0,0.1747572816,0.2222222222,0.9579663738,475875.0,599900.0,311.231963671
2025-12-01,Ferry,2025,12,Dec,5,50.0,6.0,5.0,10.0,160.0,0.02,0.0,0.8791234,235000.0,349450.0,210.0
2025-12-01,Franklin,2025,12,Dec,75,264.0,71.0,97.0,3.5,78.0,0.1515151515,0.2666666667,0.9946765549,425515.0,419000.0,248.819576939
2025-12-01,Grant,2025,12,Dec,84,344.0,64.0,58.0,4.1,90.0,0.1279069767,0.1785714286,0.9851283613,372495.0,354000.0,228.623740974
2025-12-01,Grays Harbor,2025,12,Dec,90,427.0,57.0,90.0,4.7,86.0,0.1709601874,0.3666666667,0.9758869147,382185.0,350000.0,221.939046611
2025-12-01,Island,2025,12,Dec,81,212.0,50.0,75.0,2.6,50.0,0.1650943396,0.2716049383,0.9818354596,550000.0,594312.5,347.440937782
2025-12-01,Jefferson,2025,12,Dec,38,113.0,17.0,31.0,3.0,104.0,0.203539823,0.1052631579,0.9744772056,644950.0,549999.0,328.04913748
2025-12-01,King,2025,12,Dec,1737,3198.0,787.0,1291.0,1.8,42.0,0.1932457786,0.1514104778,0.9837159586,829000.0,775000.0,487.948349079
2025-12-01,Kitsap,2025,12,Dec,281,476.0,172.0,233.0,1.7,34.0,0.2289915966,0.4483985765,0.9959501421,583115.0,569950.0,296.516551214
2025-12-01,Kittitas,2025,12,Dec,67,236.0,37.0,42.0,3.5,87.0,0.1186440678,0.1492537313,0.979157707,569900.0,519000.0,299.151888975
2025-12-01,Klickitat,2025,12,Dec,17,85.0,13.0,10.0,5.0,99.0,0.1647058824,0.0,0.9430550098,470000.0,335000.0,240.633074935
2025-12-01,Lewis,2025,12,Dec,101,250.0,52.0,63.0,2.5,64.0,0.196,0.2475247525,0.9897535905,440000.0,432500.0,272.277227723
2025-12-01,Lincoln,2025,12,Dec,5,58.0,3.0,6.0,11.6,98.0,0.1724137931,0.2,0.9756027388,250000.0,379000.0,181.139755767
2025-12-01,Mason,2025,12,Dec,69,170.0,34.0,45.0,2.5,80.0,0.2529411765,0.2028985507,0.9770486917,435000.0,469475.0,295.918367347
2025-12-01,Okanogan,2025,12,Dec,18,137.0,15.0,15.0,7.6,55.0,0.1240875912,0.1111111111,0.9588549507,312500.0,549900.0,209.890091487
2025-12-01,Pacific,2025,12,Dec,24,154.0,14.0,22.0,6.4,82.0,0.1623376623,0.08333333333,0.9606230263,372000.0,369700.0,278.752645877
2025-12-01,Pend Oreille,2025,12,Dec,12,49.0,3.0,10.0,4.1,87.0,0.1224489796,0.1666666667,0.9685023475,275100.0,875000.0,187.736742424
2025-12-01,Pierce,2025,12,Dec,822,1720.0,446.0,731.0,2.1,43.0,0.2395348837,0.302919708,0.9950304718,559500.0,582050.0,303.602159292
2025-12-01,San Juan,2025,12,Dec,20,86.0,4.0,10.0,4.3,83.0,0.06976744186,0.1,0.9601099472,912500.0,885000.0,502.032331938
2025-12-01,Skagit,2025,12,Dec,110,240.0,58.0,86.0,2.2,51.0,0.2291666667,0.3090909091,0.9859162186,574950.0,655000.0,350.894944498
2025-12-01,Skamania,2025,12,Dec,14,45.0,5.0,4.0,3.2,53.0,0.1111111111,0.2857142857,0.9933617931,502000.0,575000.0,313.766180328
2025-12-01,Snohomish,2025,12,Dec,712,1106.0,330.0,521.0,1.6,39.0,0.253164557,0.2078651685,0.9926587439,728791.0,677000.0,397.00892287
2025-12-01,Spokane,2025,12,Dec,487,1487.0,330.0,402.0,3.1,49.0,0.2373907196,0.2340862423,0.9856866249,414000.0,402925.0,210.027548209
2025-12-01,Stevens,2025,12,Dec,32,155.0,15.0,23.0,4.8,65.0,0.07741935484,0.15625,0.9809752779,385185.0,559000.0,195.343260957
2025-12-01,Thurston,2025,12,Dec,265,600.0,142.0,213.0,2.3,53.0,0.1833333333,0.2377358491,0.9902368063,524900.0,507475.0,289.17238422
2025-12-01,Wahkiakum,2025,12,Dec,2,21.0,,3.0,10.5,67.0,0.2380952381,0.5,0.9883971303,391185.0,,280.227102681
2025-12-01,Walla Walla,2025,12,Dec,37,180.0,42.0,45.0,4.9,50.0,0.1722222222,0.05405405405,0.9658099211,419900.0,414500.0,221.179624665
2025-12-01,Whatcom,2025,12,Dec,183,523.0,101.0,151.0,2.9,41.0,0.1491395793,0.3387978142,0.9812100452,620000.0,600000.0,358.795902285
2025-12-01,Whitman,2025,12,Dec,33,110.0,17.0,39.0,3.3,49.0,0.1272727273,0.09090909091,0.9755566483,383500.0,365000.0,188.049209139
2025-12-01,Yakima,2025,12,Dec,166,499.0,108.0,117.0,3.0,51.0,0.1803607214,0.1746987952,0.9780858573,381000.0,377450.0,233.372733347
2026-01-01,Adams,2026,1,Jan,9,48.0,9.0,13.0,5.3,139.0,0.2083333333,0.3333333333,1.005761134,330370.0,299900.0,205.761316872
2026-01-01,Asotin,2026,1,Jan,20,82.0,14.0,22.0,4.1,157.0,0.2073170732,0.1,0.9567339811,399450.0,385500.0,198.56011223
2026-01-01,Benton,2026,1,Jan,162,827.0,232.0,261.0,5.1,72.0,0.1825876663,0.2098765432,0.986460946,426000.0,459900.0,245.284965
2026-01-01,Chelan,2026,1,Jan,53,202.0,78.0,63.0,3.8,100.0,0.1287128713,0.2075471698,0.9770568882,522368.0,580745.0,300.266903915
2026-01-01,Clallam,2026,1,Jan,61,198.0,88.0,93.0,3.2,78.0,0.2373737374,0.04918032787,0.9587506837,505000.0,477475.0,292.64626043
2026-01-01,Clark,2026,1,Jan,364,1418.0,623.0,580.0,3.9,63.0,0.3102961918,0.2472527473,0.990153655,550000.0,569900.0,305.77798278
2026-01-01,Columbia,2026,1,Jan,4,21.0,7.0,8.0,5.3,100.0,0.1904761905,0.0,0.9140066905,240937.5,259000.0,198.447905588
2026-01-01,Cowlitz,2026,1,Jan,69,307.0,114.0,105.0,4.4,90.0,0.2605863192,0.2898550725,0.9945501419,399995.0,412450.0,276.025236593
2026-01-01,Douglas,2026,1,Jan,25,89.0,38.0,40.0,3.6,76.0,0.2247191011,0.04,0.943560932,514900.0,511800.0,327.254509018
2026-01-01,Ferry,2026,1,Jan,4,44.0,2.0,5.0,11.0,245.0,0.09090909091,0.0,0.9804121113,425000.0,537500.0,223.91330624
2026-01-01,Franklin,2026,1,Jan,51,272.0,76.0,75.0,5.3,67.0,0.1948529412,0.2156862745,0.9992012104,420000.0,436210.0,251.014957265
2026-01-01,Grant,2026,1,Jan,46,338.0,79.0,70.0,7.3,46.0,0.1982248521,0.1956521739,0.9869400427,345000.0,410800.0,236.302901051
2026-01-01,Grays Harbor,2026,1,Jan,69,395.0,111.0,104.0,5.7,105.0,0.2506329114,0.347826087,0.9664125988,345370.0,350000.0,226.228991597
2026-01-01,Island,2026,1,Jan,63,187.0,80.0,89.0,3.0,70.0,0.2352941176,0.4285714286,0.9865842554,595280.0,646450.0,335.83106267
2026-01-01,Jefferson,2026,1,Jan,26,108.0,31.0,31.0,4.2,62.0,0.3888888889,0.1538461538,0.9758453169,631000.0,575000.0,360.277329133
2026-01-01,King,2026,1,Jan,1171,3574.0,2224.0,1673.0,3.1,58.0,0.220761052,0.1391972673,0.982874084,799475.0,845000.0,488.809375028
2026-01-01,Kitsap,2026,1,Jan,188,423.0,222.0,275.0,2.3,36.0,0.3498817967,0.5,0.9922787477,537140.0,539000.0,302.455670908
2026-01-01,Kittitas,2026,1,Jan,35,225.0,56.0,44.0,6.4,117.0,0.2177777778,0.3142857143,0.9907963675,617752.0,707499.5,321.549534293
2026-01-01,Klickitat,2026,1,Jan,9,72.0,12.0,16.0,8.0,23.0,0.1805555556,0.0,0.9725940519,399000.0,372000.0,289.760348584
2026-01-01,Lewis,2026,1,Jan,51,246.0,68.0,60.0,4.8,75.0,0.2764227642,0.2941176471,0.9939438563,450000.0,499495.0,271.135752688
2026-01-01,Lincoln,2026,1,Jan,6,57.0,13.0,11.0,9.5,70.0,0.1578947368,0.0,0.9611315789,255000.0,400000.0,123.966942149
2026-01-01,Mason,2026,1,Jan,49,172.0,72.0,73.0,3.5,58.0,0.2790697674,0.1632653061,0.9745945192,500000.0,454950.0,296.875
2026-01-01,Okanogan,2026,1,Jan,15,132.0,19.0,15.0,8.8,95.0,0.1439393939,0.06666666667,0.9302582514,352265.0,349000.0,233.566900234
2026-01-01,Pacific,2026,1,Jan,22,152.0,34.0,28.0,6.9,124.0,0.2236842105,0.1818181818,0.9823604486,355000.0,297000.0,246.500355628
2026-01-01,Pend Oreille,2026,1,Jan,11,48.0,12.0,8.0,4.4,98.0,0.125,0.09090909091,0.9570863638,400000.0,447500.0,216.666666667
2026-01-01,Pierce,2026,1,Jan,612,1702.0,857.0,846.0,2.8,59.0,0.2931844888,0.2794117647,0.9955460855,550000.0,565000.0,309.789462168
2026-01-01,San Juan,2026,1,Jan,9,79.0,18.0,12.0,8.8,146.0,0.1518987342,0.0,0.949557539,969000.0,1061886.5,619.169329073
2026-01-01,Skagit,2026,1,Jan,82,236.0,113.0,115.0,2.9,72.0,0.2584745763,0.3048780488,0.9777966499,665000.0,625000.0,328.406578576
2026-01-01,Skamania,2026,1,Jan,3,36.0,6.0,9.0,12.0,137.0,0.3055555556,0.0,0.9654578659,599000.0,447000.0,311.979166667
2026-01-01,Snohomish,2026,1,Jan,432,1176.0,770.0,657.0,2.7,52.0,0.2508503401,0.2152777778,0.9920220546,687750.0,755000.0,392.588698853
2026-01-01,Spokane,2026,1,Jan,359,1437.0,551.0,502.0,4.0,56.0,0.2491301322,0.2841225627,0.9910986224,415000.0,427995.0,206.877426511
2026-01-01,Stevens,2026,1,Jan,25,162.0,38.0,30.0,6.5,140.0,0.0987654321,0.12,0.9503867195,408000.0,442500.0,219.992779239
2026-01-01,Thurston,2026,1,Jan,174,601.0,306.0,291.0,3.5,61.0,0.2878535774,0.2356321839,0.9880465151,505000.0,539925.0,284.578696343
2026-01-01,Wahkiakum,2026,1,Jan,3,18.0,2.0,2.0,6.0,73.0,0.2777777778,0.3333333333,0.9712357507,600326.0,570000.0,335.003348214
2026-01-01,Walla Walla,2026,1,Jan,25,166.0,52.0,60.0,6.6,108.0,0.2469879518,0.12,0.9601786558,435000.0,457500.0,220.588235294
2026-01-01,Whatcom,2026,1,Jan,146,502.0,202.0,195.0,3.4,60.0,0.1832669323,0.3493150685,0.9885816007,623780.0,622450.0,339.322001963
2026-01-01,Whitman,2026,1,Jan,22,112.0,51.0,49.0,5.1,76.0,0.2053571429,0.09090909091,0.9784405851,422000.0,438000.0,190.108906135
2026-01-01,Yakima,2026,1,Jan,101,466.0,122.0,125.0,4.6,60.0,0.2038626609,0.2277227723,0.9996148241,372850.0,399450.0,228.634957463
2026-02-01,Adams,2026,2,Feb,12,48.0,9.0,6.0,4.0,32.0,0.1666666667,0.3333333333,0.9991584401,352500.0,359900.0,232.915336782
2026-02-01,Asotin,2026,2,Feb,17,88.0,28.0,19.0,5.2,133.0,0.1704545455,0.05882352941,0.9845531842,345000.0,374950.0,217.154255319
2026-02-01,Benton,2026,2,Feb,203,841.0,273.0,283.0,4.1,96.0,0.1914387634,0.1674876847,0.9885112011,468364.0,444900.0,247.87363305
2026-02-01,Chelan,2026,2,Feb,43,221.0,91.0,67.0,5.1,47.0,0.1990950226,0.1395348837,0.9769379238,545000.0,699900.0,303.571428571
2026-02-01,Clallam,2026,2,Feb,61,203.0,88.0,89.0,3.3,33.0,0.2709359606,0.2459016393,0.9834317292,479950.0,499000.0,308.003597122
2026-02-01,Clark,2026,2,Feb,481,1456.0,617.0,563.0,3.0,58.0,0.2726648352,0.2723492723,0.9962473717,549000.0,565000.0,301.509246719
2026-02-01,Columbia,2026,2,Feb,5,20.0,2.0,2.0,4.0,24.0,0.3,0.0,0.9412463748,259000.0,529500.0,200.1953125
2026-02-01,Cowlitz,2026,2,Feb,82,276.0,104.0,135.0,3.4,41.0,0.3079710145,0.3292682927,0.9929052103,430000.0,430000.0,271.489971347
2026-02-01,Douglas,2026,2,Feb,31,92.0,43.0,35.0,3.0,54.0,0.1413043478,0.1290322581,0.942915211,475000.0,565000.0,293.029392118
2026-02-01,Ferry,2026,2,Feb,4,43.0,7.0,4.0,10.8,106.0,0.1395348837,0.0,0.9076346811,235000.0,410000.0,214.310515873
2026-02-01,Franklin,2026,2,Feb,67,275.0,88.0,99.0,4.1,91.0,0.1854545455,0.1940298507,0.980517211,430000.0,450000.0,251.939511654
2026-02-01,Garfield,2026,2,Feb,1,10.0,,,10.0,67.0,0.5,0.0,1.0,299900.0,,156.197916667
2026-02-01,Grant,2026,2,Feb,49,325.0,82.0,77.0,6.6,70.0,0.1969230769,0.1632653061,0.967620882,355850.0,377000.0,221.870047544
2026-02-01,Grays Harbor,2026,2,Feb,70,421.0,129.0,97.0,6.0,106.0,0.2114014252,0.3714285714,0.9593035096,317635.0,385000.0,251.292876902
2026-02-01,Island,2026,2,Feb,76,176.0,86.0,90.0,2.3,37.0,0.2272727273,0.4736842105,0.9912229229,591768.0,657500.0,340.847129969
2026-02-01,Jefferson,2026,2,Feb,31,121.0,44.0,39.0,3.9,127.0,0.2231404959,0.1935483871,0.9754070189,524000.0,555000.0,305.611222445
2026-02-01,King,2026,2,Feb,1524,4193.0,2618.0,1871.0,2.8,24.0,0.2325304078,0.2381889764,0.9968055031,850000.0,850000.0,501.747333713
2026-02-01,Kitsap,2026,2,Feb,226,449.0,303.0,292.0,2.0,42.0,0.2538975501,0.4557522124,0.9950267959,564530.0,598888.0,308.51993488
2026-02-01,Kittitas,2026,2,Feb,44,231.0,70.0,54.0,5.3,89.0,0.1645021645,0.2272727273,0.9787487273,644950.0,564450.0,321.706540729
2026-02-01,Klickitat,2026,2,Feb,14,67.0,13.0,17.0,4.8,186.0,0.1492537313,0.1428571429,0.9813503428,317500.0,600000.0,207.171240663
2026-02-01,Lewis,2026,2,Feb,44,262.0,87.0,72.0,6.0,116.0,0.2709923664,0.25,0.9817039017,427000.0,467900.0,283.426229508
2026-02-01,Lincoln,2026,2,Feb,3,58.0,16.0,12.0,19.3,323.0,0.1896551724,0.3333333333,1.002027514,345000.0,307500.0,198.389879241
2026-02-01,Mason,2026,2,Feb,35,185.0,69.0,47.0,5.3,70.0,0.1891891892,0.2,0.9609398501,439999.0,479950.0,290.322580645
2026-02-01,Okanogan,2026,2,Feb,12,139.0,29.0,20.0,11.6,74.0,0.1007194245,0.25,0.9642614099,364500.0,369800.0,205.853174603
2026-02-01,Pacific,2026,2,Feb,18,159.0,39.0,27.0,8.8,90.0,0.1320754717,0.1666666667,0.9767085264,374305.0,380000.0,289.256628788
2026-02-01,Pend Oreille,2026,2,Feb,9,54.0,16.0,4.0,6.0,245.0,0.2592592593,0.1111111111,0.9832193448,460000.0,364750.0,224.755700326
2026-02-01,Pierce,2026,2,Feb,701,1721.0,937.0,951.0,2.5,56.0,0.2585705985,0.3195435093,0.9990792434,590000.0,599950.0,304.822616408
2026-02-01,San Juan,2026,2,Feb,7,79.0,19.0,16.0,11.3,210.0,0.06329113924,0.0,0.9680921743,745000.0,1550000.0,687.134502924
2026-02-01,Skagit,2026,2,Feb,104,252.0,121.0,107.0,2.4,39.0,0.1706349206,0.3942307692,0.984327134,575140.0,600000.0,361.049307281
2026-02-01,Skamania,2026,2,Feb,4,36.0,7.0,6.0,9.0,105.0,0.1944444444,0.0,0.9737530487,877499.0,650000.0,362.347880136
2026-02-01,Snohomish,2026,2,Feb,613,1307.0,880.0,742.0,2.1,34.0,0.2348890589,0.3001631321,0.9999901933,724995.0,750000.0,403.413498836
2026-02-01,Spokane,2026,2,Feb,463,1438.0,575.0,513.0,3.1,69.0,0.2315716273,0.282937365,0.9883930103,411500.0,449950.0,209.677419355
2026-02-01,Stevens,2026,2,Feb,28,156.0,37.0,35.0,5.6,115.0,0.1282051282,0.1428571429,0.9438194296,445000.0,460000.0,205.41958042
2026-02-01,Thurston,2026,2,Feb,235,592.0,298.0,321.0,2.5,53.0,0.2989864865,0.2893617021,0.9943602319,524990.0,559999.5,291.310661269
2026-02-01,Wahkiakum,2026,2,Feb,2,23.0,10.0,4.0,11.5,390.0,0.1739130435,0.5,1.000545723,469685.0,604950.0,347.234815415
2026-02-01,Walla Walla,2026,2,Feb,47,183.0,60.0,39.0,3.9,74.0,0.1803278689,0.1276595745,0.9736772327,415000.0,535995.0,266.535044423
2026-02-01,Whatcom,2026,2,Feb,167,560.0,231.0,171.0,3.4,69.0,0.1732142857,0.3353293413,0.987464045,625000.0,645000.0,362.852666667
2026-02-01,Whitman,2026,2,Feb,23,118.0,52.0,55.0,5.1,38.0,0.1271186441,0.08695652174,0.9765208406,385000.0,359000.0,178.179824561
2026-02-01,Yakima,2026,2,Feb,108,486.0,175.0,150.0,4.5,61.0,0.2325102881,0.1666666667,0.9862849039,362000.0,379000.0,235.003971867
2026-03-01,Adams,2026,3,Mar,4,56.0,14.0,6.0,14.0,78.0,0.1964285714,0.25,0.9928906603,325000.0,264997.5,210.890376984
2026-03-01,Asotin,2026,3,Mar,14,79.0,28.0,35.0,5.6,144.0,0.3291139241,0.2142857143,0.983266173,344500.0,387400.0,202.247191011
2026-03-01,Benton,2026,3,Mar,214,847.0,339.0,357.0,4.0,65.0,0.227863046,0.2242990654,0.9874169254,457536.5,458000.0,246.351716086
2026-03-01,Chelan,2026,3,Mar,57,318.0,178.0,78.0,5.6,30.0,0.1761006289,0.2807017544,0.9891753283,590000.0,699000.0,303.892215569
2026-03-01,Clallam,2026,3,Mar,84,239.0,133.0,94.0,2.8,73.0,0.2970711297,0.09523809524,0.9905918373,534475.0,549950.0,319.883108483
2026-03-01,Clark,2026,3,Mar,542,1504.0,750.0,706.0,2.8,33.0,0.3317819149,0.2822878229,0.9955994853,561500.0,577747.5,299.608551641
2026-03-01,Columbia,2026,3,Mar,2,21.0,6.0,5.0,10.5,70.0,0.1428571429,0.0,0.8713690773,233875.0,322450.0,134.240399276
2026-03-01,Cowlitz,2026,3,Mar,125,289.0,143.0,150.0,2.3,42.0,0.3044982699,0.288,0.9938189761,429000.0,447000.0,269.662921348
2026-03-01,Douglas,2026,3,Mar,45,112.0,73.0,54.0,2.5,25.0,0.2321428571,0.3111111111,0.9884982193,510000.0,635000.0,277.694982613
2026-03-01,Ferry,2026,3,Mar,5,49.0,17.0,6.0,9.8,152.0,0.1836734694,0.0,0.8519946228,110000.0,524900.0,163.69047619
2026-03-01,Franklin,2026,3,Mar,74,293.0,119.0,104.0,4.0,82.0,0.2491467577,0.2027027027,0.9911442971,420000.0,429995.0,268.518343231
2026-03-01,Grant,2026,3,Mar,91,367.0,158.0,100.0,4.0,84.0,0.272479564,0.2747252747,0.9888264762,383161.0,395000.0,226.358148893
2026-03-01,Grays Harbor,2026,3,Mar,92,499.0,189.0,113.0,5.4,70.0,0.2104208417,0.347826087,0.9738283716,332870.0,409000.0,231.324147018
2026-03-01,Island,2026,3,Mar,87,235.0,160.0,107.0,2.7,27.0,0.2212765957,0.3333333333,0.9872873238,625280.0,704475.0,328.78714077
2026-03-01,Jefferson,2026,3,Mar,29,145.0,77.0,56.0,5.0,24.0,0.2551724138,0.1379310345,0.9912609937,569900.0,649000.0,417.471042471
2026-03-01,King,2026,3,Mar,2044,4677.0,3181.0,2449.0,2.3,12.0,0.3044686765,0.3018590998,1.002189966,880000.0,899000.0,510.453088578
2026-03-01,Kitsap,2026,3,Mar,286,436.0,356.0,383.0,1.5,23.0,0.3096330275,0.548951049,1.000183254,575280.0,618400.0,298.800945744
2026-03-01,Kittitas,2026,3,Mar,52,260.0,109.0,61.0,5.0,67.0,0.2615384615,0.1346153846,0.9913882076,567085.0,629900.0,309.532438706
2026-03-01,Klickitat,2026,3,Mar,18,67.0,26.0,24.0,3.7,57.0,0.2089552239,0.2777777778,0.9643171869,410975.0,609950.0,293.59115347
2026-03-01,Lewis,2026,3,Mar,57,269.0,104.0,96.0,4.7,98.0,0.2862453532,0.2105263158,0.9736172303,439900.0,487000.0,252.200504414
2026-03-01,Lincoln,2026,3,Mar,16,73.0,27.0,11.0,4.6,109.0,0.1917808219,0.0625,0.9759100174,365000.0,295000.0,165.049722287
2026-03-01,Mason,2026,3,Mar,56,217.0,111.0,75.0,3.9,26.0,0.2718894009,0.2321428571,0.9740682927,449500.0,499000.0,293.366319444
2026-03-01,Okanogan,2026,3,Mar,19,174.0,66.0,24.0,9.2,133.0,0.1724137931,0.05263157895,0.9124937063,400250.0,482450.0,216.262975779
2026-03-01,Pacific,2026,3,Mar,29,182.0,71.0,44.0,6.3,120.0,0.2472527473,0.1034482759,0.9435820925,295000.0,399000.0,255.503144654
2026-03-01,Pend Oreille,2026,3,Mar,2,67.0,22.0,10.0,33.5,3.0,0.223880597,0.0,0.9396153846,170000.0,576325.0,118.883344182
2026-03-01,Pierce,2026,3,Mar,894,1832.0,1222.0,1164.0,2.0,19.0,0.3220524017,0.3814317673,1.002498175,563659.0,609000.0,313.981042654
2026-03-01,San Juan,2026,3,Mar,17,111.0,51.0,14.0,6.5,66.0,0.1171171171,0.05882352941,0.9451429914,1150000.0,1150000.0,534.138411519
2026-03-01,Skagit,2026,3,Mar,98,298.0,169.0,116.0,3.0,32.0,0.2483221477,0.3979591837,0.9894427166,604640.0,685000.0,339.435905531
2026-03-01,Skamania,2026,3,Mar,9,43.0,14.0,3.0,4.8,94.0,0.1627906977,0.0,0.9719666278,619000.0,532500.0,341.145833333
2026-03-01,Snohomish,2026,3,Mar,798,1512.0,1146.0,924.0,1.9,14.0,0.3220899471,0.3070175439,0.9987679945,749475.0,749435.0,407.770690268
2026-03-01,Spokane,2026,3,Mar,560,1552.0,865.0,755.0,2.8,56.0,0.2925257732,0.2678571429,0.9904378669,420000.0,450000.0,218.227379302
2026-03-01,Stevens,2026,3,Mar,33,194.0,84.0,41.0,5.9,137.0,0.1701030928,0.303030303,0.9734699392,335000.0,499250.0,204.66954023
2026-03-01,Thurston,2026,3,Mar,304,617.0,398.0,383.0,2.0,36.0,0.244732577,0.2598684211,0.9971022992,545950.0,559450.0,281.584460992
2026-03-01,Wahkiakum,2026,3,Mar,2,26.0,10.0,3.0,13.0,184.0,0.3461538462,0.5,0.9573646957,512848.0,560000.0,262.93315917
2026-03-01,Walla Walla,2026,3,Mar,50,200.0,88.0,63.0,4.0,92.0,0.285,0.14,0.9846493247,410000.0,525000.0,260.177514793
2026-03-01,Whatcom,2026,3,Mar,181,617.0,348.0,283.0,3.4,31.0,0.2139384117,0.4475138122,0.9937747133,660000.0,649000.0,380.437190324
2026-03-01,Whitman,2026,3,Mar,37,123.0,62.0,79.0,3.3,33.0,0.243902439,0.1621621622,0.9870189295,379000.0,399450.0,220.492214967
2026-03-01,Yakima,2026,3,Mar,132,474.0,214.0,223.0,3.6,54.0,0.2742616034,0.196969697,0.9835504805,388987.5,399000.0,236.840317101
2026-04-01,Adams,2026,4,Apr,6,51.0,9.0,9.0,8.5,153.0,0.3137254902,0.0,0.9644335975,324950.0,299000.0,225.564729229
2026-04-01,Asotin,2026,4,Apr,32,85.0,37.0,29.0,2.7,37.0,0.3529411765,0.09375,0.9828142741,342500.0,375000.0,203.187327365
2026-04-01,Benton,2026,4,Apr,242,864.0,362.0,378.0,3.6,56.0,0.2627314815,0.2190082645,0.9923937577,460000.0,450000.0,249.567345578
2026-04-01,Chelan,2026,4,Apr,67,414.0,210.0,103.0,6.2,17.0,0.2512077295,0.1492537313,0.9836859852,560000.0,744950.0,314.196428571
2026-04-01,Clallam,2026,4,Apr,61,272.0,141.0,113.0,4.5,23.0,0.3272058824,0.262295082,0.9864799906,511250.0,529000.0,282.401462978
2026-04-01,Clark,2026,4,Apr,579,1683.0,892.0,706.0,2.9,30.0,0.330362448,0.2936096718,0.9974187562,550000.0,575000.0,298.576022049
2026-04-01,Columbia,2026,4,Apr,4,22.0,9.0,10.0,5.5,197.0,0.2727272727,0.25,0.9422980243,300000.0,449000.0,112.715019255
2026-04-01,Cowlitz,2026,4,Apr,105,338.0,193.0,145.0,3.2,22.0,0.3195266272,0.3714285714,0.9968428867,414000.0,440000.0,254.302597532
2026-04-01,Douglas,2026,4,Apr,44,123.0,74.0,59.0,2.8,26.0,0.2195121951,0.2045454545,0.9756300751,515000.0,549950.0,300.529153869
2026-04-01,Ferry,2026,4,Apr,9,57.0,18.0,13.0,6.3,149.0,0.3157894737,0.0,0.9246128609,269000.0,437500.0,219.104665826
2026-04-01,Franklin,2026,4,Apr,84,310.0,141.0,117.0,3.7,58.0,0.2903225806,0.1547619048,0.9927841198,460500.0,424995.0,257.986459743
2026-04-01,Grant,2026,4,Apr,76,391.0,121.0,89.0,5.1,61.0,0.2276214834,0.2236842105,0.9936238482,377500.0,450000.0,232.538616589
2026-04-01,Grays Harbor,2026,4,Apr,92,580.0,211.0,115.0,6.3,55.0,0.2396551724,0.2173913043,0.9727305392,345000.0,419000.0,225.911619283
2026-04-01,Island,2026,4,Apr,106,306.0,217.0,148.0,2.9,17.0,0.2549019608,0.4150943396,0.9908212875,623890.0,725000.0,353.892979833
2026-04-01,Jefferson,2026,4,Apr,44,167.0,69.0,51.0,3.8,28.0,0.2754491018,0.2045454545,0.9948149273,594140.0,675000.0,354.381859672
2026-04-01,King,2026,4,Apr,2189,5643.0,3733.0,2389.0,2.6,12.0,0.3113592061,0.2814070352,1.001187081,859000.0,899950.0,512.105263158
2026-04-01,Kitsap,2026,4,Apr,313,574.0,533.0,410.0,1.8,13.0,0.318815331,0.5559105431,1.001478707,592470.0,619760.0,314.912510939
2026-04-01,Kittitas,2026,4,Apr,62,348.0,175.0,73.0,5.6,22.0,0.2298850575,0.3387096774,1.00802844,497000.0,699000.0,291.14298942
2026-04-01,Klickitat,2026,4,Apr,14,83.0,42.0,25.0,5.9,125.0,0.1927710843,0.1428571429,0.9259246228,442500.0,598750.0,312.837325873
2026-04-01,Lewis,2026,4,Apr,90,328.0,161.0,108.0,3.6,61.0,0.262195122,0.2,0.9848080169,461995.0,459999.0,277.283281734
2026-04-01,Lincoln,2026,4,Apr,11,87.0,28.0,11.0,7.9,87.0,0.1954022989,0.09090909091,0.9410071161,300000.0,556150.0,221.766181203
2026-04-01,Mason,2026,4,Apr,63,241.0,116.0,88.0,3.8,27.0,0.3029045643,0.2698412698,0.992493832,455000.0,499999.0,299.818264425
2026-04-01,Okanogan,2026,4,Apr,15,218.0,84.0,28.0,14.5,41.0,0.1605504587,0.06666666667,0.9368468068,355000.0,529450.0,200.0
2026-04-01,Pacific,2026,4,Apr,29,218.0,75.0,35.0,7.5,48.0,0.1880733945,0.1034482759,0.9510885076,430000.0,389000.0,285.359801489
2026-04-01,Pend Oreille,2026,4,Apr,14,85.0,35.0,13.0,6.1,109.0,0.2588235294,0.07142857143,0.9656278798,355000.0,495000.0,225.537261488
2026-04-01,Pierce,2026,4,Apr,935,2225.0,1562.0,1185.0,2.4,16.0,0.3397752809,0.4203208556,1.003403758,600000.0,600000.0,312.477678571
2026-04-01,San Juan,2026,4,Apr,14,147.0,58.0,18.0,10.5,50.0,0.1088435374,0.0,0.971214155,1242500.0,1224500.0,624.488420786
2026-04-01,Skagit,2026,4,Apr,116,364.0,244.0,177.0,3.1,19.0,0.3076923077,0.4137931034,0.9923141786,588090.0,599925.0,359.612423968
2026-04-01,Skamania,2026,4,Apr,6,60.0,28.0,8.0,10.0,120.0,0.3166666667,0.0,0.9761687923,325000.0,670000.0,210.028483977
2026-04-01,Snohomish,2026,4,Apr,720,1864.0,1337.0,929.0,2.6,11.0,0.3615879828,0.3527777778,1.003600788,750000.0,775000.0,407.980864368
2026-04-01,Spokane,2026,4,Apr,635,1692.0,961.0,740.0,2.7,30.0,0.3327423168,0.3196850394,0.9946935817,425000.0,475000.0,222.222222222
2026-04-01,Stevens,2026,4,Apr,29,263.0,117.0,45.0,9.1,45.0,0.2243346008,0.1379310345,0.9594450552,467450.0,500000.0,223.004694836
2026-04-01,Thurston,2026,4,Apr,305,782.0,558.0,398.0,2.6,21.0,0.3145780051,0.3573770492,1.00061764,555000.0,559974.5,300.05608525
2026-04-01,Wahkiakum,2026,4,Apr,3,30.0,8.0,2.0,10.0,21.0,0.2666666667,0.6666666667,0.9907710017,330270.0,627499.5,258.924466338
2026-04-01,Walla Walla,2026,4,Apr,56,245.0,111.0,64.0,4.4,87.0,0.2530612245,0.3035714286,0.9821229289,497500.0,510000.0,245.342315244
2026-04-01,Whatcom,2026,4,Apr,219,733.0,440.0,301.0,3.3,18.0,0.2469304229,0.4429223744,0.9914095601,610280.0,659000.0,359.266435986
2026-04-01,Whitman,2026,4,Apr,45,140.0,70.0,87.0,3.1,23.0,0.2642857143,0.1333333333,0.9946478239,380000.0,434500.0,210.555555556
2026-04-01,Yakima,2026,4,Apr,181,521.0,245.0,193.0,2.9,61.0,0.3071017274,0.2651933702,0.9845561056,401850.0,415000.0,232.997481108
2026-05-01,Adams,2026,5,May,7,51.0,12.0,7.0,7.3,94.0,0.09803921569,0.2857142857,0.9966643125,290000.0,327450.0,213.35862069
2026-05-01,Asotin,2026,5,May,25,85.0,33.0,27.0,3.4,25.0,0.4117647059,0.24,0.9850540913,320000.0,394500.0,212.536023055
2026-05-01,Benton,2026,5,May,264,809.0,314.0,379.0,3.1,46.0,0.3411619283,0.2310606061,0.9936193081,450100.0,455000.0,251.804302302
2026-05-01,Chelan,2026,5,May,88,463.0,195.0,121.0,5.3,22.0,0.3045356371,0.25,0.9808806382,573250.0,699000.0,314.661654135
2026-05-01,Clallam,2026,5,May,96,302.0,161.0,106.0,3.1,31.0,0.3774834437,0.1875,0.9803108222,479950.0,575000.0,306.37254902
2026-05-01,Clark,2026,5,May,577,1736.0,874.0,724.0,3.0,30.0,0.3554147465,0.3188908146,0.9989214451,579900.0,599995.0,303.419829957
2026-05-01,Columbia,2026,5,May,6,24.0,10.0,5.0,4.0,27.0,0.375,0.1666666667,0.9664598845,434500.0,385499.5,190.164450967
2026-05-01,Cowlitz,2026,5,May,123,337.0,206.0,196.0,2.7,18.0,0.3204747774,0.3089430894,1.001160142,420500.0,495000.0,276.47735777
2026-05-01,Douglas,2026,5,May,43,143.0,77.0,49.0,3.3,22.0,0.3006993007,0.2558139535,0.9716627461,495000.0,619000.0,295.420974889
2026-05-01,Ferry,2026,5,May,5,70.0,18.0,10.0,14.0,24.0,0.2,0.0,0.9624401382,386000.0,262250.0,192.708333333
2026-05-01,Franklin,2026,5,May,92,274.0,102.0,122.0,3.0,47.0,0.3394160584,0.1739130435,0.9967190034,437450.0,444922.5,263.819751721
2026-05-01,Garfield,2026,5,May,3,14.0,3.0,5.0,4.7,14.0,0.07142857143,0.3333333333,0.9729952175,425800.0,270000.0,189.681335357
2026-05-01,Grant,2026,5,May,70,431.0,164.0,104.0,6.2,60.0,0.2737819026,0.1714285714,0.9931163422,369495.0,419900.0,233.902071024
2026-05-01,Grays Harbor,2026,5,May,95,635.0,206.0,114.0,6.7,26.0,0.3023622047,0.2210526316,0.9886597835,369900.0,375000.0,244.408945687
2026-05-01,Island,2026,5,May,105,341.0,199.0,139.0,3.2,18.0,0.3079178886,0.3238095238,0.9923886278,659080.0,725000.0,360.78098472
2026-05-01,Jefferson,2026,5,May,48,188.0,78.0,52.0,3.9,23.0,0.2446808511,0.125,0.9795107363,585000.0,757500.0,308.999662618
2026-05-01,King,2026,5,May,2134,5982.0,3562.0,2277.0,2.8,12.0,0.3393513875,0.2792877226,0.999939395,894000.0,920000.0,520.408163265
2026-05-01,Kitsap,2026,5,May,343,635.0,490.0,413.0,1.9,10.0,0.3637795276,0.4956268222,1.001237634,600058.0,632500.0,326.516971279
2026-05-01,Kittitas,2026,5,May,69,395.0,162.0,88.0,5.7,21.0,0.2253164557,0.115942029,0.9886119349,479000.0,640500.0,315.020193861
2026-05-01,Klickitat,2026,5,May,21,91.0,44.0,37.0,4.3,30.0,0.3076923077,0.09523809524,0.9739259867,489000.0,667450.0,332.207207207
2026-05-01,Lewis,2026,5,May,88,360.0,151.0,108.0,4.1,37.0,0.2972222222,0.2613636364,0.9975737786,473000.0,525000.0,260.702838828
2026-05-01,Lincoln,2026,5,May,2,95.0,28.0,13.0,47.5,6.0,0.2315789474,0.0,1.0,527000.0,329950.0,160.070688616
2026-05-01,Mason,2026,5,May,64,300.0,156.0,86.0,4.7,24.0,0.3333333333,0.28125,0.9913891617,487250.0,504999.5,299.442366306
2026-05-01,Okanogan,2026,5,May,27,265.0,97.0,39.0,9.8,76.0,0.2075471698,0.1481481481,0.9617130693,340000.0,499150.0,222.80785817
2026-05-01,Pacific,2026,5,May,31,254.0,84.0,39.0,8.2,70.0,0.2362204724,0.1290322581,0.9717725086,391900.0,425000.0,294.540229885
2026-05-01,Pend Oreille,2026,5,May,8,97.0,42.0,22.0,12.1,23.0,0.2577319588,0.125,0.990648802,467500.0,555400.0,270.150396008
2026-05-01,Pierce,2026,5,May,967,2497.0,1604.0,1219.0,2.6,13.0,0.3788546256,0.3836608066,1.0039894,585000.0,624500.0,317.761299435
2026-05-01,San Juan,2026,5,May,9,172.0,62.0,24.0,19.1,19.0,0.1802325581,0.1111111111,0.9794998865,1205000.0,1562000.0,553.191489362
2026-05-01,Skagit,2026,5,May,114,397.0,214.0,172.0,3.5,14.0,0.3123425693,0.3333333333,0.9961271152,610140.0,692460.5,352.308885739
2026-05-01,Skamania,2026,5,May,6,61.0,18.0,17.0,10.2,62.0,0.4098360656,0.0,0.9479621222,685000.0,789950.0,312.465485317
2026-05-01,Snohomish,2026,5,May,859,2027.0,1352.0,991.0,2.4,13.0,0.3892451899,0.3119906868,0.9997516488,760000.0,775000.0,403.634826712
2026-05-01,Spokane,2026,5,May,615,1756.0,995.0,716.0,2.9,19.0,0.3843963554,0.3138211382,0.9987196414,447500.0,454999.0,219.740566038
2026-05-01,Stevens,2026,5,May,29,299.0,111.0,68.0,10.3,45.0,0.2775919732,0.2068965517,0.9886605911,435000.0,519000.0,235.288961039
2026-05-01,Thurston,2026,5,May,329,911.0,564.0,403.0,2.8,13.0,0.358946213,0.3373860182,1.002600135,535000.0,569000.0,296.537499239
2026-05-01,Wahkiakum,2026,5,May,3,35.0,10.0,5.0,11.7,157.0,0.2,0.0,0.9719266576,452000.0,510000.0,325.661680092
2026-05-01,Walla Walla,2026,5,May,56,272.0,106.0,70.0,4.9,43.0,0.3713235294,0.1964285714,0.9716181488,462875.0,574995.0,269.033788303
2026-05-01,Whatcom,2026,5,May,271,778.0,439.0,341.0,2.9,17.0,0.2789203085,0.4464944649,0.9966642222,649000.0,674999.0,387.384412153
2026-05-01,Whitman,2026,5,May,48,135.0,55.0,74.0,2.8,19.0,0.4,0.3125,0.9894441154,408250.0,409000.0,206.770524884
2026-05-01,Yakima,2026,5,May,144,570.0,260.0,184.0,4.0,24.0,0.2736842105,0.3194444444,0.9976030048,385800.0,402500.0,231.181580376
